"Lung"	"Skeletal muscle"	"value"
"330"	"non.classical.monocyte"	"macrophage"	0.222222222222222
"129"	"endothelial.cell.of.artery"	"endothelial.cell.of.artery"	0.212655601659751
"11"	"capillary.endothelial.cell"	"capillary.endothelial.cell"	0.206627680311891
"210"	"lung.microvascular.endothelial.cell"	"endothelial.cell.of.vascular.tree"	0.201754385964912
"616"	"bronchial.smooth.muscle.cell"	"smooth.muscle.cell"	0.200361010830325
"405"	"nk.cell"	"mature.nk.t.cell"	0.184691358024691
"687"	"adventitial.cell"	"tendon.cell"	0.17964824120603
"228"	"vein.endothelial.cell"	"endothelial.cell.of.vascular.tree"	0.177554438860972
"421"	"adventitial.cell"	"mesenchymal.stem.cell"	0.173690932311622
"322"	"intermediate.monocyte"	"macrophage"	0.166385135135135
"10"	"capillary.aerocyte"	"capillary.endothelial.cell"	0.164662349676226
"328"	"neutrophil"	"macrophage"	0.163626312880044
"349"	"basophil"	"mast.cell"	0.163502109704641
"422"	"alveolar.fibroblast"	"mesenchymal.stem.cell"	0.163341645885287
"316"	"classical.monocyte"	"macrophage"	0.160958904109589
"478"	"mesothelial.cell"	"mesothelial.cell"	0.157293497363796
"40"	"cd4.positive..alpha.beta.t.cell"	"cd4.positive..alpha.beta.t.cell"	0.152610441767068
"168"	"endothelial.cell.of.lymphatic.vessel"	"endothelial.cell.of.lymphatic.vessel"	0.147420147420147
"15"	"endothelial.cell.of.artery"	"capillary.endothelial.cell"	0.14431934493347
"688"	"alveolar.fibroblast"	"tendon.cell"	0.141317365269461
"648"	"cd4.positive..alpha.beta.t.cell"	"t.cell"	0.140722291407223
"381"	"cd8.positive..alpha.beta.t.cell"	"mature.nk.t.cell"	0.135220125786164
"531"	"vascular.associated.smooth.muscle.cell"	"pericyte.cell"	0.132420091324201
"647"	"cd8.positive..alpha.beta.t.cell"	"t.cell"	0.12906610703043
"645"	"vascular.associated.smooth.muscle.cell"	"smooth.muscle.cell"	0.128205128205128
"325"	"macrophage"	"macrophage"	0.121654501216545
"521"	"pericyte.cell"	"pericyte.cell"	0.116809116809117
"78"	"cd4.positive..alpha.beta.t.cell"	"cd8.positive..alpha.beta.t.cell"	0.115191986644407
"125"	"capillary.endothelial.cell"	"endothelial.cell.of.artery"	0.112165660051769
"199"	"bronchial.vessel.endothelial.cell"	"endothelial.cell.of.vascular.tree"	0.106639839034205
"671"	"nk.cell"	"t.cell"	0.104404567699837
"77"	"cd8.positive..alpha.beta.t.cell"	"cd8.positive..alpha.beta.t.cell"	0.101063829787234
"635"	"pericyte.cell"	"smooth.muscle.cell"	0.0896646132785763
"604"	"smooth.muscle.cell"	"slow.muscle.cell"	0.0884177869700103
"39"	"cd8.positive..alpha.beta.t.cell"	"cd4.positive..alpha.beta.t.cell"	0.0874074074074074
"600"	"pulmonary.ionocyte"	"slow.muscle.cell"	0.0864074443336657
"38"	"vein.endothelial.cell"	"capillary.endothelial.cell"	0.0837628865979381
"152"	"vein.endothelial.cell"	"endothelial.cell.of.artery"	0.0825242718446602
"318"	"dendritic.cell"	"macrophage"	0.0794044665012407
"124"	"capillary.aerocyte"	"endothelial.cell.of.artery"	0.0790774299835255
"502"	"bronchial.smooth.muscle.cell"	"pericyte.cell"	0.0778301886792453
"296"	"pulmonary.ionocyte"	"fast.muscle.cell"	0.0734240687679083
"300"	"smooth.muscle.cell"	"fast.muscle.cell"	0.0725570509069631
"409"	"plasmacytoid.dendritic.cell"	"mature.nk.t.cell"	0.0660051768766178
"201"	"capillary.endothelial.cell"	"endothelial.cell.of.vascular.tree"	0.0658914728682171
"134"	"lung.microvascular.endothelial.cell"	"endothelial.cell.of.artery"	0.0632603406326034
"101"	"nk.cell"	"cd8.positive..alpha.beta.t.cell"	0.0613095238095238
"491"	"type.i.pneumocyte"	"mesothelial.cell"	0.0580224985198342
"205"	"endothelial.cell.of.artery"	"endothelial.cell.of.vascular.tree"	0.0571736785329018
"541"	"bronchial.vessel.endothelial.cell"	"skeletal.muscle.satellite.stem.cell"	0.0546341463414634
"670"	"neutrophil"	"t.cell"	0.052760736196319
"20"	"lung.microvascular.endothelial.cell"	"capillary.endothelial.cell"	0.0510855683269476
"274"	"bronchial.smooth.muscle.cell"	"fast.muscle.cell"	0.0501792114695341
"642"	"smooth.muscle.cell"	"smooth.muscle.cell"	0.0494437577255871
"566"	"smooth.muscle.cell"	"skeletal.muscle.satellite.stem.cell"	0.048689138576779
"366"	"neutrophil"	"mast.cell"	0.0478334271243669
"578"	"bronchial.smooth.muscle.cell"	"slow.muscle.cell"	0.0476477683956574
"404"	"neutrophil"	"mature.nk.t.cell"	0.0467101958814666
"721"	"vascular.associated.smooth.muscle.cell"	"tendon.cell"	0.0448179271708683
"599"	"plasmacytoid.dendritic.cell"	"slow.muscle.cell"	0.0446816923685251
"333"	"plasmacytoid.dendritic.cell"	"macrophage"	0.0444258172673931
"475"	"lung.ciliated.cell"	"mesothelial.cell"	0.044181459566075
"435"	"fibroblast"	"mesenchymal.stem.cell"	0.0441292356185973
"536"	"alveolar.fibroblast"	"skeletal.muscle.satellite.stem.cell"	0.0430939226519337
"356"	"dendritic.cell"	"mast.cell"	0.0411764705882353
"9"	"bronchial.vessel.endothelial.cell"	"capillary.endothelial.cell"	0.0403361344537815
"492"	"type.ii.pneumocyte"	"mesothelial.cell"	0.0393765381460213
"162"	"capillary.aerocyte"	"endothelial.cell.of.lymphatic.vessel"	0.0392156862745098
"459"	"adventitial.cell"	"mesothelial.cell"	0.0390505359877489
"593"	"myofibroblast.cell"	"slow.muscle.cell"	0.0389294403892944
"445"	"pericyte.cell"	"mesenchymal.stem.cell"	0.0388663967611336
"579"	"bronchial.vessel.endothelial.cell"	"slow.muscle.cell"	0.0383720930232558
"486"	"pulmonary.ionocyte"	"mesothelial.cell"	0.0381811870878167
"455"	"vascular.associated.smooth.muscle.cell"	"mesenchymal.stem.cell"	0.0377714825306893
"16"	"endothelial.cell.of.lymphatic.vessel"	"capillary.endothelial.cell"	0.0374720357941834
"163"	"capillary.endothelial.cell"	"endothelial.cell.of.lymphatic.vessel"	0.0373134328358209
"123"	"bronchial.vessel.endothelial.cell"	"endothelial.cell.of.artery"	0.0370072405470636
"479"	"myofibroblast.cell"	"mesothelial.cell"	0.0363149847094801
"586"	"endothelial.cell.of.lymphatic.vessel"	"slow.muscle.cell"	0.036222509702458
"200"	"capillary.aerocyte"	"endothelial.cell.of.vascular.tree"	0.0350877192982456
"382"	"cd4.positive..alpha.beta.t.cell"	"mature.nk.t.cell"	0.0346494762288477
"638"	"pulmonary.ionocyte"	"smooth.muscle.cell"	0.0339595375722543
"371"	"plasmacytoid.dendritic.cell"	"mast.cell"	0.0335477941176471
"295"	"plasmacytoid.dendritic.cell"	"fast.muscle.cell"	0.033129904097646
"589"	"lung.ciliated.cell"	"slow.muscle.cell"	0.0328389830508475
"701"	"fibroblast"	"tendon.cell"	0.0320834943950522
"359"	"fibroblast"	"mast.cell"	0.0319333564734467
"410"	"pulmonary.ionocyte"	"mature.nk.t.cell"	0.0316350316350316
"718"	"smooth.muscle.cell"	"tendon.cell"	0.0314787701317716
"206"	"endothelial.cell.of.lymphatic.vessel"	"endothelial.cell.of.vascular.tree"	0.0312312312312312
"372"	"pulmonary.ionocyte"	"mast.cell"	0.0311939763356042
"285"	"lung.ciliated.cell"	"fast.muscle.cell"	0.0310921103769918
"149"	"type.i.pneumocyte"	"endothelial.cell.of.artery"	0.0309007232084155
"367"	"nk.cell"	"mast.cell"	0.0307765151515152
"607"	"vascular.associated.smooth.muscle.cell"	"slow.muscle.cell"	0.030664395229983
"675"	"plasmacytoid.dendritic.cell"	"t.cell"	0.0303772660460559
"43"	"b.cell"	"cd4.positive..alpha.beta.t.cell"	0.0302521008403361
"81"	"b.cell"	"cd8.positive..alpha.beta.t.cell"	0.0291120815138282
"131"	"fibroblast"	"endothelial.cell.of.artery"	0.0290530846484935
"587"	"fibroblast"	"slow.muscle.cell"	0.0290431060837664
"190"	"vein.endothelial.cell"	"endothelial.cell.of.lymphatic.vessel"	0.0289156626506024
"363"	"macrophage"	"mast.cell"	0.0288808664259928
"485"	"plasmacytoid.dendritic.cell"	"mesothelial.cell"	0.0287206266318538
"303"	"vascular.associated.smooth.muscle.cell"	"fast.muscle.cell"	0.0286666666666667
"631"	"myofibroblast.cell"	"smooth.muscle.cell"	0.0282755874153724
"365"	"myofibroblast.cell"	"mast.cell"	0.0281188118811881
"397"	"fibroblast"	"mature.nk.t.cell"	0.027992277992278
"625"	"fibroblast"	"smooth.muscle.cell"	0.0277874261896492
"35"	"type.i.pneumocyte"	"capillary.endothelial.cell"	0.0277777777777778
"187"	"type.i.pneumocyte"	"endothelial.cell.of.lymphatic.vessel"	0.0275352585627938
"624"	"endothelial.cell.of.lymphatic.vessel"	"smooth.muscle.cell"	0.0272774060730829
"651"	"b.cell"	"t.cell"	0.0268817204301075
"169"	"fibroblast"	"endothelial.cell.of.lymphatic.vessel"	0.0264684554024656
"528"	"smooth.muscle.cell"	"pericyte.cell"	0.0264211369095276
"403"	"myofibroblast.cell"	"mature.nk.t.cell"	0.0262199563000728
"460"	"alveolar.fibroblast"	"mesothelial.cell"	0.0261976047904192
"472"	"endothelial.cell.of.lymphatic.vessel"	"mesothelial.cell"	0.0260743602124578
"545"	"club.cell"	"skeletal.muscle.satellite.stem.cell"	0.0260492040520984
"538"	"basal.cell"	"skeletal.muscle.satellite.stem.cell"	0.0258855585831063
"605"	"type.i.pneumocyte"	"slow.muscle.cell"	0.0258320914058619
"301"	"type.i.pneumocyte"	"fast.muscle.cell"	0.0257437070938215
"289"	"myofibroblast.cell"	"fast.muscle.cell"	0.0256700641751604
"182"	"pulmonary.ionocyte"	"endothelial.cell.of.lymphatic.vessel"	0.0255063765941485
"63"	"nk.cell"	"cd4.positive..alpha.beta.t.cell"	0.0255009107468124
"105"	"plasmacytoid.dendritic.cell"	"cd8.positive..alpha.beta.t.cell"	0.025428413488115
"167"	"endothelial.cell.of.artery"	"endothelial.cell.of.lymphatic.vessel"	0.0253853127833182
"473"	"fibroblast"	"mesothelial.cell"	0.0252324037184595
"398"	"intermediate.monocyte"	"mature.nk.t.cell"	0.0248681235870384
"490"	"smooth.muscle.cell"	"mesothelial.cell"	0.0246775098149187
"669"	"myofibroblast.cell"	"t.cell"	0.0246758678377248
"179"	"pericyte.cell"	"endothelial.cell.of.lymphatic.vessel"	0.0244926522043387
"358"	"endothelial.cell.of.lymphatic.vessel"	"mast.cell"	0.0244648318042813
"414"	"smooth.muscle.cell"	"mature.nk.t.cell"	0.024364406779661
"275"	"bronchial.vessel.endothelial.cell"	"fast.muscle.cell"	0.0243572395128552
"469"	"club.cell"	"mesothelial.cell"	0.024346257889991
"462"	"basal.cell"	"mesothelial.cell"	0.0243055555555556
"663"	"fibroblast"	"t.cell"	0.0242753623188406
"717"	"serous.cell.of.epithelium.of.bronchus"	"tendon.cell"	0.0242718446601942
"535"	"adventitial.cell"	"skeletal.muscle.satellite.stem.cell"	0.0242290748898678
"555"	"myofibroblast.cell"	"skeletal.muscle.satellite.stem.cell"	0.0242152466367713
"27"	"pericyte.cell"	"capillary.endothelial.cell"	0.0239943542695836
"612"	"alveolar.fibroblast"	"smooth.muscle.cell"	0.0239076669414674
"707"	"myofibroblast.cell"	"tendon.cell"	0.0236607142857143
"130"	"endothelial.cell.of.lymphatic.vessel"	"endothelial.cell.of.artery"	0.0236305048335124
"627"	"lung.ciliated.cell"	"smooth.muscle.cell"	0.0235772357723577
"361"	"lung.ciliated.cell"	"mast.cell"	0.0234438156831043
"299"	"serous.cell.of.epithelium.of.bronchus"	"fast.muscle.cell"	0.0234059725585149
"592"	"mesothelial.cell"	"slow.muscle.cell"	0.0230917254650417
"488"	"respiratory.mucous.cell"	"mesothelial.cell"	0.0230708035003978
"549"	"fibroblast"	"skeletal.muscle.satellite.stem.cell"	0.0230680507497117
"465"	"bronchial.vessel.endothelial.cell"	"mesothelial.cell"	0.0230664857530529
"282"	"endothelial.cell.of.lymphatic.vessel"	"fast.muscle.cell"	0.0230436869899184
"100"	"neutrophil"	"cd8.positive..alpha.beta.t.cell"	0.0229965156794425
"392"	"classical.monocyte"	"mature.nk.t.cell"	0.0229885057471264
"161"	"bronchial.vessel.endothelial.cell"	"endothelial.cell.of.lymphatic.vessel"	0.0228945216680294
"643"	"type.i.pneumocyte"	"smooth.muscle.cell"	0.0228254164096237
"283"	"fibroblast"	"fast.muscle.cell"	0.0228099173553719
"453"	"type.i.pneumocyte"	"mesenchymal.stem.cell"	0.021969696969697
"171"	"lung.ciliated.cell"	"endothelial.cell.of.lymphatic.vessel"	0.0218041898247114
"141"	"pericyte.cell"	"endothelial.cell.of.artery"	0.0217687074829932
"320"	"endothelial.cell.of.lymphatic.vessel"	"macrophage"	0.0217687074829932
"334"	"pulmonary.ionocyte"	"macrophage"	0.0216180805764821
"224"	"smooth.muscle.cell"	"endothelial.cell.of.vascular.tree"	0.0215982721382289
"692"	"bronchial.smooth.muscle.cell"	"tendon.cell"	0.0215897939156035
"711"	"pericyte.cell"	"tendon.cell"	0.0211598746081505
"396"	"endothelial.cell.of.lymphatic.vessel"	"mature.nk.t.cell"	0.0210430009149131
"138"	"neutrophil"	"endothelial.cell.of.artery"	0.0209059233449477
"175"	"myofibroblast.cell"	"endothelial.cell.of.lymphatic.vessel"	0.0207986688851913
"394"	"dendritic.cell"	"mature.nk.t.cell"	0.0206677265500795
"554"	"mesothelial.cell"	"skeletal.muscle.satellite.stem.cell"	0.0206422018348624
"719"	"type.i.pneumocyte"	"tendon.cell"	0.0201192250372578
"302"	"type.ii.pneumocyte"	"fast.muscle.cell"	0.0200320512820513
"426"	"bronchial.smooth.muscle.cell"	"mesenchymal.stem.cell"	0.01998001998002
"17"	"fibroblast"	"capillary.endothelial.cell"	0.0199058993847267
"441"	"myofibroblast.cell"	"mesenchymal.stem.cell"	0.0197397936294302
"385"	"b.cell"	"mature.nk.t.cell"	0.0192604006163328
"637"	"plasmacytoid.dendritic.cell"	"smooth.muscle.cell"	0.0191518467852257
"700"	"endothelial.cell.of.lymphatic.vessel"	"tendon.cell"	0.0191044776119403
"559"	"pericyte.cell"	"skeletal.muscle.satellite.stem.cell"	0.0188976377952756
"576"	"basal.cell"	"slow.muscle.cell"	0.0188679245283019
"214"	"neutrophil"	"endothelial.cell.of.vascular.tree"	0.0188311688311688
"690"	"basal.cell"	"tendon.cell"	0.018716577540107
"676"	"pulmonary.ionocyte"	"t.cell"	0.0186567164179104
"204"	"dendritic.cell"	"endothelial.cell.of.vascular.tree"	0.0185430463576159
"67"	"plasmacytoid.dendritic.cell"	"cd4.positive..alpha.beta.t.cell"	0.0185078079814922
"347"	"b.cell"	"mast.cell"	0.0185013876040703
"498"	"alveolar.fibroblast"	"pericyte.cell"	0.0184956843403206
"606"	"type.ii.pneumocyte"	"slow.muscle.cell"	0.018457481872116
"156"	"alveolar.fibroblast"	"endothelial.cell.of.lymphatic.vessel"	0.0182815356489945
"311"	"basophil"	"macrophage"	0.0181543116490166
"278"	"classical.monocyte"	"fast.muscle.cell"	0.0181518151815182
"464"	"bronchial.smooth.muscle.cell"	"mesothelial.cell"	0.0181437543614794
"706"	"mesothelial.cell"	"tendon.cell"	0.0181200453001133
"272"	"basal.cell"	"fast.muscle.cell"	0.0180257510729614
"662"	"endothelial.cell.of.lymphatic.vessel"	"t.cell"	0.0180229382850901
"489"	"serous.cell.of.epithelium.of.bronchus"	"mesothelial.cell"	0.017741935483871
"321"	"fibroblast"	"macrophage"	0.0177215189873418
"288"	"mesothelial.cell"	"fast.muscle.cell"	0.0176923076923077
"377"	"type.i.pneumocyte"	"mast.cell"	0.0176506390748631
"133"	"lung.ciliated.cell"	"endothelial.cell.of.artery"	0.0176026823134954
"461"	"b.cell"	"mesothelial.cell"	0.0175732217573222
"673"	"pericyte.cell"	"t.cell"	0.0174216027874564
"144"	"pulmonary.ionocyte"	"endothelial.cell.of.artery"	0.0172477064220183
"493"	"vascular.associated.smooth.muscle.cell"	"mesothelial.cell"	0.0172071475843812
"176"	"neutrophil"	"endothelial.cell.of.lymphatic.vessel"	0.0171496156120639
"188"	"type.ii.pneumocyte"	"endothelial.cell.of.lymphatic.vessel"	0.0171198388721047
"339"	"type.i.pneumocyte"	"macrophage"	0.0169941582580988
"480"	"neutrophil"	"mesothelial.cell"	0.0169753086419753
"597"	"pericyte.cell"	"slow.muscle.cell"	0.0167853509664293
"378"	"type.ii.pneumocyte"	"mast.cell"	0.0167696381288614
"660"	"dendritic.cell"	"t.cell"	0.0166481687014428
"415"	"type.i.pneumocyte"	"mature.nk.t.cell"	0.0166398282340311
"376"	"smooth.muscle.cell"	"mast.cell"	0.0166270783847981
"327"	"myofibroblast.cell"	"macrophage"	0.0164697457930541
"369"	"pericyte.cell"	"mast.cell"	0.0164556962025316
"594"	"neutrophil"	"slow.muscle.cell"	0.0162235241099594
"165"	"club.cell"	"endothelial.cell.of.lymphatic.vessel"	0.0161849710982659
"665"	"lung.ciliated.cell"	"t.cell"	0.0161839863713799
"340"	"type.ii.pneumocyte"	"macrophage"	0.0160233066278223
"618"	"capillary.aerocyte"	"smooth.muscle.cell"	0.0159651669085631
"483"	"pericyte.cell"	"mesothelial.cell"	0.0159386068476978
"562"	"pulmonary.ionocyte"	"skeletal.muscle.satellite.stem.cell"	0.0158478605388273
"603"	"serous.cell.of.epithelium.of.bronchus"	"slow.muscle.cell"	0.0158311345646438
"714"	"pulmonary.ionocyte"	"tendon.cell"	0.0157915515199368
"611"	"adventitial.cell"	"smooth.muscle.cell"	0.0157154673283706
"569"	"vascular.associated.smooth.muscle.cell"	"skeletal.muscle.satellite.stem.cell"	0.0155535224153705
"88"	"classical.monocyte"	"cd8.positive..alpha.beta.t.cell"	0.0155367231638418
"354"	"classical.monocyte"	"mast.cell"	0.0155109489051095
"582"	"classical.monocyte"	"slow.muscle.cell"	0.0155091031692515
"127"	"club.cell"	"endothelial.cell.of.artery"	0.0155038759689922
"24"	"neutrophil"	"capillary.endothelial.cell"	0.0154669839381321
"21"	"macrophage"	"capillary.endothelial.cell"	0.0154639175257732
"614"	"basal.cell"	"smooth.muscle.cell"	0.0154589371980676
"510"	"endothelial.cell.of.lymphatic.vessel"	"pericyte.cell"	0.0154241645244216
"681"	"type.i.pneumocyte"	"t.cell"	0.0153027278775782
"146"	"respiratory.mucous.cell"	"endothelial.cell.of.artery"	0.0152235965746908
"487"	"respiratory.goblet.cell"	"mesothelial.cell"	0.0151946818613485
"440"	"mesothelial.cell"	"mesenchymal.stem.cell"	0.0150115473441109
"118"	"alveolar.fibroblast"	"endothelial.cell.of.artery"	0.0149779735682819
"269"	"adventitial.cell"	"fast.muscle.cell"	0.0148920327624721
"428"	"capillary.aerocyte"	"mesenchymal.stem.cell"	0.0148837209302326
"155"	"adventitial.cell"	"endothelial.cell.of.lymphatic.vessel"	0.014760147601476
"225"	"type.i.pneumocyte"	"endothelial.cell.of.vascular.tree"	0.0147167034584253
"293"	"pericyte.cell"	"fast.muscle.cell"	0.0146886016451234
"143"	"plasmacytoid.dendritic.cell"	"endothelial.cell.of.artery"	0.0146641438032167
"551"	"lung.ciliated.cell"	"skeletal.muscle.satellite.stem.cell"	0.0146252285191956
"595"	"nk.cell"	"slow.muscle.cell"	0.0146071851559416
"591"	"macrophage"	"slow.muscle.cell"	0.014559894109861
"387"	"basophil"	"mature.nk.t.cell"	0.0145482388973966
"29"	"plasmacytoid.dendritic.cell"	"capillary.endothelial.cell"	0.0145348837209302
"431"	"club.cell"	"mesenchymal.stem.cell"	0.0145348837209302
"212"	"mesothelial.cell"	"endothelial.cell.of.vascular.tree"	0.0145089285714286
"434"	"endothelial.cell.of.lymphatic.vessel"	"mesenchymal.stem.cell"	0.0144317498496693
"37"	"vascular.associated.smooth.muscle.cell"	"capillary.endothelial.cell"	0.0144115292233787
"399"	"lung.ciliated.cell"	"mature.nk.t.cell"	0.0143646408839779
"145"	"respiratory.goblet.cell"	"endothelial.cell.of.artery"	0.0143198090692124
"99"	"myofibroblast.cell"	"cd8.positive..alpha.beta.t.cell"	0.0142791340396131
"573"	"adventitial.cell"	"slow.muscle.cell"	0.0142679900744417
"360"	"intermediate.monocyte"	"mast.cell"	0.0142602495543672
"567"	"type.i.pneumocyte"	"skeletal.muscle.satellite.stem.cell"	0.0141685309470544
"561"	"plasmacytoid.dendritic.cell"	"skeletal.muscle.satellite.stem.cell"	0.0141361256544503
"466"	"capillary.aerocyte"	"mesothelial.cell"	0.0139257294429708
"452"	"smooth.muscle.cell"	"mesenchymal.stem.cell"	0.0138686131386861
"184"	"respiratory.mucous.cell"	"endothelial.cell.of.lymphatic.vessel"	0.0137931034482759
"331"	"pericyte.cell"	"macrophage"	0.0137061403508772
"424"	"basal.cell"	"mesenchymal.stem.cell"	0.0136612021857923
"658"	"classical.monocyte"	"t.cell"	0.0136268343815514
"172"	"lung.microvascular.endothelial.cell"	"endothelial.cell.of.lymphatic.vessel"	0.0133333333333333
"407"	"pericyte.cell"	"mature.nk.t.cell"	0.0133037694013304
"62"	"neutrophil"	"cd4.positive..alpha.beta.t.cell"	0.0132743362831858
"429"	"capillary.endothelial.cell"	"mesenchymal.stem.cell"	0.0132575757575758
"207"	"fibroblast"	"endothelial.cell.of.vascular.tree"	0.0132325141776938
"389"	"bronchial.vessel.endothelial.cell"	"mature.nk.t.cell"	0.0131744040150565
"548"	"endothelial.cell.of.lymphatic.vessel"	"skeletal.muscle.satellite.stem.cell"	0.013126491646778
"353"	"capillary.endothelial.cell"	"mast.cell"	0.0130909090909091
"122"	"bronchial.smooth.muscle.cell"	"endothelial.cell.of.artery"	0.0130718954248366
"556"	"neutrophil"	"skeletal.muscle.satellite.stem.cell"	0.0130718954248366
"137"	"myofibroblast.cell"	"endothelial.cell.of.artery"	0.0130081300813008
"307"	"adventitial.cell"	"macrophage"	0.0129604365620737
"338"	"smooth.muscle.cell"	"macrophage"	0.0129533678756477
"352"	"capillary.aerocyte"	"mast.cell"	0.0128939828080229
"580"	"capillary.aerocyte"	"slow.muscle.cell"	0.0128923766816144
"83"	"basophil"	"cd8.positive..alpha.beta.t.cell"	0.0128571428571429
"240"	"classical.monocyte"	"erythrocyte"	0.0127659574468085
"467"	"capillary.endothelial.cell"	"mesothelial.cell"	0.012760241773002
"30"	"pulmonary.ionocyte"	"capillary.endothelial.cell"	0.012653516933383
"364"	"mesothelial.cell"	"mast.cell"	0.012636899747262
"517"	"myofibroblast.cell"	"pericyte.cell"	0.0126227208976157
"632"	"neutrophil"	"smooth.muscle.cell"	0.0126027397260274
"588"	"intermediate.monocyte"	"slow.muscle.cell"	0.0125661375661376
"150"	"type.ii.pneumocyte"	"endothelial.cell.of.artery"	0.01256038647343
"183"	"respiratory.goblet.cell"	"endothelial.cell.of.lymphatic.vessel"	0.0124688279301746
"497"	"adventitial.cell"	"pericyte.cell"	0.0124688279301746
"174"	"mesothelial.cell"	"endothelial.cell.of.lymphatic.vessel"	0.0124164278892073
"273"	"basophil"	"fast.muscle.cell"	0.0124069478908189
"52"	"dendritic.cell"	"cd4.positive..alpha.beta.t.cell"	0.0123456790123457
"151"	"vascular.associated.smooth.muscle.cell"	"endothelial.cell.of.artery"	0.0122887864823349
"664"	"intermediate.monocyte"	"t.cell"	0.0122448979591837
"106"	"pulmonary.ionocyte"	"cd8.positive..alpha.beta.t.cell"	0.0122349102773246
"529"	"type.i.pneumocyte"	"pericyte.cell"	0.0122249388753056
"454"	"type.ii.pneumocyte"	"mesenchymal.stem.cell"	0.0122100122100122
"93"	"fibroblast"	"cd8.positive..alpha.beta.t.cell"	0.0121664050235479
"329"	"nk.cell"	"macrophage"	0.0121288163948139
"90"	"dendritic.cell"	"cd8.positive..alpha.beta.t.cell"	0.0121212121212121
"374"	"respiratory.mucous.cell"	"mast.cell"	0.0121002592912705
"705"	"macrophage"	"tendon.cell"	0.0120918984280532
"568"	"type.ii.pneumocyte"	"skeletal.muscle.satellite.stem.cell"	0.0120481927710843
"476"	"lung.microvascular.endothelial.cell"	"mesothelial.cell"	0.012037037037037
"181"	"plasmacytoid.dendritic.cell"	"endothelial.cell.of.lymphatic.vessel"	0.0120076849183477
"509"	"endothelial.cell.of.artery"	"pericyte.cell"	0.0120048019207683
"136"	"mesothelial.cell"	"endothelial.cell.of.artery"	0.0119815668202765
"390"	"capillary.aerocyte"	"mature.nk.t.cell"	0.0117501546072975
"617"	"bronchial.vessel.endothelial.cell"	"smooth.muscle.cell"	0.0117388114453412
"135"	"macrophage"	"endothelial.cell.of.artery"	0.01171875
"337"	"serous.cell.of.epithelium.of.bronchus"	"macrophage"	0.0116448326055313
"653"	"basophil"	"t.cell"	0.0116279069767442
"314"	"capillary.aerocyte"	"macrophage"	0.0115995115995116
"503"	"bronchial.vessel.endothelial.cell"	"pericyte.cell"	0.0115546218487395
"537"	"b.cell"	"skeletal.muscle.satellite.stem.cell"	0.0115384615384615
"222"	"respiratory.mucous.cell"	"endothelial.cell.of.vascular.tree"	0.0115207373271889
"703"	"lung.ciliated.cell"	"tendon.cell"	0.0113430127041742
"309"	"b.cell"	"macrophage"	0.0112866817155756
"449"	"respiratory.goblet.cell"	"mesenchymal.stem.cell"	0.0112179487179487
"173"	"macrophage"	"endothelial.cell.of.lymphatic.vessel"	0.011144883485309
"315"	"capillary.endothelial.cell"	"macrophage"	0.0111248454882571
"630"	"mesothelial.cell"	"smooth.muscle.cell"	0.011063829787234
"621"	"club.cell"	"smooth.muscle.cell"	0.0110441767068273
"158"	"basal.cell"	"endothelial.cell.of.lymphatic.vessel"	0.0109529025191676
"694"	"capillary.aerocyte"	"tendon.cell"	0.010919017288444
"565"	"serous.cell.of.epithelium.of.bronchus"	"skeletal.muscle.satellite.stem.cell"	0.0108958837772397
"406"	"non.classical.monocyte"	"mature.nk.t.cell"	0.0108949416342412
"65"	"pericyte.cell"	"cd4.positive..alpha.beta.t.cell"	0.0108499095840868
"540"	"bronchial.smooth.muscle.cell"	"skeletal.muscle.satellite.stem.cell"	0.0107737512242899
"343"	"cd8.positive..alpha.beta.t.cell"	"mast.cell"	0.010752688172043
"450"	"respiratory.mucous.cell"	"mesenchymal.stem.cell"	0.0107270560190703
"391"	"capillary.endothelial.cell"	"mature.nk.t.cell"	0.0106382978723404
"128"	"dendritic.cell"	"endothelial.cell.of.artery"	0.0105485232067511
"657"	"capillary.endothelial.cell"	"t.cell"	0.0105348460291734
"120"	"basal.cell"	"endothelial.cell.of.artery"	0.010515247108307
"456"	"vein.endothelial.cell"	"mesenchymal.stem.cell"	0.0105105105105105
"313"	"bronchial.vessel.endothelial.cell"	"macrophage"	0.0105003088326127
"716"	"respiratory.mucous.cell"	"tendon.cell"	0.010477299185099
"284"	"intermediate.monocyte"	"fast.muscle.cell"	0.0104333868378812
"177"	"nk.cell"	"endothelial.cell.of.lymphatic.vessel"	0.0104270109235353
"287"	"macrophage"	"fast.muscle.cell"	0.0104166666666667
"401"	"macrophage"	"mature.nk.t.cell"	0.0103857566765579
"34"	"smooth.muscle.cell"	"capillary.endothelial.cell"	0.0103828682673589
"656"	"capillary.aerocyte"	"t.cell"	0.0103585657370518
"23"	"myofibroblast.cell"	"capillary.endothelial.cell"	0.0103476821192053
"413"	"serous.cell.of.epithelium.of.bronchus"	"mature.nk.t.cell"	0.0103321033210332
"219"	"plasmacytoid.dendritic.cell"	"endothelial.cell.of.vascular.tree"	0.0103305785123967
"388"	"bronchial.smooth.muscle.cell"	"mature.nk.t.cell"	0.0103225806451613
"368"	"non.classical.monocyte"	"mast.cell"	0.0103189493433396
"448"	"pulmonary.ionocyte"	"mesenchymal.stem.cell"	0.0102888800949743
"633"	"nk.cell"	"smooth.muscle.cell"	0.0102755721625409
"323"	"lung.ciliated.cell"	"macrophage"	0.010192937750273
"213"	"myofibroblast.cell"	"endothelial.cell.of.vascular.tree"	0.0100877192982456
"542"	"capillary.aerocyte"	"skeletal.muscle.satellite.stem.cell"	0.0100824931255729
"185"	"serous.cell.of.epithelium.of.bronchus"	"endothelial.cell.of.lymphatic.vessel"	0.0100502512562814
"261"	"serous.cell.of.epithelium.of.bronchus"	"erythrocyte"	0.0099009900990099
"355"	"club.cell"	"mast.cell"	0.00989119683481701
"626"	"intermediate.monocyte"	"smooth.muscle.cell"	0.00988319856244385
"45"	"basophil"	"cd4.positive..alpha.beta.t.cell"	0.00985221674876847
"451"	"serous.cell.of.epithelium.of.bronchus"	"mesenchymal.stem.cell"	0.00980392156862745
"641"	"serous.cell.of.epithelium.of.bronchus"	"smooth.muscle.cell"	0.00980392156862745
"553"	"macrophage"	"skeletal.muscle.satellite.stem.cell"	0.00975609756097561
"601"	"respiratory.goblet.cell"	"slow.muscle.cell"	0.00974512743628186
"139"	"nk.cell"	"endothelial.cell.of.artery"	0.00974184120798831
"279"	"club.cell"	"fast.muscle.cell"	0.00972590627763042
"481"	"nk.cell"	"mesothelial.cell"	0.00969162995594714
"474"	"intermediate.monocyte"	"mesothelial.cell"	0.0096696212731668
"193"	"adventitial.cell"	"endothelial.cell.of.vascular.tree"	0.00957446808510638
"432"	"dendritic.cell"	"mesenchymal.stem.cell"	0.00956284153005465
"211"	"macrophage"	"endothelial.cell.of.vascular.tree"	0.00953516090584029
"511"	"fibroblast"	"pericyte.cell"	0.00952759031361651
"619"	"capillary.endothelial.cell"	"smooth.muscle.cell"	0.00951683748169839
"720"	"type.ii.pneumocyte"	"tendon.cell"	0.00951248513674197
"344"	"cd4.positive..alpha.beta.t.cell"	"mast.cell"	0.00950570342205323
"348"	"basal.cell"	"mast.cell"	0.00947867298578199
"189"	"vascular.associated.smooth.muscle.cell"	"endothelial.cell.of.lymphatic.vessel"	0.00946372239747634
"505"	"capillary.endothelial.cell"	"pericyte.cell"	0.00943396226415094
"308"	"alveolar.fibroblast"	"macrophage"	0.00942760942760943
"351"	"bronchial.vessel.endothelial.cell"	"mast.cell"	0.00942028985507246
"109"	"serous.cell.of.epithelium.of.bronchus"	"cd8.positive..alpha.beta.t.cell"	0.00938337801608579
"57"	"lung.ciliated.cell"	"cd4.positive..alpha.beta.t.cell"	0.00938271604938272
"73"	"type.i.pneumocyte"	"cd4.positive..alpha.beta.t.cell"	0.00937766410912191
"3"	"adventitial.cell"	"capillary.endothelial.cell"	0.00928505106778087
"504"	"capillary.aerocyte"	"pericyte.cell"	0.00923076923076923
"557"	"nk.cell"	"skeletal.muscle.satellite.stem.cell"	0.0091991341991342
"71"	"serous.cell.of.epithelium.of.bronchus"	"cd4.positive..alpha.beta.t.cell"	0.00918836140888208
"254"	"non.classical.monocyte"	"erythrocyte"	0.00917431192660551
"221"	"respiratory.goblet.cell"	"endothelial.cell.of.vascular.tree"	0.00916030534351145
"290"	"neutrophil"	"fast.muscle.cell"	0.00916030534351145
"196"	"basal.cell"	"endothelial.cell.of.vascular.tree"	0.00915032679738562
"667"	"macrophage"	"t.cell"	0.00913705583756345
"61"	"myofibroblast.cell"	"cd4.positive..alpha.beta.t.cell"	0.00909526089037817
"85"	"bronchial.vessel.endothelial.cell"	"cd8.positive..alpha.beta.t.cell"	0.00909090909090909
"552"	"lung.microvascular.endothelial.cell"	"skeletal.muscle.satellite.stem.cell"	0.00909090909090909
"585"	"endothelial.cell.of.artery"	"slow.muscle.cell"	0.00908540278619019
"186"	"smooth.muscle.cell"	"endothelial.cell.of.lymphatic.vessel"	0.0089974293059126
"629"	"macrophage"	"smooth.muscle.cell"	0.00896057347670251
"227"	"vascular.associated.smooth.muscle.cell"	"endothelial.cell.of.vascular.tree"	0.00893655049151028
"250"	"mesothelial.cell"	"erythrocyte"	0.00892857142857143
"570"	"vein.endothelial.cell"	"skeletal.muscle.satellite.stem.cell"	0.00884955752212389
"477"	"macrophage"	"mesothelial.cell"	0.00884244372990354
"623"	"endothelial.cell.of.artery"	"smooth.muscle.cell"	0.00881410256410256
"416"	"type.ii.pneumocyte"	"mature.nk.t.cell"	0.00881057268722467
"148"	"smooth.muscle.cell"	"endothelial.cell.of.artery"	0.00878293601003764
"291"	"nk.cell"	"fast.muscle.cell"	0.00877963125548727
"395"	"endothelial.cell.of.artery"	"mature.nk.t.cell"	0.0087719298245614
"577"	"basophil"	"slow.muscle.cell"	0.00876601483479434
"195"	"b.cell"	"endothelial.cell.of.vascular.tree"	0.00873907615480649
"672"	"non.classical.monocyte"	"t.cell"	0.00866738894907909
"235"	"basophil"	"erythrocyte"	0.00865800865800866
"439"	"macrophage"	"mesenchymal.stem.cell"	0.00864197530864197
"336"	"respiratory.mucous.cell"	"macrophage"	0.00855920114122682
"442"	"neutrophil"	"mesenchymal.stem.cell"	0.00851900393184797
"8"	"bronchial.smooth.muscle.cell"	"capillary.endothelial.cell"	0.00848176420695505
"297"	"respiratory.goblet.cell"	"fast.muscle.cell"	0.00844277673545966
"157"	"b.cell"	"endothelial.cell.of.lymphatic.vessel"	0.00841219768664564
"693"	"bronchial.vessel.endothelial.cell"	"tendon.cell"	0.00832562442183164
"695"	"capillary.endothelial.cell"	"tendon.cell"	0.00832562442183164
"699"	"endothelial.cell.of.artery"	"tendon.cell"	0.00831600831600832
"713"	"plasmacytoid.dendritic.cell"	"tendon.cell"	0.00829015544041451
"350"	"bronchial.smooth.muscle.cell"	"mast.cell"	0.00825206301575394
"271"	"b.cell"	"fast.muscle.cell"	0.00825082508250825
"437"	"lung.ciliated.cell"	"mesenchymal.stem.cell"	0.00821542674577818
"13"	"club.cell"	"capillary.endothelial.cell"	0.00814901047729918
"50"	"classical.monocyte"	"cd4.positive..alpha.beta.t.cell"	0.00806451612903226
"659"	"club.cell"	"t.cell"	0.00806451612903226
"270"	"alveolar.fibroblast"	"fast.muscle.cell"	0.00805270863836018
"246"	"intermediate.monocyte"	"erythrocyte"	0.00804828973843058
"375"	"serous.cell.of.epithelium.of.bronchus"	"mast.cell"	0.00790861159929701
"558"	"non.classical.monocyte"	"skeletal.muscle.satellite.stem.cell"	0.00790513833992095
"241"	"club.cell"	"erythrocyte"	0.0078740157480315
"712"	"plasma.cell"	"tendon.cell"	0.00784313725490196
"298"	"respiratory.mucous.cell"	"fast.muscle.cell"	0.0078003120124805
"379"	"vascular.associated.smooth.muscle.cell"	"mast.cell"	0.00779588944011339
"108"	"respiratory.mucous.cell"	"cd8.positive..alpha.beta.t.cell"	0.00778210116731518
"408"	"plasma.cell"	"mature.nk.t.cell"	0.00775945683802134
"715"	"respiratory.goblet.cell"	"tendon.cell"	0.00773993808049536
"602"	"respiratory.mucous.cell"	"slow.muscle.cell"	0.0077319587628866
"147"	"serous.cell.of.epithelium.of.bronchus"	"endothelial.cell.of.artery"	0.00772946859903382
"458"	"cd4.positive..alpha.beta.t.cell"	"mesothelial.cell"	0.00770547945205479
"470"	"dendritic.cell"	"mesothelial.cell"	0.00770547945205479
"438"	"lung.microvascular.endothelial.cell"	"mesenchymal.stem.cell"	0.00769230769230769
"622"	"dendritic.cell"	"smooth.muscle.cell"	0.00769230769230769
"166"	"dendritic.cell"	"endothelial.cell.of.lymphatic.vessel"	0.00766703176341731
"280"	"dendritic.cell"	"fast.muscle.cell"	0.00766609880749574
"75"	"vascular.associated.smooth.muscle.cell"	"cd4.positive..alpha.beta.t.cell"	0.0075512405609493
"501"	"basophil"	"pericyte.cell"	0.00748502994011976
"92"	"endothelial.cell.of.lymphatic.vessel"	"cd8.positive..alpha.beta.t.cell"	0.00748129675810474
"543"	"capillary.endothelial.cell"	"skeletal.muscle.satellite.stem.cell"	0.00745573159366263
"220"	"pulmonary.ionocyte"	"endothelial.cell.of.vascular.tree"	0.00741029641185647
"615"	"basophil"	"smooth.muscle.cell"	0.00740055504162812
"417"	"vascular.associated.smooth.muscle.cell"	"mature.nk.t.cell"	0.00735294117647059
"514"	"lung.microvascular.endothelial.cell"	"pericyte.cell"	0.00735294117647059
"581"	"capillary.endothelial.cell"	"slow.muscle.cell"	0.00733220530174845
"4"	"alveolar.fibroblast"	"capillary.endothelial.cell"	0.00731930466605672
"319"	"endothelial.cell.of.artery"	"macrophage"	0.00730897009966777
"345"	"adventitial.cell"	"mast.cell"	0.0072992700729927
"471"	"endothelial.cell.of.artery"	"mesothelial.cell"	0.00725689404934688
"276"	"capillary.aerocyte"	"fast.muscle.cell"	0.00721784776902887
"644"	"type.ii.pneumocyte"	"smooth.muscle.cell"	0.00707964601769911
"170"	"intermediate.monocyte"	"endothelial.cell.of.lymphatic.vessel"	0.0070778564206269
"402"	"mesothelial.cell"	"mature.nk.t.cell"	0.00707213578500707
"36"	"type.ii.pneumocyte"	"capillary.endothelial.cell"	0.00707070707070707
"95"	"lung.ciliated.cell"	"cd8.positive..alpha.beta.t.cell"	0.00706547338671691
"226"	"type.ii.pneumocyte"	"endothelial.cell.of.vascular.tree"	0.00703399765533412
"44"	"basal.cell"	"cd4.positive..alpha.beta.t.cell"	0.00698080279232112
"530"	"type.ii.pneumocyte"	"pericyte.cell"	0.00697350069735007
"32"	"respiratory.mucous.cell"	"capillary.endothelial.cell"	0.00693756194251734
"203"	"club.cell"	"endothelial.cell.of.vascular.tree"	0.00691562932226833
"110"	"smooth.muscle.cell"	"cd8.positive..alpha.beta.t.cell"	0.00687547746371276
"64"	"non.classical.monocyte"	"cd4.positive..alpha.beta.t.cell"	0.00683760683760684
"507"	"club.cell"	"pericyte.cell"	0.00681431005110733
"263"	"type.i.pneumocyte"	"erythrocyte"	0.00680933852140078
"19"	"lung.ciliated.cell"	"capillary.endothelial.cell"	0.00677678949597628
"160"	"bronchial.smooth.muscle.cell"	"endothelial.cell.of.lymphatic.vessel"	0.0067001675041876
"14"	"dendritic.cell"	"capillary.endothelial.cell"	0.00665926748057714
"533"	"cd8.positive..alpha.beta.t.cell"	"skeletal.muscle.satellite.stem.cell"	0.00663716814159292
"244"	"endothelial.cell.of.lymphatic.vessel"	"erythrocyte"	0.00659824046920821
"252"	"neutrophil"	"erythrocyte"	0.00657354149548069
"516"	"mesothelial.cell"	"pericyte.cell"	0.00651890482398957
"281"	"endothelial.cell.of.artery"	"fast.muscle.cell"	0.00649819494584838
"25"	"nk.cell"	"capillary.endothelial.cell"	0.00647088103534097
"89"	"club.cell"	"cd8.positive..alpha.beta.t.cell"	0.00642054574638844
"346"	"alveolar.fibroblast"	"mast.cell"	0.00641025641025641
"583"	"club.cell"	"slow.muscle.cell"	0.00640569395017794
"430"	"classical.monocyte"	"mesenchymal.stem.cell"	0.00636942675159236
"539"	"basophil"	"skeletal.muscle.satellite.stem.cell"	0.00636132315521628
"518"	"neutrophil"	"pericyte.cell"	0.00632466619817287
"357"	"endothelial.cell.of.artery"	"mast.cell"	0.00632411067193676
"68"	"pulmonary.ionocyte"	"cd4.positive..alpha.beta.t.cell"	0.00632111251580278
"209"	"lung.ciliated.cell"	"endothelial.cell.of.vascular.tree"	0.00629213483146067
"159"	"basophil"	"endothelial.cell.of.lymphatic.vessel"	0.00628272251308901
"563"	"respiratory.goblet.cell"	"skeletal.muscle.satellite.stem.cell"	0.00626959247648903
"628"	"lung.microvascular.endothelial.cell"	"smooth.muscle.cell"	0.00626304801670146
"513"	"lung.ciliated.cell"	"pericyte.cell"	0.00622307324078506
"197"	"basophil"	"endothelial.cell.of.vascular.tree"	0.0062111801242236
"383"	"adventitial.cell"	"mature.nk.t.cell"	0.00618556701030928
"362"	"lung.microvascular.endothelial.cell"	"mast.cell"	0.00617283950617284
"202"	"classical.monocyte"	"endothelial.cell.of.vascular.tree"	0.00613496932515337
"550"	"intermediate.monocyte"	"skeletal.muscle.satellite.stem.cell"	0.00609013398294762
"55"	"fibroblast"	"cd4.positive..alpha.beta.t.cell"	0.00607287449392713
"119"	"b.cell"	"endothelial.cell.of.artery"	0.00605449041372351
"121"	"basophil"	"endothelial.cell.of.artery"	0.00604229607250755
"249"	"macrophage"	"erythrocyte"	0.006
"682"	"type.ii.pneumocyte"	"t.cell"	0.006
"482"	"non.classical.monocyte"	"mesothelial.cell"	0.00590717299578059
"70"	"respiratory.mucous.cell"	"cd4.positive..alpha.beta.t.cell"	0.00589101620029455
"678"	"respiratory.mucous.cell"	"t.cell"	0.00588812561334642
"335"	"respiratory.goblet.cell"	"macrophage"	0.00588235294117647
"590"	"lung.microvascular.endothelial.cell"	"slow.muscle.cell"	0.00586940572267058
"564"	"respiratory.mucous.cell"	"skeletal.muscle.satellite.stem.cell"	0.00585480093676815
"463"	"basophil"	"mesothelial.cell"	0.00578034682080925
"412"	"respiratory.mucous.cell"	"mature.nk.t.cell"	0.00577617328519856
"525"	"respiratory.goblet.cell"	"pericyte.cell"	0.00575815738963532
"515"	"macrophage"	"pericyte.cell"	0.0056657223796034
"527"	"serous.cell.of.epithelium.of.bronchus"	"pericyte.cell"	0.00561009817671809
"697"	"club.cell"	"tendon.cell"	0.00560224089635854
"256"	"plasma.cell"	"erythrocyte"	0.00558659217877095
"317"	"club.cell"	"macrophage"	0.00556881463802705
"584"	"dendritic.cell"	"slow.muscle.cell"	0.0055286800276434
"111"	"type.i.pneumocyte"	"cd8.positive..alpha.beta.t.cell"	0.00550747442958301
"620"	"classical.monocyte"	"smooth.muscle.cell"	0.00548947849954254
"652"	"basal.cell"	"t.cell"	0.00547045951859956
"494"	"vein.endothelial.cell"	"mesothelial.cell"	0.00542986425339366
"526"	"respiratory.mucous.cell"	"pericyte.cell"	0.00542740841248304
"94"	"intermediate.monocyte"	"cd8.positive..alpha.beta.t.cell"	0.00540540540540541
"484"	"plasma.cell"	"mesothelial.cell"	0.00539374325782093
"97"	"macrophage"	"cd8.positive..alpha.beta.t.cell"	0.00539083557951483
"178"	"non.classical.monocyte"	"endothelial.cell.of.lymphatic.vessel"	0.00537634408602151
"217"	"pericyte.cell"	"endothelial.cell.of.vascular.tree"	0.00535987748851455
"112"	"type.ii.pneumocyte"	"cd8.positive..alpha.beta.t.cell"	0.00530503978779841
"433"	"endothelial.cell.of.artery"	"mesenchymal.stem.cell"	0.00529100529100529
"42"	"alveolar.fibroblast"	"cd4.positive..alpha.beta.t.cell"	0.00523560209424084
"547"	"endothelial.cell.of.artery"	"skeletal.muscle.satellite.stem.cell"	0.00523012552301255
"640"	"respiratory.mucous.cell"	"smooth.muscle.cell"	0.0052128583840139
"522"	"plasma.cell"	"pericyte.cell"	0.00519480519480519
"229"	"cd8.positive..alpha.beta.t.cell"	"erythrocyte"	0.00515463917525773
"268"	"cd4.positive..alpha.beta.t.cell"	"fast.muscle.cell"	0.00509770603228547
"33"	"serous.cell.of.epithelium.of.bronchus"	"capillary.endothelial.cell"	0.00506585612968592
"257"	"plasmacytoid.dendritic.cell"	"erythrocyte"	0.00498753117206983
"103"	"pericyte.cell"	"cd8.positive..alpha.beta.t.cell"	0.00497512437810945
"523"	"plasmacytoid.dendritic.cell"	"pericyte.cell"	0.00497237569060773
"468"	"classical.monocyte"	"mesothelial.cell"	0.00490998363338789
"574"	"alveolar.fibroblast"	"slow.muscle.cell"	0.0048750761730652
"326"	"mesothelial.cell"	"macrophage"	0.00486787204450626
"305"	"cd8.positive..alpha.beta.t.cell"	"macrophage"	0.00480109739368999
"508"	"dendritic.cell"	"pericyte.cell"	0.00476947535771065
"575"	"b.cell"	"slow.muscle.cell"	0.0047074646940148
"223"	"serous.cell.of.epithelium.of.bronchus"	"endothelial.cell.of.vascular.tree"	0.00470588235294118
"262"	"smooth.muscle.cell"	"erythrocyte"	0.00467289719626168
"520"	"non.classical.monocyte"	"pericyte.cell"	0.0046583850931677
"277"	"capillary.endothelial.cell"	"fast.muscle.cell"	0.0046449900464499
"59"	"macrophage"	"cd4.positive..alpha.beta.t.cell"	0.00462249614791988
"613"	"b.cell"	"smooth.muscle.cell"	0.00462107208872458
"54"	"endothelial.cell.of.lymphatic.vessel"	"cd4.positive..alpha.beta.t.cell"	0.00462046204620462
"650"	"alveolar.fibroblast"	"t.cell"	0.00452488687782805
"674"	"plasma.cell"	"t.cell"	0.00449101796407186
"680"	"smooth.muscle.cell"	"t.cell"	0.00449005772931366
"267"	"cd8.positive..alpha.beta.t.cell"	"fast.muscle.cell"	0.00448765893792072
"661"	"endothelial.cell.of.artery"	"t.cell"	0.00445632798573975
"47"	"bronchial.vessel.endothelial.cell"	"cd4.positive..alpha.beta.t.cell"	0.00443951165371809
"49"	"capillary.endothelial.cell"	"cd4.positive..alpha.beta.t.cell"	0.00443951165371809
"117"	"adventitial.cell"	"endothelial.cell.of.artery"	0.00441306266548985
"571"	"cd8.positive..alpha.beta.t.cell"	"slow.muscle.cell"	0.00435323383084577
"48"	"capillary.aerocyte"	"cd4.positive..alpha.beta.t.cell"	0.00433839479392625
"236"	"bronchial.smooth.muscle.cell"	"erythrocyte"	0.00426136363636364
"5"	"b.cell"	"capillary.endothelial.cell"	0.00424628450106157
"7"	"basophil"	"capillary.endothelial.cell"	0.00423728813559322
"60"	"mesothelial.cell"	"cd4.positive..alpha.beta.t.cell"	0.00421940928270042
"12"	"classical.monocyte"	"capillary.endothelial.cell"	0.00419287211740042
"194"	"alveolar.fibroblast"	"endothelial.cell.of.vascular.tree"	0.00417101147028154
"524"	"pulmonary.ionocyte"	"pericyte.cell"	0.00410509031198686
"18"	"intermediate.monocyte"	"capillary.endothelial.cell"	0.00408580183861083
"534"	"cd4.positive..alpha.beta.t.cell"	"skeletal.muscle.satellite.stem.cell"	0.00401606425702811
"679"	"serous.cell.of.epithelium.of.bronchus"	"t.cell"	0.00401203610832497
"237"	"bronchial.vessel.endothelial.cell"	"erythrocyte"	0.00398406374501992
"76"	"vein.endothelial.cell"	"cd4.positive..alpha.beta.t.cell"	0.00395256916996047
"386"	"basal.cell"	"mature.nk.t.cell"	0.00390015600624025
"264"	"type.ii.pneumocyte"	"erythrocyte"	0.00389863547758285
"710"	"non.classical.monocyte"	"tendon.cell"	0.00389105058365759
"423"	"b.cell"	"mesenchymal.stem.cell"	0.00387096774193548
"198"	"bronchial.smooth.muscle.cell"	"endothelial.cell.of.vascular.tree"	0.00382043935052531
"495"	"cd8.positive..alpha.beta.t.cell"	"pericyte.cell"	0.00380228136882129
"332"	"plasma.cell"	"macrophage"	0.00378787878787879
"634"	"non.classical.monocyte"	"smooth.muscle.cell"	0.00377714825306893
"31"	"respiratory.goblet.cell"	"capillary.endothelial.cell"	0.00376884422110553
"691"	"basophil"	"tendon.cell"	0.00376411543287327
"1"	"cd8.positive..alpha.beta.t.cell"	"capillary.endothelial.cell"	0.00376293508936971
"544"	"classical.monocyte"	"skeletal.muscle.satellite.stem.cell"	0.0037593984962406
"98"	"mesothelial.cell"	"cd8.positive..alpha.beta.t.cell"	0.00372670807453416
"436"	"intermediate.monocyte"	"mesenchymal.stem.cell"	0.00369458128078818
"370"	"plasma.cell"	"mast.cell"	0.00368550368550369
"304"	"vein.endothelial.cell"	"fast.muscle.cell"	0.00359389038634322
"115"	"cd8.positive..alpha.beta.t.cell"	"endothelial.cell.of.artery"	0.00359066427289048
"258"	"pulmonary.ionocyte"	"erythrocyte"	0.00358583594800538
"532"	"vein.endothelial.cell"	"pericyte.cell"	0.00354609929078014
"684"	"vein.endothelial.cell"	"t.cell"	0.00354191263282172
"80"	"alveolar.fibroblast"	"cd8.positive..alpha.beta.t.cell"	0.00349243306169965
"596"	"non.classical.monocyte"	"slow.muscle.cell"	0.00341296928327645
"6"	"basal.cell"	"capillary.endothelial.cell"	0.00330760749724366
"26"	"non.classical.monocyte"	"capillary.endothelial.cell"	0.00326441784548422
"253"	"nk.cell"	"erythrocyte"	0.00325732899022801
"191"	"cd8.positive..alpha.beta.t.cell"	"endothelial.cell.of.vascular.tree"	0.00323974082073434
"393"	"club.cell"	"mature.nk.t.cell"	0.00322841000807102
"655"	"bronchial.vessel.endothelial.cell"	"t.cell"	0.00321802091713596
"709"	"nk.cell"	"tendon.cell"	0.00321199143468951
"639"	"respiratory.goblet.cell"	"smooth.muscle.cell"	0.0032017075773746
"215"	"nk.cell"	"endothelial.cell.of.vascular.tree"	0.00319488817891374
"496"	"cd4.positive..alpha.beta.t.cell"	"pericyte.cell"	0.00317460317460317
"84"	"bronchial.smooth.muscle.cell"	"cd8.positive..alpha.beta.t.cell"	0.00316789862724393
"259"	"respiratory.goblet.cell"	"erythrocyte"	0.00316455696202532
"312"	"bronchial.smooth.muscle.cell"	"macrophage"	0.00316055625790139
"373"	"respiratory.goblet.cell"	"mast.cell"	0.00315457413249211
"683"	"vascular.associated.smooth.muscle.cell"	"t.cell"	0.00314465408805031
"116"	"cd4.positive..alpha.beta.t.cell"	"endothelial.cell.of.artery"	0.0031413612565445
"447"	"plasmacytoid.dendritic.cell"	"mesenchymal.stem.cell"	0.003125
"255"	"pericyte.cell"	"erythrocyte"	0.0031055900621118
"164"	"classical.monocyte"	"endothelial.cell.of.lymphatic.vessel"	0.00309917355371901
"140"	"non.classical.monocyte"	"endothelial.cell.of.artery"	0.00309278350515464
"56"	"intermediate.monocyte"	"cd4.positive..alpha.beta.t.cell"	0.00308641975308642
"646"	"vein.endothelial.cell"	"smooth.muscle.cell"	0.00306435137895812
"66"	"plasma.cell"	"cd4.positive..alpha.beta.t.cell"	0.00304878048780488
"704"	"lung.microvascular.endothelial.cell"	"tendon.cell"	0.00297176820208024
"86"	"capillary.aerocyte"	"cd8.positive..alpha.beta.t.cell"	0.00294985250737463
"102"	"non.classical.monocyte"	"cd8.positive..alpha.beta.t.cell"	0.00293685756240822
"722"	"vein.endothelial.cell"	"tendon.cell"	0.00289435600578871
"608"	"vein.endothelial.cell"	"slow.muscle.cell"	0.00288808664259928
"519"	"nk.cell"	"pericyte.cell"	0.00287026406429392
"572"	"cd4.positive..alpha.beta.t.cell"	"slow.muscle.cell"	0.00275671950379049
"286"	"lung.microvascular.endothelial.cell"	"fast.muscle.cell"	0.00273722627737226
"546"	"dendritic.cell"	"skeletal.muscle.satellite.stem.cell"	0.00267379679144385
"444"	"non.classical.monocyte"	"mesenchymal.stem.cell"	0.00265957446808511
"698"	"dendritic.cell"	"tendon.cell"	0.00264200792602378
"192"	"cd4.positive..alpha.beta.t.cell"	"endothelial.cell.of.vascular.tree"	0.00260756192959583
"708"	"neutrophil"	"tendon.cell"	0.00257234726688103
"216"	"non.classical.monocyte"	"endothelial.cell.of.vascular.tree"	0.00255754475703325
"411"	"respiratory.goblet.cell"	"mature.nk.t.cell"	0.00255754475703325
"53"	"endothelial.cell.of.artery"	"cd4.positive..alpha.beta.t.cell"	0.00255427841634738
"292"	"non.classical.monocyte"	"fast.muscle.cell"	0.00251046025104603
"72"	"smooth.muscle.cell"	"cd4.positive..alpha.beta.t.cell"	0.00245700245700246
"666"	"lung.microvascular.endothelial.cell"	"t.cell"	0.00240963855421687
"341"	"vascular.associated.smooth.muscle.cell"	"macrophage"	0.00240818783865141
"208"	"intermediate.monocyte"	"endothelial.cell.of.vascular.tree"	0.00237247924080664
"104"	"plasma.cell"	"cd8.positive..alpha.beta.t.cell"	0.0023696682464455
"230"	"cd4.positive..alpha.beta.t.cell"	"erythrocyte"	0.00235849056603774
"234"	"basal.cell"	"erythrocyte"	0.00234192037470726
"306"	"cd4.positive..alpha.beta.t.cell"	"macrophage"	0.00230414746543779
"457"	"cd8.positive..alpha.beta.t.cell"	"mesothelial.cell"	0.00224887556221889
"154"	"cd4.positive..alpha.beta.t.cell"	"endothelial.cell.of.lymphatic.vessel"	0.00217864923747277
"443"	"nk.cell"	"mesenchymal.stem.cell"	0.00216216216216216
"233"	"b.cell"	"erythrocyte"	0.00215982721382289
"294"	"plasma.cell"	"fast.muscle.cell"	0.00213675213675214
"247"	"lung.ciliated.cell"	"erythrocyte"	0.00211528291909043
"251"	"myofibroblast.cell"	"erythrocyte"	0.0020460358056266
"58"	"lung.microvascular.endothelial.cell"	"cd4.positive..alpha.beta.t.cell"	0.00204498977505112
"446"	"plasma.cell"	"mesenchymal.stem.cell"	0.00202839756592292
"380"	"vein.endothelial.cell"	"mast.cell"	0.00201207243460765
"87"	"capillary.endothelial.cell"	"cd8.positive..alpha.beta.t.cell"	0.00200601805416249
"113"	"vascular.associated.smooth.muscle.cell"	"cd8.positive..alpha.beta.t.cell"	0.00194931773879142
"22"	"mesothelial.cell"	"capillary.endothelial.cell"	0.00191387559808612
"668"	"mesothelial.cell"	"t.cell"	0.00189753320683112
"51"	"club.cell"	"cd4.positive..alpha.beta.t.cell"	0.0018796992481203
"427"	"bronchial.vessel.endothelial.cell"	"mesenchymal.stem.cell"	0.00187265917602996
"649"	"adventitial.cell"	"t.cell"	0.00182815356489945
"107"	"respiratory.goblet.cell"	"cd8.positive..alpha.beta.t.cell"	0.00178890876565295
"654"	"bronchial.smooth.muscle.cell"	"t.cell"	0.00167224080267559
"231"	"adventitial.cell"	"erythrocyte"	0.00165562913907285
"598"	"plasma.cell"	"slow.muscle.cell"	0.00165562913907285
"418"	"vein.endothelial.cell"	"mature.nk.t.cell"	0.00164473684210526
"232"	"alveolar.fibroblast"	"erythrocyte"	0.00161812297734628
"342"	"vein.endothelial.cell"	"macrophage"	0.00161681487469685
"243"	"endothelial.cell.of.artery"	"erythrocyte"	0.0015748031496063
"28"	"plasma.cell"	"capillary.endothelial.cell"	0.00151285930408472
"82"	"basal.cell"	"cd8.positive..alpha.beta.t.cell"	0.00149253731343284
"180"	"plasma.cell"	"endothelial.cell.of.lymphatic.vessel"	0.00148367952522255
"506"	"classical.monocyte"	"pericyte.cell"	0.00146627565982405
"512"	"intermediate.monocyte"	"pericyte.cell"	0.00141442715700141
"238"	"capillary.aerocyte"	"erythrocyte"	0.00128865979381443
"245"	"fibroblast"	"erythrocyte"	0.00128589798542649
"425"	"basophil"	"mesenchymal.stem.cell"	0.00128369704749679
"265"	"vascular.associated.smooth.muscle.cell"	"erythrocyte"	0.00127551020408163
"689"	"b.cell"	"tendon.cell"	0.00125470514429109
"636"	"plasma.cell"	"smooth.muscle.cell"	0.00124688279301746
"677"	"respiratory.goblet.cell"	"t.cell"	0.00123915737298637
"696"	"classical.monocyte"	"tendon.cell"	0.00123609394313968
"79"	"adventitial.cell"	"cd8.positive..alpha.beta.t.cell"	0.00118063754427391
"46"	"bronchial.smooth.muscle.cell"	"cd4.positive..alpha.beta.t.cell"	0.00116959064327485
"419"	"cd8.positive..alpha.beta.t.cell"	"mesenchymal.stem.cell"	0.00111358574610245
"2"	"cd4.positive..alpha.beta.t.cell"	"capillary.endothelial.cell"	0.0011037527593819
"400"	"lung.microvascular.endothelial.cell"	"mature.nk.t.cell"	0.000834028356964137
"324"	"lung.microvascular.endothelial.cell"	"macrophage"	0.000819672131147541
"310"	"basal.cell"	"macrophage"	0.000765110941086458
"384"	"alveolar.fibroblast"	"mature.nk.t.cell"	0.000677048070412999
"41"	"adventitial.cell"	"cd4.positive..alpha.beta.t.cell"	0
"69"	"respiratory.goblet.cell"	"cd4.positive..alpha.beta.t.cell"	0
"74"	"type.ii.pneumocyte"	"cd4.positive..alpha.beta.t.cell"	0
"91"	"endothelial.cell.of.artery"	"cd8.positive..alpha.beta.t.cell"	0
"96"	"lung.microvascular.endothelial.cell"	"cd8.positive..alpha.beta.t.cell"	0
"114"	"vein.endothelial.cell"	"cd8.positive..alpha.beta.t.cell"	0
"126"	"classical.monocyte"	"endothelial.cell.of.artery"	0
"132"	"intermediate.monocyte"	"endothelial.cell.of.artery"	0
"142"	"plasma.cell"	"endothelial.cell.of.artery"	0
"153"	"cd8.positive..alpha.beta.t.cell"	"endothelial.cell.of.lymphatic.vessel"	0
"218"	"plasma.cell"	"endothelial.cell.of.vascular.tree"	0
"239"	"capillary.endothelial.cell"	"erythrocyte"	0
"242"	"dendritic.cell"	"erythrocyte"	0
"248"	"lung.microvascular.endothelial.cell"	"erythrocyte"	0
"260"	"respiratory.mucous.cell"	"erythrocyte"	0
"266"	"vein.endothelial.cell"	"erythrocyte"	0
"420"	"cd4.positive..alpha.beta.t.cell"	"mesenchymal.stem.cell"	0
"499"	"b.cell"	"pericyte.cell"	0
"500"	"basal.cell"	"pericyte.cell"	0
"560"	"plasma.cell"	"skeletal.muscle.satellite.stem.cell"	0
"609"	"cd8.positive..alpha.beta.t.cell"	"smooth.muscle.cell"	0
"610"	"cd4.positive..alpha.beta.t.cell"	"smooth.muscle.cell"	0
"685"	"cd8.positive..alpha.beta.t.cell"	"tendon.cell"	0
"686"	"cd4.positive..alpha.beta.t.cell"	"tendon.cell"	0
"702"	"intermediate.monocyte"	"tendon.cell"	0
