"Lung"	"Trachea"	"value"
"209"	"lung.ciliated.cell"	"ciliated.cell"	0.581894736842105
"556"	"neutrophil"	"neutrophil"	0.524602026049204
"598"	"plasma.cell"	"plasma.cell"	0.354679802955665
"444"	"non.classical.monocyte"	"macrophage"	0.281167108753316
"463"	"basophil"	"mast.cell"	0.267716535433071
"345"	"adventitial.cell"	"fibroblast"	0.265255292652553
"153"	"cd8.positive..alpha.beta.t.cell"	"cd8.positive..alpha.beta.t.cell"	0.25197889182058
"82"	"basal.cell"	"basal.cell"	0.234185733512786
"410"	"pulmonary.ionocyte"	"ionocyte"	0.229346853563973
"315"	"capillary.endothelial.cell"	"endothelial.cell"	0.205776173285199
"43"	"b.cell"	"b.cell"	0.198738170347003
"232"	"alveolar.fibroblast"	"connective.tissue.cell"	0.198347107438017
"319"	"endothelial.cell.of.artery"	"endothelial.cell"	0.189562547966232
"721"	"vascular.associated.smooth.muscle.cell"	"smooth.muscle.cell"	0.184560780834073
"639"	"respiratory.goblet.cell"	"secretory.cell"	0.178571428571429
"436"	"intermediate.monocyte"	"macrophage"	0.176403207331042
"439"	"macrophage"	"macrophage"	0.171981776765376
"231"	"adventitial.cell"	"connective.tissue.cell"	0.170244263508512
"692"	"bronchial.smooth.muscle.cell"	"smooth.muscle.cell"	0.159594095940959
"430"	"classical.monocyte"	"macrophage"	0.154377880184332
"154"	"cd4.positive..alpha.beta.t.cell"	"cd8.positive..alpha.beta.t.cell"	0.153508771929825
"342"	"vein.endothelial.cell"	"endothelial.cell"	0.153079710144928
"324"	"lung.microvascular.endothelial.cell"	"endothelial.cell"	0.15032080659945
"432"	"dendritic.cell"	"macrophage"	0.144404332129964
"314"	"capillary.aerocyte"	"endothelial.cell"	0.143340094658553
"31"	"respiratory.goblet.cell"	"goblet.cell"	0.133208255159475
"346"	"alveolar.fibroblast"	"fibroblast"	0.131868131868132
"116"	"cd4.positive..alpha.beta.t.cell"	"cd4.positive..alpha.beta.t.cell"	0.125226860254083
"544"	"classical.monocyte"	"neutrophil"	0.122314049586777
"177"	"nk.cell"	"cd8.positive..alpha.beta.t.cell"	0.121979964643489
"313"	"bronchial.vessel.endothelial.cell"	"endothelial.cell"	0.119302949061662
"711"	"pericyte.cell"	"smooth.muscle.cell"	0.112820512820513
"679"	"serous.cell.of.epithelium.of.bronchus"	"serous.cell.of.epithelium.of.trachea"	0.106481481481481
"614"	"basal.cell"	"secretory.cell"	0.104575163398693
"320"	"endothelial.cell.of.lymphatic.vessel"	"endothelial.cell"	0.103232030873131
"291"	"nk.cell"	"double.positive..alpha.beta.thymocyte"	0.102968808718527
"33"	"serous.cell.of.epithelium.of.bronchus"	"goblet.cell"	0.0947802197802198
"245"	"fibroblast"	"connective.tissue.cell"	0.0930693069306931
"718"	"smooth.muscle.cell"	"smooth.muscle.cell"	0.0913364674278039
"525"	"respiratory.goblet.cell"	"mucus.secreting.cell"	0.0874125874125874
"550"	"intermediate.monocyte"	"neutrophil"	0.0847058823529412
"526"	"respiratory.mucous.cell"	"mucus.secreting.cell"	0.0839793281653747
"115"	"cd8.positive..alpha.beta.t.cell"	"cd4.positive..alpha.beta.t.cell"	0.0773480662983425
"723"	"cd8.positive..alpha.beta.t.cell"	"t.cell"	0.0767918088737201
"364"	"mesothelial.cell"	"fibroblast"	0.0760749724366042
"32"	"respiratory.mucous.cell"	"goblet.cell"	0.0718015665796345
"255"	"pericyte.cell"	"connective.tissue.cell"	0.0710352422907489
"267"	"cd8.positive..alpha.beta.t.cell"	"double.positive..alpha.beta.thymocyte"	0.0708491076257436
"295"	"plasmacytoid.dendritic.cell"	"double.positive..alpha.beta.thymocyte"	0.0663120567375887
"265"	"vascular.associated.smooth.muscle.cell"	"connective.tissue.cell"	0.0640483383685801
"397"	"fibroblast"	"ionocyte"	0.0611167002012072
"251"	"myofibroblast.cell"	"connective.tissue.cell"	0.0588023088023088
"403"	"myofibroblast.cell"	"ionocyte"	0.0572372041827188
"558"	"non.classical.monocyte"	"neutrophil"	0.0567545963229417
"409"	"plasmacytoid.dendritic.cell"	"ionocyte"	0.0558912386706949
"52"	"dendritic.cell"	"b.cell"	0.054093567251462
"296"	"pulmonary.ionocyte"	"double.positive..alpha.beta.thymocyte"	0.0518089725036179
"283"	"fibroblast"	"double.positive..alpha.beta.thymocyte"	0.0515783540022548
"396"	"endothelial.cell.of.lymphatic.vessel"	"ionocyte"	0.0506615037108745
"678"	"respiratory.mucous.cell"	"serous.cell.of.epithelium.of.trachea"	0.0503751339764201
"415"	"type.i.pneumocyte"	"ionocyte"	0.0496402877697842
"107"	"respiratory.goblet.cell"	"basal.cell"	0.0481144343302991
"236"	"bronchial.smooth.muscle.cell"	"connective.tissue.cell"	0.0479452054794521
"289"	"myofibroblast.cell"	"double.positive..alpha.beta.thymocyte"	0.0477975632614808
"67"	"plasmacytoid.dendritic.cell"	"b.cell"	0.0466264399341744
"111"	"type.i.pneumocyte"	"basal.cell"	0.0459849004804393
"220"	"pulmonary.ionocyte"	"ciliated.cell"	0.0445746306673459
"244"	"endothelial.cell.of.lymphatic.vessel"	"connective.tissue.cell"	0.0430728241563055
"688"	"alveolar.fibroblast"	"smooth.muscle.cell"	0.0428189116859946
"724"	"cd4.positive..alpha.beta.t.cell"	"t.cell"	0.0420353982300885
"442"	"neutrophil"	"macrophage"	0.0410225921521998
"300"	"smooth.muscle.cell"	"double.positive..alpha.beta.thymocyte"	0.0408765276021913
"405"	"nk.cell"	"ionocyte"	0.0407418668288234
"414"	"smooth.muscle.cell"	"ionocyte"	0.040084388185654
"553"	"macrophage"	"neutrophil"	0.0390097524381095
"207"	"fibroblast"	"ciliated.cell"	0.0388517693640188
"282"	"endothelial.cell.of.lymphatic.vessel"	"double.positive..alpha.beta.thymocyte"	0.0386491557223265
"268"	"cd4.positive..alpha.beta.t.cell"	"double.positive..alpha.beta.thymocyte"	0.038220193953223
"470"	"dendritic.cell"	"mast.cell"	0.0381593714927048
"529"	"type.i.pneumocyte"	"mucus.secreting.cell"	0.0379550735863672
"119"	"b.cell"	"cd4.positive..alpha.beta.t.cell"	0.0377952755905512
"659"	"club.cell"	"serous.cell.of.epithelium.of.trachea"	0.0375
"747"	"nk.cell"	"t.cell"	0.0372792674950948
"238"	"capillary.aerocyte"	"connective.tissue.cell"	0.0366646954464814
"681"	"type.i.pneumocyte"	"serous.cell.of.epithelium.of.trachea"	0.0363890832750175
"250"	"mesothelial.cell"	"connective.tissue.cell"	0.0363147276395427
"36"	"type.ii.pneumocyte"	"goblet.cell"	0.0361757105943152
"262"	"smooth.muscle.cell"	"connective.tissue.cell"	0.0358585858585859
"447"	"plasmacytoid.dendritic.cell"	"macrophage"	0.0358527131782946
"139"	"nk.cell"	"cd4.positive..alpha.beta.t.cell"	0.0352028639618138
"507"	"club.cell"	"mucus.secreting.cell"	0.0345345345345345
"239"	"capillary.endothelial.cell"	"connective.tissue.cell"	0.0334128878281623
"376"	"smooth.muscle.cell"	"fibroblast"	0.0333796940194715
"693"	"bronchial.vessel.endothelial.cell"	"smooth.muscle.cell"	0.0332278481012658
"293"	"pericyte.cell"	"double.positive..alpha.beta.thymocyte"	0.0332167832167832
"399"	"lung.ciliated.cell"	"ionocyte"	0.0330872299699207
"40"	"cd4.positive..alpha.beta.t.cell"	"b.cell"	0.0329512893982808
"480"	"neutrophil"	"mast.cell"	0.0329341317365269
"35"	"type.i.pneumocyte"	"goblet.cell"	0.0328125
"213"	"myofibroblast.cell"	"ciliated.cell"	0.0327027027027027
"407"	"pericyte.cell"	"ionocyte"	0.0322113644589215
"640"	"respiratory.mucous.cell"	"secretory.cell"	0.031986531986532
"379"	"vascular.associated.smooth.muscle.cell"	"fibroblast"	0.0319240724762727
"89"	"club.cell"	"basal.cell"	0.0319148936170213
"225"	"type.i.pneumocyte"	"ciliated.cell"	0.0316951566951567
"416"	"type.ii.pneumocyte"	"ionocyte"	0.0309544282029235
"263"	"type.i.pneumocyte"	"connective.tissue.cell"	0.0302254098360656
"530"	"type.ii.pneumocyte"	"mucus.secreting.cell"	0.0301507537688442
"271"	"b.cell"	"double.positive..alpha.beta.thymocyte"	0.0299168975069252
"63"	"nk.cell"	"b.cell"	0.0297251822770611
"677"	"respiratory.goblet.cell"	"serous.cell.of.epithelium.of.trachea"	0.0296896086369771
"219"	"plasmacytoid.dendritic.cell"	"ciliated.cell"	0.02963841138115
"110"	"smooth.muscle.cell"	"basal.cell"	0.0296247531270573
"561"	"plasmacytoid.dendritic.cell"	"neutrophil"	0.0293025175402394
"485"	"plasmacytoid.dendritic.cell"	"mast.cell"	0.0292397660818713
"181"	"plasmacytoid.dendritic.cell"	"cd8.positive..alpha.beta.t.cell"	0.0291666666666667
"13"	"club.cell"	"goblet.cell"	0.0291411042944785
"388"	"bronchial.smooth.muscle.cell"	"ionocyte"	0.028594122319301
"339"	"type.i.pneumocyte"	"endothelial.cell"	0.0284960422163588
"546"	"dendritic.cell"	"neutrophil"	0.028324154209284
"98"	"mesothelial.cell"	"basal.cell"	0.0282926829268293
"290"	"neutrophil"	"double.positive..alpha.beta.thymocyte"	0.0282574568288854
"481"	"nk.cell"	"mast.cell"	0.0282258064516129
"669"	"myofibroblast.cell"	"serous.cell.of.epithelium.of.trachea"	0.0282171868319795
"321"	"fibroblast"	"endothelial.cell"	0.0281556469471686
"85"	"bronchial.vessel.endothelial.cell"	"basal.cell"	0.0280759702725021
"390"	"capillary.aerocyte"	"ionocyte"	0.0278207109737249
"206"	"endothelial.cell.of.lymphatic.vessel"	"ciliated.cell"	0.0273102572245157
"389"	"bronchial.vessel.endothelial.cell"	"ionocyte"	0.0268482490272374
"258"	"pulmonary.ionocyte"	"connective.tissue.cell"	0.026828489300543
"643"	"type.i.pneumocyte"	"secretory.cell"	0.0267281105990783
"331"	"pericyte.cell"	"endothelial.cell"	0.0267175572519084
"483"	"pericyte.cell"	"mast.cell"	0.026554856743536
"357"	"endothelial.cell.of.artery"	"fibroblast"	0.0264705882352941
"369"	"pericyte.cell"	"fibroblast"	0.0260223048327138
"676"	"pulmonary.ionocyte"	"serous.cell.of.epithelium.of.trachea"	0.0259839510890332
"6"	"basal.cell"	"goblet.cell"	0.0258249641319943
"359"	"fibroblast"	"fibroblast"	0.025765496639283
"662"	"endothelial.cell.of.lymphatic.vessel"	"serous.cell.of.epithelium.of.trachea"	0.0253664036076663
"96"	"lung.microvascular.endothelial.cell"	"basal.cell"	0.0246913580246914
"557"	"nk.cell"	"neutrophil"	0.0245346869712352
"467"	"capillary.endothelial.cell"	"mast.cell"	0.0244698205546493
"222"	"respiratory.mucous.cell"	"ciliated.cell"	0.0243693886276186
"621"	"club.cell"	"secretory.cell"	0.0243362831858407
"365"	"myofibroblast.cell"	"fibroblast"	0.0242005185825411
"358"	"endothelial.cell.of.lymphatic.vessel"	"fibroblast"	0.0241102181400689
"675"	"plasmacytoid.dendritic.cell"	"serous.cell.of.epithelium.of.trachea"	0.0238805970149254
"350"	"bronchial.smooth.muscle.cell"	"fibroblast"	0.0238095238095238
"275"	"bronchial.vessel.endothelial.cell"	"double.positive..alpha.beta.thymocyte"	0.0237981913374584
"417"	"vascular.associated.smooth.muscle.cell"	"ionocyte"	0.0237912509593246
"472"	"endothelial.cell.of.lymphatic.vessel"	"mast.cell"	0.0234972677595628
"112"	"type.ii.pneumocyte"	"basal.cell"	0.0234454638124363
"106"	"pulmonary.ionocyte"	"basal.cell"	0.0232558139534884
"694"	"capillary.aerocyte"	"smooth.muscle.cell"	0.023130300693909
"687"	"adventitial.cell"	"smooth.muscle.cell"	0.0230292294065545
"243"	"endothelial.cell.of.artery"	"connective.tissue.cell"	0.0228426395939086
"301"	"type.i.pneumocyte"	"double.positive..alpha.beta.thymocyte"	0.0227272727272727
"527"	"serous.cell.of.epithelium.of.bronchus"	"mucus.secreting.cell"	0.0225846925972397
"707"	"myofibroblast.cell"	"smooth.muscle.cell"	0.0219959266802444
"543"	"capillary.endothelial.cell"	"neutrophil"	0.0218340611353712
"34"	"smooth.muscle.cell"	"goblet.cell"	0.0217554388597149
"103"	"pericyte.cell"	"basal.cell"	0.0217238962859145
"473"	"fibroblast"	"mast.cell"	0.0216138328530259
"22"	"mesothelial.cell"	"goblet.cell"	0.0215827338129496
"523"	"plasmacytoid.dendritic.cell"	"mucus.secreting.cell"	0.0213106020245072
"511"	"fibroblast"	"mucus.secreting.cell"	0.0212683681361176
"338"	"smooth.muscle.cell"	"endothelial.cell"	0.021047227926078
"542"	"capillary.aerocyte"	"neutrophil"	0.0209230769230769
"500"	"basal.cell"	"mucus.secreting.cell"	0.020891364902507
"64"	"non.classical.monocyte"	"b.cell"	0.0208044382801664
"517"	"myofibroblast.cell"	"mucus.secreting.cell"	0.0207394048692516
"99"	"myofibroblast.cell"	"basal.cell"	0.0204251771571488
"92"	"endothelial.cell.of.lymphatic.vessel"	"basal.cell"	0.0202739726027397
"682"	"type.ii.pneumocyte"	"serous.cell.of.epithelium.of.trachea"	0.0201698513800425
"663"	"fibroblast"	"serous.cell.of.epithelium.of.trachea"	0.0201686835350202
"224"	"smooth.muscle.cell"	"ciliated.cell"	0.0201458839874957
"215"	"nk.cell"	"ciliated.cell"	0.0200899550224888
"29"	"plasmacytoid.dendritic.cell"	"goblet.cell"	0.0198711063372718
"253"	"nk.cell"	"connective.tissue.cell"	0.0198621807863802
"217"	"pericyte.cell"	"ciliated.cell"	0.0198126801152738
"352"	"capillary.aerocyte"	"fibroblast"	0.0197424892703863
"391"	"capillary.endothelial.cell"	"ionocyte"	0.0197063369397218
"700"	"endothelial.cell.of.lymphatic.vessel"	"smooth.muscle.cell"	0.0196182396606575
"203"	"club.cell"	"ciliated.cell"	0.0195188379482524
"3"	"adventitial.cell"	"goblet.cell"	0.0194285714285714
"412"	"respiratory.mucous.cell"	"ionocyte"	0.01940109658372
"341"	"vascular.associated.smooth.muscle.cell"	"endothelial.cell"	0.0191961607678464
"280"	"dendritic.cell"	"double.positive..alpha.beta.thymocyte"	0.019036954087346
"227"	"vascular.associated.smooth.muscle.cell"	"ciliated.cell"	0.018860662047729
"471"	"endothelial.cell.of.artery"	"mast.cell"	0.0188340807174888
"402"	"mesothelial.cell"	"ionocyte"	0.0187265917602996
"701"	"fibroblast"	"smooth.muscle.cell"	0.0187080833039181
"395"	"endothelial.cell.of.artery"	"ionocyte"	0.0186008896077638
"466"	"capillary.aerocyte"	"mast.cell"	0.018341307814992
"377"	"type.i.pneumocyte"	"fibroblast"	0.0183098591549296
"266"	"vein.endothelial.cell"	"connective.tissue.cell"	0.0183066361556064
"285"	"lung.ciliated.cell"	"double.positive..alpha.beta.thymocyte"	0.0182606004333024
"198"	"bronchial.smooth.muscle.cell"	"ciliated.cell"	0.0182322631787554
"30"	"pulmonary.ionocyte"	"goblet.cell"	0.0181378476420798
"668"	"mesothelial.cell"	"serous.cell.of.epithelium.of.trachea"	0.0181268882175227
"166"	"dendritic.cell"	"cd8.positive..alpha.beta.t.cell"	0.0180645161290323
"143"	"plasmacytoid.dendritic.cell"	"cd4.positive..alpha.beta.t.cell"	0.0180281690140845
"599"	"plasmacytoid.dendritic.cell"	"plasma.cell"	0.0178890876565295
"548"	"endothelial.cell.of.lymphatic.vessel"	"neutrophil"	0.0175992779783394
"510"	"endothelial.cell.of.lymphatic.vessel"	"mucus.secreting.cell"	0.0175864160097029
"95"	"lung.ciliated.cell"	"basal.cell"	0.0174989329918907
"353"	"capillary.endothelial.cell"	"fibroblast"	0.01743679163034
"413"	"serous.cell.of.epithelium.of.bronchus"	"ionocyte"	0.0174319727891156
"45"	"basophil"	"b.cell"	0.0173564753004005
"109"	"serous.cell.of.epithelium.of.bronchus"	"basal.cell"	0.0173116089613035
"303"	"vascular.associated.smooth.muscle.cell"	"double.positive..alpha.beta.thymocyte"	0.0172655156322912
"477"	"macrophage"	"mast.cell"	0.0172413793103448
"312"	"bronchial.smooth.muscle.cell"	"endothelial.cell"	0.0169385194479297
"108"	"respiratory.mucous.cell"	"basal.cell"	0.0168986083499006
"524"	"pulmonary.ionocyte"	"mucus.secreting.cell"	0.0167865707434053
"443"	"nk.cell"	"macrophage"	0.0167322834645669
"486"	"pulmonary.ionocyte"	"mast.cell"	0.0167037861915367
"719"	"type.i.pneumocyte"	"smooth.muscle.cell"	0.0166773572803079
"513"	"lung.ciliated.cell"	"mucus.secreting.cell"	0.0166358595194085
"327"	"myofibroblast.cell"	"endothelial.cell"	0.0166312809624912
"56"	"intermediate.monocyte"	"b.cell"	0.0165816326530612
"93"	"fibroblast"	"basal.cell"	0.016552716804606
"479"	"myofibroblast.cell"	"mast.cell"	0.0165357585779248
"105"	"plasmacytoid.dendritic.cell"	"basal.cell"	0.0164489598451863
"276"	"capillary.aerocyte"	"double.positive..alpha.beta.thymocyte"	0.0163781001403837
"575"	"b.cell"	"plasma.cell"	0.0163636363636364
"650"	"alveolar.fibroblast"	"serous.cell.of.epithelium.of.trachea"	0.0162213740458015
"482"	"non.classical.monocyte"	"mast.cell"	0.0162162162162162
"257"	"plasmacytoid.dendritic.cell"	"connective.tissue.cell"	0.0160973694542599
"333"	"plasmacytoid.dendritic.cell"	"endothelial.cell"	0.0160901045856798
"655"	"bronchial.vessel.endothelial.cell"	"serous.cell.of.epithelium.of.trachea"	0.0160608622147084
"62"	"neutrophil"	"b.cell"	0.0160320641282565
"457"	"cd8.positive..alpha.beta.t.cell"	"mast.cell"	0.0159176029962547
"671"	"nk.cell"	"serous.cell.of.epithelium.of.trachea"	0.0158567774936061
"673"	"pericyte.cell"	"serous.cell.of.epithelium.of.trachea"	0.0157932519741565
"278"	"classical.monocyte"	"double.positive..alpha.beta.thymocyte"	0.0157437567861021
"393"	"club.cell"	"ionocyte"	0.0156810035842294
"665"	"lung.ciliated.cell"	"serous.cell.of.epithelium.of.trachea"	0.0156182212581345
"454"	"type.ii.pneumocyte"	"macrophage"	0.015609756097561
"277"	"capillary.endothelial.cell"	"double.positive..alpha.beta.thymocyte"	0.0155807365439093
"695"	"capillary.endothelial.cell"	"smooth.muscle.cell"	0.015552099533437
"196"	"basal.cell"	"ciliated.cell"	0.0155210643015521
"101"	"nk.cell"	"basal.cell"	0.0155155155155155
"706"	"mesothelial.cell"	"smooth.muscle.cell"	0.0154826958105647
"699"	"endothelial.cell.of.artery"	"smooth.muscle.cell"	0.0154109589041096
"547"	"endothelial.cell.of.artery"	"neutrophil"	0.0153846153846154
"386"	"basal.cell"	"ionocyte"	0.015377855887522
"378"	"type.ii.pneumocyte"	"fibroblast"	0.0153508771929825
"84"	"bronchial.smooth.muscle.cell"	"basal.cell"	0.0152801358234295
"492"	"type.ii.pneumocyte"	"mast.cell"	0.015
"274"	"bronchial.smooth.muscle.cell"	"double.positive..alpha.beta.thymocyte"	0.0149686141960406
"434"	"endothelial.cell.of.lymphatic.vessel"	"macrophage"	0.0149652592196686
"567"	"type.i.pneumocyte"	"neutrophil"	0.0148226574907358
"404"	"neutrophil"	"ionocyte"	0.0146914789422135
"248"	"lung.microvascular.endothelial.cell"	"connective.tissue.cell"	0.0146379044684129
"380"	"vein.endothelial.cell"	"fibroblast"	0.0144927536231884
"179"	"pericyte.cell"	"cd8.positive..alpha.beta.t.cell"	0.0144596651445967
"363"	"macrophage"	"fibroblast"	0.0144284128745838
"175"	"myofibroblast.cell"	"cd8.positive..alpha.beta.t.cell"	0.014410480349345
"326"	"mesothelial.cell"	"endothelial.cell"	0.01440329218107
"453"	"type.i.pneumocyte"	"macrophage"	0.0142949967511371
"445"	"pericyte.cell"	"macrophage"	0.014246947082768
"490"	"smooth.muscle.cell"	"mast.cell"	0.0141661300708307
"226"	"type.ii.pneumocyte"	"ciliated.cell"	0.0140784982935154
"683"	"vascular.associated.smooth.muscle.cell"	"serous.cell.of.epithelium.of.trachea"	0.014003294892916
"652"	"basal.cell"	"serous.cell.of.epithelium.of.trachea"	0.0139211136890951
"87"	"capillary.endothelial.cell"	"basal.cell"	0.0138436482084691
"519"	"nk.cell"	"mucus.secreting.cell"	0.0137362637362637
"223"	"serous.cell.of.epithelium.of.bronchus"	"ciliated.cell"	0.0136752136752137
"644"	"type.ii.pneumocyte"	"secretory.cell"	0.0136518771331058
"713"	"plasmacytoid.dendritic.cell"	"smooth.muscle.cell"	0.013595874355368
"539"	"basophil"	"neutrophil"	0.0135338345864662
"657"	"capillary.endothelial.cell"	"serous.cell.of.epithelium.of.trachea"	0.0134907251264755
"47"	"bronchial.vessel.endothelial.cell"	"b.cell"	0.0134874759152216
"157"	"b.cell"	"cd8.positive..alpha.beta.t.cell"	0.0134638922888617
"288"	"mesothelial.cell"	"double.positive..alpha.beta.thymocyte"	0.0134436401240951
"387"	"basophil"	"ionocyte"	0.0133735979292494
"680"	"smooth.muscle.cell"	"serous.cell.of.epithelium.of.trachea"	0.0133244503664224
"164"	"classical.monocyte"	"cd8.positive..alpha.beta.t.cell"	0.0132689987937274
"656"	"capillary.aerocyte"	"serous.cell.of.epithelium.of.trachea"	0.0132560066280033
"654"	"bronchial.smooth.muscle.cell"	"serous.cell.of.epithelium.of.trachea"	0.0131810193321617
"474"	"intermediate.monocyte"	"mast.cell"	0.0131578947368421
"559"	"pericyte.cell"	"neutrophil"	0.013136288998358
"55"	"fibroblast"	"b.cell"	0.0130869899923018
"273"	"basophil"	"double.positive..alpha.beta.thymocyte"	0.0130647795318454
"200"	"capillary.aerocyte"	"ciliated.cell"	0.0130518234165067
"170"	"intermediate.monocyte"	"cd8.positive..alpha.beta.t.cell"	0.0128805620608899
"751"	"plasmacytoid.dendritic.cell"	"t.cell"	0.0128283445326817
"284"	"intermediate.monocyte"	"double.positive..alpha.beta.thymocyte"	0.0128205128205128
"287"	"macrophage"	"double.positive..alpha.beta.thymocyte"	0.0128068303094984
"516"	"mesothelial.cell"	"mucus.secreting.cell"	0.0128055878928987
"86"	"capillary.aerocyte"	"basal.cell"	0.0128
"66"	"plasma.cell"	"b.cell"	0.0127659574468085
"299"	"serous.cell.of.epithelium.of.bronchus"	"double.positive..alpha.beta.thymocyte"	0.0127591706539075
"17"	"fibroblast"	"goblet.cell"	0.0127413127413127
"113"	"vascular.associated.smooth.muscle.cell"	"basal.cell"	0.0127186009538951
"59"	"macrophage"	"b.cell"	0.0126742712294043
"491"	"type.i.pneumocyte"	"mast.cell"	0.012532981530343
"19"	"lung.ciliated.cell"	"goblet.cell"	0.0125290023201856
"162"	"capillary.aerocyte"	"cd8.positive..alpha.beta.t.cell"	0.0124223602484472
"549"	"fibroblast"	"neutrophil"	0.0122680088078012
"121"	"basophil"	"cd4.positive..alpha.beta.t.cell"	0.0122511485451761
"16"	"endothelial.cell.of.lymphatic.vessel"	"goblet.cell"	0.0121951219512195
"148"	"smooth.muscle.cell"	"cd4.positive..alpha.beta.t.cell"	0.0119521912350598
"727"	"b.cell"	"t.cell"	0.0119047619047619
"334"	"pulmonary.ionocyte"	"endothelial.cell"	0.0118741976893453
"429"	"capillary.endothelial.cell"	"macrophage"	0.0118389897395422
"72"	"smooth.muscle.cell"	"b.cell"	0.0118081180811808
"494"	"vein.endothelial.cell"	"mast.cell"	0.0117785630153121
"603"	"serous.cell.of.epithelium.of.bronchus"	"plasma.cell"	0.0117056856187291
"264"	"type.ii.pneumocyte"	"connective.tissue.cell"	0.0115332428765265
"88"	"classical.monocyte"	"basal.cell"	0.0115303983228512
"39"	"cd8.positive..alpha.beta.t.cell"	"b.cell"	0.0114810562571757
"176"	"neutrophil"	"cd8.positive..alpha.beta.t.cell"	0.011457670273711
"383"	"adventitial.cell"	"ionocyte"	0.0113821138211382
"704"	"lung.microvascular.endothelial.cell"	"smooth.muscle.cell"	0.0113507377979569
"515"	"macrophage"	"mucus.secreting.cell"	0.0112640801001252
"97"	"macrophage"	"basal.cell"	0.0112130479102956
"241"	"club.cell"	"connective.tissue.cell"	0.0111524163568773
"401"	"macrophage"	"ionocyte"	0.0110169491525424
"630"	"mesothelial.cell"	"secretory.cell"	0.010989010989011
"130"	"endothelial.cell.of.lymphatic.vessel"	"cd4.positive..alpha.beta.t.cell"	0.0109606705351386
"281"	"endothelial.cell.of.artery"	"double.positive..alpha.beta.thymocyte"	0.0109507217521155
"458"	"cd4.positive..alpha.beta.t.cell"	"mast.cell"	0.0109289617486339
"329"	"nk.cell"	"endothelial.cell"	0.0107084019769358
"149"	"type.i.pneumocyte"	"cd4.positive..alpha.beta.t.cell"	0.0106820049301561
"518"	"neutrophil"	"mucus.secreting.cell"	0.0105680317040951
"237"	"bronchial.vessel.endothelial.cell"	"connective.tissue.cell"	0.0105017502917153
"214"	"neutrophil"	"ciliated.cell"	0.0104746317512275
"50"	"classical.monocyte"	"b.cell"	0.0104712041884817
"465"	"bronchial.vessel.endothelial.cell"	"mast.cell"	0.0104585679806919
"660"	"dendritic.cell"	"serous.cell.of.epithelium.of.trachea"	0.0104408352668213
"433"	"endothelial.cell.of.artery"	"macrophage"	0.0104347826086957
"351"	"bronchial.vessel.endothelial.cell"	"fibroblast"	0.0103896103896104
"521"	"pericyte.cell"	"mucus.secreting.cell"	0.0103092783505155
"641"	"serous.cell.of.epithelium.of.bronchus"	"secretory.cell"	0.0102915951972556
"427"	"bronchial.vessel.endothelial.cell"	"macrophage"	0.0102442868400315
"94"	"intermediate.monocyte"	"basal.cell"	0.0102040816326531
"398"	"intermediate.monocyte"	"ionocyte"	0.0101694915254237
"428"	"capillary.aerocyte"	"macrophage"	0.010077519379845
"178"	"non.classical.monocyte"	"cd8.positive..alpha.beta.t.cell"	0.0100502512562814
"464"	"bronchial.smooth.muscle.cell"	"mast.cell"	0.0100418410041841
"489"	"serous.cell.of.epithelium.of.bronchus"	"mast.cell"	0.01
"254"	"non.classical.monocyte"	"connective.tissue.cell"	0.00998573466476462
"137"	"myofibroblast.cell"	"cd4.positive..alpha.beta.t.cell"	0.00984528832630099
"498"	"alveolar.fibroblast"	"mucus.secreting.cell"	0.00983606557377049
"714"	"pulmonary.ionocyte"	"smooth.muscle.cell"	0.00977552498189718
"441"	"myofibroblast.cell"	"macrophage"	0.00975213327915482
"129"	"endothelial.cell.of.artery"	"cd4.positive..alpha.beta.t.cell"	0.00972053462940462
"627"	"lung.ciliated.cell"	"secretory.cell"	0.00971867007672634
"54"	"endothelial.cell.of.lymphatic.vessel"	"b.cell"	0.00967937084089534
"509"	"endothelial.cell.of.artery"	"mucus.secreting.cell"	0.00965665236051502
"533"	"cd8.positive..alpha.beta.t.cell"	"neutrophil"	0.00963523743977977
"649"	"adventitial.cell"	"serous.cell.of.epithelium.of.trachea"	0.00960614793467819
"555"	"myofibroblast.cell"	"neutrophil"	0.00959488272921109
"249"	"macrophage"	"connective.tissue.cell"	0.00955631399317406
"302"	"type.ii.pneumocyte"	"double.positive..alpha.beta.thymocyte"	0.00951374207188161
"720"	"type.ii.pneumocyte"	"smooth.muscle.cell"	0.00947867298578199
"568"	"type.ii.pneumocyte"	"neutrophil"	0.00939306358381503
"169"	"fibroblast"	"cd8.positive..alpha.beta.t.cell"	0.00934579439252336
"468"	"classical.monocyte"	"mast.cell"	0.0093071354705274
"205"	"endothelial.cell.of.artery"	"ciliated.cell"	0.00929292929292929
"340"	"type.ii.pneumocyte"	"endothelial.cell"	0.00918079096045198
"131"	"fibroblast"	"cd4.positive..alpha.beta.t.cell"	0.00917065390749601
"435"	"fibroblast"	"macrophage"	0.00916784203102962
"425"	"basophil"	"macrophage"	0.00915564598168871
"372"	"pulmonary.ionocyte"	"fibroblast"	0.00913937547600914
"80"	"alveolar.fibroblast"	"basal.cell"	0.00910746812386157
"460"	"alveolar.fibroblast"	"mast.cell"	0.00901713255184851
"163"	"capillary.endothelial.cell"	"cd8.positive..alpha.beta.t.cell"	0.00900900900900901
"418"	"vein.endothelial.cell"	"ionocyte"	0.009000900090009
"23"	"myofibroblast.cell"	"goblet.cell"	0.00898472596585804
"328"	"neutrophil"	"endothelial.cell"	0.0089622641509434
"122"	"bronchial.smooth.muscle.cell"	"cd4.positive..alpha.beta.t.cell"	0.00894854586129754
"605"	"type.i.pneumocyte"	"plasma.cell"	0.00892857142857143
"571"	"cd8.positive..alpha.beta.t.cell"	"plasma.cell"	0.00890207715133531
"722"	"vein.endothelial.cell"	"smooth.muscle.cell"	0.00887902330743618
"384"	"alveolar.fibroblast"	"ionocyte"	0.00887096774193548
"201"	"capillary.endothelial.cell"	"ciliated.cell"	0.00886319845857418
"422"	"alveolar.fibroblast"	"macrophage"	0.00881057268722467
"488"	"respiratory.mucous.cell"	"mast.cell"	0.00878048780487805
"684"	"vein.endothelial.cell"	"serous.cell.of.epithelium.of.trachea"	0.0087719298245614
"536"	"alveolar.fibroblast"	"neutrophil"	0.00873655913978495
"132"	"intermediate.monocyte"	"cd4.positive..alpha.beta.t.cell"	0.00869565217391304
"187"	"type.i.pneumocyte"	"cd8.positive..alpha.beta.t.cell"	0.00865176640230714
"234"	"basal.cell"	"connective.tissue.cell"	0.00862068965517241
"604"	"smooth.muscle.cell"	"plasma.cell"	0.00862068965517241
"505"	"capillary.endothelial.cell"	"mucus.secreting.cell"	0.00855513307984791
"317"	"club.cell"	"endothelial.cell"	0.00854700854700855
"123"	"bronchial.vessel.endothelial.cell"	"cd4.positive..alpha.beta.t.cell"	0.00848356309650053
"160"	"bronchial.smooth.muscle.cell"	"cd8.positive..alpha.beta.t.cell"	0.00847457627118644
"623"	"endothelial.cell.of.artery"	"secretory.cell"	0.00846262341325811
"670"	"neutrophil"	"serous.cell.of.epithelium.of.trachea"	0.00844900422450211
"348"	"basal.cell"	"fibroblast"	0.00841346153846154
"114"	"vein.endothelial.cell"	"basal.cell"	0.00832342449464923
"212"	"mesothelial.cell"	"ciliated.cell"	0.00830909846281678
"459"	"adventitial.cell"	"mast.cell"	0.00821167883211679
"381"	"cd8.positive..alpha.beta.t.cell"	"ionocyte"	0.00816993464052288
"419"	"cd8.positive..alpha.beta.t.cell"	"macrophage"	0.00816696914700544
"261"	"serous.cell.of.epithelium.of.bronchus"	"connective.tissue.cell"	0.00814111261872456
"182"	"pulmonary.ionocyte"	"cd8.positive..alpha.beta.t.cell"	0.00813323005422153
"128"	"dendritic.cell"	"cd4.positive..alpha.beta.t.cell"	0.00813008130081301
"194"	"alveolar.fibroblast"	"ciliated.cell"	0.00812677773262901
"562"	"pulmonary.ionocyte"	"neutrophil"	0.0080749354005168
"91"	"endothelial.cell.of.artery"	"basal.cell"	0.00806451612903226
"349"	"basophil"	"fibroblast"	0.00804597701149425
"354"	"classical.monocyte"	"fibroblast"	0.00795454545454545
"144"	"pulmonary.ionocyte"	"cd4.positive..alpha.beta.t.cell"	0.00786749482401656
"382"	"cd4.positive..alpha.beta.t.cell"	"ionocyte"	0.00786026200873362
"569"	"vascular.associated.smooth.muscle.cell"	"neutrophil"	0.00785973397823458
"493"	"vascular.associated.smooth.muscle.cell"	"mast.cell"	0.00784313725490196
"298"	"respiratory.mucous.cell"	"double.positive..alpha.beta.thymocyte"	0.00783699059561128
"638"	"pulmonary.ionocyte"	"secretory.cell"	0.00782608695652174
"572"	"cd4.positive..alpha.beta.t.cell"	"plasma.cell"	0.00775193798449612
"9"	"bronchial.vessel.endothelial.cell"	"goblet.cell"	0.00772946859903382
"11"	"capillary.endothelial.cell"	"goblet.cell"	0.00772946859903382
"385"	"b.cell"	"ionocyte"	0.0077286389008158
"292"	"non.classical.monocyte"	"double.positive..alpha.beta.thymocyte"	0.00768808347062054
"666"	"lung.microvascular.endothelial.cell"	"serous.cell.of.epithelium.of.trachea"	0.00768245838668374
"375"	"serous.cell.of.epithelium.of.bronchus"	"fibroblast"	0.00765864332603939
"15"	"endothelial.cell.of.artery"	"goblet.cell"	0.00764192139737991
"717"	"serous.cell.of.epithelium.of.bronchus"	"smooth.muscle.cell"	0.00760456273764259
"61"	"myofibroblast.cell"	"b.cell"	0.00759606791778374
"48"	"capillary.aerocyte"	"b.cell"	0.00751173708920188
"664"	"intermediate.monocyte"	"serous.cell.of.epithelium.of.trachea"	0.0074468085106383
"667"	"macrophage"	"serous.cell.of.epithelium.of.trachea"	0.00743099787685775
"394"	"dendritic.cell"	"ionocyte"	0.00742034046268005
"615"	"basophil"	"secretory.cell"	0.00739371534195933
"83"	"basophil"	"basal.cell"	0.00738396624472574
"541"	"bronchial.vessel.endothelial.cell"	"neutrophil"	0.00738007380073801
"79"	"adventitial.cell"	"basal.cell"	0.00736648250460405
"528"	"smooth.muscle.cell"	"mucus.secreting.cell"	0.0072992700729927
"211"	"macrophage"	"ciliated.cell"	0.00724020442930153
"135"	"macrophage"	"cd4.positive..alpha.beta.t.cell"	0.00721500721500722
"151"	"vascular.associated.smooth.muscle.cell"	"cd4.positive..alpha.beta.t.cell"	0.00719424460431655
"573"	"adventitial.cell"	"plasma.cell"	0.00719424460431655
"65"	"pericyte.cell"	"b.cell"	0.0071656050955414
"325"	"macrophage"	"endothelial.cell"	0.00710732054015636
"189"	"vascular.associated.smooth.muscle.cell"	"cd8.positive..alpha.beta.t.cell"	0.007011393514461
"270"	"alveolar.fibroblast"	"double.positive..alpha.beta.thymocyte"	0.007
"186"	"smooth.muscle.cell"	"cd8.positive..alpha.beta.t.cell"	0.00699790062981106
"540"	"bronchial.smooth.muscle.cell"	"neutrophil"	0.00697084917617237
"371"	"plasmacytoid.dendritic.cell"	"fibroblast"	0.00696864111498258
"240"	"classical.monocyte"	"connective.tissue.cell"	0.00693481276005548
"141"	"pericyte.cell"	"cd4.positive..alpha.beta.t.cell"	0.0069204152249135
"629"	"macrophage"	"secretory.cell"	0.0069204152249135
"508"	"dendritic.cell"	"mucus.secreting.cell"	0.00689655172413793
"646"	"vein.endothelial.cell"	"secretory.cell"	0.00689655172413793
"252"	"neutrophil"	"connective.tissue.cell"	0.00686184812442818
"73"	"type.i.pneumocyte"	"b.cell"	0.00680786686838124
"279"	"club.cell"	"double.positive..alpha.beta.thymocyte"	0.0067911714770798
"362"	"lung.microvascular.endothelial.cell"	"fibroblast"	0.00669344042838019
"705"	"macrophage"	"smooth.muscle.cell"	0.00669216061185468
"247"	"lung.ciliated.cell"	"connective.tissue.cell"	0.00666199158485273
"431"	"club.cell"	"macrophage"	0.00663716814159292
"497"	"adventitial.cell"	"mucus.secreting.cell"	0.00663716814159292
"651"	"b.cell"	"serous.cell.of.epithelium.of.trachea"	0.00663716814159292
"307"	"adventitial.cell"	"endothelial.cell"	0.00662690523525514
"10"	"capillary.aerocyte"	"goblet.cell"	0.00662251655629139
"136"	"mesothelial.cell"	"cd4.positive..alpha.beta.t.cell"	0.00662251655629139
"360"	"intermediate.monocyte"	"fibroblast"	0.00662251655629139
"308"	"alveolar.fibroblast"	"endothelial.cell"	0.00656598818122127
"77"	"cd8.positive..alpha.beta.t.cell"	"basal.cell"	0.00656044985941893
"448"	"pulmonary.ionocyte"	"macrophage"	0.00655260283946123
"426"	"bronchial.smooth.muscle.cell"	"macrophage"	0.00653061224489796
"745"	"myofibroblast.cell"	"t.cell"	0.00652610441767068
"661"	"endothelial.cell.of.artery"	"serous.cell.of.epithelium.of.trachea"	0.00651162790697674
"565"	"serous.cell.of.epithelium.of.bronchus"	"neutrophil"	0.00650759219088937
"102"	"non.classical.monocyte"	"basal.cell"	0.00650054171180932
"716"	"respiratory.mucous.cell"	"smooth.muscle.cell"	0.00649953574744661
"406"	"non.classical.monocyte"	"ionocyte"	0.00649913344887348
"570"	"vein.endothelial.cell"	"neutrophil"	0.0064882400648824
"221"	"respiratory.goblet.cell"	"ciliated.cell"	0.00646651270207852
"531"	"vascular.associated.smooth.muscle.cell"	"mucus.secreting.cell"	0.00646352723915051
"602"	"respiratory.mucous.cell"	"plasma.cell"	0.0064
"168"	"endothelial.cell.of.lymphatic.vessel"	"cd8.positive..alpha.beta.t.cell"	0.00637311703360371
"355"	"club.cell"	"fibroblast"	0.00632911392405063
"748"	"non.classical.monocyte"	"t.cell"	0.0062111801242236
"566"	"smooth.muscle.cell"	"neutrophil"	0.00616966580976864
"595"	"nk.cell"	"plasma.cell"	0.00615384615384615
"199"	"bronchial.vessel.endothelial.cell"	"ciliated.cell"	0.00614911606456572
"246"	"intermediate.monocyte"	"connective.tissue.cell"	0.0061307901907357
"642"	"smooth.muscle.cell"	"secretory.cell"	0.00610287707061901
"423"	"b.cell"	"macrophage"	0.00609756097560976
"592"	"mesothelial.cell"	"plasma.cell"	0.00609756097560976
"159"	"basophil"	"cd8.positive..alpha.beta.t.cell"	0.00606060606060606
"600"	"pulmonary.ionocyte"	"plasma.cell"	0.00603448275862069
"737"	"endothelial.cell.of.artery"	"t.cell"	0.00589970501474926
"618"	"capillary.aerocyte"	"secretory.cell"	0.00587544065804935
"173"	"macrophage"	"cd8.positive..alpha.beta.t.cell"	0.00580046403712297
"185"	"serous.cell.of.epithelium.of.bronchus"	"cd8.positive..alpha.beta.t.cell"	0.00575373993095512
"607"	"vascular.associated.smooth.muscle.cell"	"plasma.cell"	0.00571428571428571
"138"	"neutrophil"	"cd4.positive..alpha.beta.t.cell"	0.0056657223796034
"708"	"neutrophil"	"smooth.muscle.cell"	0.0056657223796034
"452"	"smooth.muscle.cell"	"macrophage"	0.00565326633165829
"554"	"mesothelial.cell"	"neutrophil"	0.00555941626129256
"68"	"pulmonary.ionocyte"	"b.cell"	0.00555335184450615
"392"	"classical.monocyte"	"ionocyte"	0.00554134697357204
"366"	"neutrophil"	"fibroblast"	0.00553165334972342
"269"	"adventitial.cell"	"double.positive..alpha.beta.thymocyte"	0.00553041729512318
"373"	"respiratory.goblet.cell"	"fibroblast"	0.00552486187845304
"653"	"basophil"	"serous.cell.of.epithelium.of.trachea"	0.00551267916207277
"743"	"macrophage"	"t.cell"	0.00549450549450549
"228"	"vein.endothelial.cell"	"ciliated.cell"	0.00543232231779086
"161"	"bronchial.vessel.endothelial.cell"	"cd8.positive..alpha.beta.t.cell"	0.00538599640933573
"697"	"club.cell"	"smooth.muscle.cell"	0.00538213132400431
"421"	"adventitial.cell"	"macrophage"	0.00533333333333333
"374"	"respiratory.mucous.cell"	"fibroblast"	0.00531914893617021
"125"	"capillary.endothelial.cell"	"cd4.positive..alpha.beta.t.cell"	0.00528541226215645
"81"	"b.cell"	"basal.cell"	0.00527426160337553
"318"	"dendritic.cell"	"endothelial.cell"	0.00525525525525526
"537"	"b.cell"	"neutrophil"	0.00522778192681105
"501"	"basophil"	"mucus.secreting.cell"	0.00521512385919166
"742"	"lung.microvascular.endothelial.cell"	"t.cell"	0.00519480519480519
"195"	"b.cell"	"ciliated.cell"	0.00518582541054451
"197"	"basophil"	"ciliated.cell"	0.00518134715025907
"698"	"dendritic.cell"	"smooth.muscle.cell"	0.00515463917525773
"229"	"cd8.positive..alpha.beta.t.cell"	"connective.tissue.cell"	0.0051513200257566
"208"	"intermediate.monocyte"	"ciliated.cell"	0.00510421097405359
"18"	"intermediate.monocyte"	"goblet.cell"	0.00510204081632653
"21"	"macrophage"	"goblet.cell"	0.00508905852417303
"710"	"non.classical.monocyte"	"smooth.muscle.cell"	0.0050761421319797
"475"	"lung.ciliated.cell"	"mast.cell"	0.00503566932438103
"242"	"dendritic.cell"	"connective.tissue.cell"	0.00502152080344333
"322"	"intermediate.monocyte"	"endothelial.cell"	0.00497159090909091
"400"	"lung.microvascular.endothelial.cell"	"ionocyte"	0.00497062810664257
"74"	"type.ii.pneumocyte"	"b.cell"	0.00495662949194548
"606"	"type.ii.pneumocyte"	"plasma.cell"	0.00494233937397035
"744"	"mesothelial.cell"	"t.cell"	0.00493421052631579
"191"	"cd8.positive..alpha.beta.t.cell"	"ciliated.cell"	0.00492813141683778
"69"	"respiratory.goblet.cell"	"b.cell"	0.00491803278688525
"593"	"myofibroblast.cell"	"plasma.cell"	0.00489236790606654
"193"	"adventitial.cell"	"ciliated.cell"	0.00488798370672098
"192"	"cd4.positive..alpha.beta.t.cell"	"ciliated.cell"	0.00483304042179262
"619"	"capillary.endothelial.cell"	"secretory.cell"	0.00481347773766546
"27"	"pericyte.cell"	"goblet.cell"	0.0048
"476"	"lung.microvascular.endothelial.cell"	"mast.cell"	0.004778972520908
"49"	"capillary.endothelial.cell"	"b.cell"	0.00477554918815664
"637"	"plasmacytoid.dendritic.cell"	"secretory.cell"	0.0047534165181224
"58"	"lung.microvascular.endothelial.cell"	"b.cell"	0.00473186119873817
"368"	"non.classical.monocyte"	"fibroblast"	0.00472255017709563
"478"	"mesothelial.cell"	"mast.cell"	0.00471698113207547
"60"	"mesothelial.cell"	"b.cell"	0.00466744457409568
"38"	"vein.endothelial.cell"	"goblet.cell"	0.0046656298600311
"739"	"fibroblast"	"t.cell"	0.00463939266132434
"76"	"vein.endothelial.cell"	"b.cell"	0.00460122699386503
"411"	"respiratory.goblet.cell"	"ionocyte"	0.0045662100456621
"589"	"lung.ciliated.cell"	"plasma.cell"	0.00454316002019182
"456"	"vein.endothelial.cell"	"macrophage"	0.00454029511918275
"756"	"smooth.muscle.cell"	"t.cell"	0.00448028673835125
"4"	"alveolar.fibroblast"	"goblet.cell"	0.00443458980044346
"51"	"club.cell"	"b.cell"	0.00443131462333826
"316"	"classical.monocyte"	"endothelial.cell"	0.00433526011560694
"709"	"nk.cell"	"smooth.muscle.cell"	0.00432484382508409
"28"	"plasma.cell"	"goblet.cell"	0.0043010752688172
"14"	"dendritic.cell"	"goblet.cell"	0.00423131170662906
"337"	"serous.cell.of.epithelium.of.bronchus"	"endothelial.cell"	0.00423131170662906
"583"	"club.cell"	"plasma.cell"	0.00419287211740042
"235"	"basophil"	"connective.tissue.cell"	0.00417827298050139
"461"	"b.cell"	"mast.cell"	0.00416666666666667
"44"	"basal.cell"	"b.cell"	0.00416088765603329
"624"	"endothelial.cell.of.lymphatic.vessel"	"secretory.cell"	0.004149377593361
"124"	"capillary.aerocyte"	"cd4.positive..alpha.beta.t.cell"	0.00413223140495868
"586"	"endothelial.cell.of.lymphatic.vessel"	"plasma.cell"	0.00410396716826265
"8"	"bronchial.smooth.muscle.cell"	"goblet.cell"	0.00404040404040404
"167"	"endothelial.cell.of.artery"	"cd8.positive..alpha.beta.t.cell"	0.00401606425702811
"46"	"bronchial.smooth.muscle.cell"	"b.cell"	0.004004004004004
"7"	"basophil"	"goblet.cell"	0.004
"260"	"respiratory.mucous.cell"	"connective.tissue.cell"	0.00398936170212766
"502"	"bronchial.smooth.muscle.cell"	"mucus.secreting.cell"	0.00396825396825397
"691"	"basophil"	"smooth.muscle.cell"	0.00395256916996047
"12"	"classical.monocyte"	"goblet.cell"	0.00394736842105263
"729"	"basophil"	"t.cell"	0.00392156862745098
"499"	"b.cell"	"mucus.secreting.cell"	0.00391644908616188
"636"	"plasma.cell"	"secretory.cell"	0.00387596899224806
"506"	"classical.monocyte"	"mucus.secreting.cell"	0.0038560411311054
"25"	"nk.cell"	"goblet.cell"	0.00384615384615385
"734"	"classical.monocyte"	"t.cell"	0.00384615384615385
"534"	"cd4.positive..alpha.beta.t.cell"	"neutrophil"	0.00384024577572965
"576"	"basal.cell"	"plasma.cell"	0.00383877159309021
"616"	"bronchial.smooth.muscle.cell"	"secretory.cell"	0.00383141762452107
"455"	"vascular.associated.smooth.muscle.cell"	"macrophage"	0.00382848392036753
"294"	"plasma.cell"	"double.positive..alpha.beta.thymocyte"	0.00382409177820268
"450"	"respiratory.mucous.cell"	"macrophage"	0.00378787878787879
"37"	"vascular.associated.smooth.muscle.cell"	"goblet.cell"	0.00374531835205993
"625"	"fibroblast"	"secretory.cell"	0.00374064837905237
"512"	"intermediate.monocyte"	"mucus.secreting.cell"	0.0037359900373599
"75"	"vascular.associated.smooth.muscle.cell"	"b.cell"	0.00371402042711235
"504"	"capillary.aerocyte"	"mucus.secreting.cell"	0.00371057513914657
"330"	"non.classical.monocyte"	"endothelial.cell"	0.00370644922164566
"118"	"alveolar.fibroblast"	"cd4.positive..alpha.beta.t.cell"	0.00369913686806412
"740"	"intermediate.monocyte"	"t.cell"	0.0036697247706422
"356"	"dendritic.cell"	"fibroblast"	0.00360144057623049
"577"	"basophil"	"plasma.cell"	0.0035778175313059
"204"	"dendritic.cell"	"ciliated.cell"	0.00351031154014919
"645"	"vascular.associated.smooth.muscle.cell"	"secretory.cell"	0.00348432055749129
"361"	"lung.ciliated.cell"	"fibroblast"	0.00348128807658834
"336"	"respiratory.mucous.cell"	"endothelial.cell"	0.00346500346500346
"754"	"respiratory.mucous.cell"	"t.cell"	0.00346020761245675
"648"	"cd4.positive..alpha.beta.t.cell"	"serous.cell.of.epithelium.of.trachea"	0.00345622119815668
"188"	"type.ii.pneumocyte"	"cd8.positive..alpha.beta.t.cell"	0.00342465753424658
"469"	"club.cell"	"mast.cell"	0.00340522133938706
"305"	"cd8.positive..alpha.beta.t.cell"	"endothelial.cell"	0.00334672021419009
"24"	"neutrophil"	"goblet.cell"	0.0033178500331785
"272"	"basal.cell"	"double.positive..alpha.beta.thymocyte"	0.00330214639515685
"78"	"cd4.positive..alpha.beta.t.cell"	"basal.cell"	0.00329308452250274
"90"	"dendritic.cell"	"basal.cell"	0.00329308452250274
"552"	"lung.microvascular.endothelial.cell"	"neutrophil"	0.00328137817883511
"658"	"classical.monocyte"	"serous.cell.of.epithelium.of.trachea"	0.00326441784548422
"174"	"mesothelial.cell"	"cd8.positive..alpha.beta.t.cell"	0.00323974082073434
"53"	"endothelial.cell.of.artery"	"b.cell"	0.00322927879440258
"120"	"basal.cell"	"cd4.positive..alpha.beta.t.cell"	0.00322061191626409
"20"	"lung.microvascular.endothelial.cell"	"goblet.cell"	0.00319488817891374
"210"	"lung.microvascular.endothelial.cell"	"ciliated.cell"	0.00318761384335155
"140"	"non.classical.monocyte"	"cd4.positive..alpha.beta.t.cell"	0.00315955766192733
"155"	"adventitial.cell"	"cd8.positive..alpha.beta.t.cell"	0.0031055900621118
"259"	"respiratory.goblet.cell"	"connective.tissue.cell"	0.00310318076027929
"633"	"nk.cell"	"secretory.cell"	0.00309789343246592
"632"	"neutrophil"	"secretory.cell"	0.00307692307692308
"156"	"alveolar.fibroblast"	"cd8.positive..alpha.beta.t.cell"	0.00306122448979592
"532"	"vein.endothelial.cell"	"mucus.secreting.cell"	0.00302114803625378
"202"	"classical.monocyte"	"ciliated.cell"	0.003003003003003
"749"	"pericyte.cell"	"t.cell"	0.00296442687747036
"631"	"myofibroblast.cell"	"secretory.cell"	0.00295275590551181
"611"	"adventitial.cell"	"secretory.cell"	0.00293255131964809
"696"	"classical.monocyte"	"smooth.muscle.cell"	0.00293255131964809
"311"	"basophil"	"endothelial.cell"	0.00290697674418605
"451"	"serous.cell.of.epithelium.of.bronchus"	"macrophage"	0.00290416263310745
"230"	"cd4.positive..alpha.beta.t.cell"	"connective.tissue.cell"	0.00286327845382963
"323"	"lung.ciliated.cell"	"endothelial.cell"	0.00285612281328097
"147"	"serous.cell.of.epithelium.of.bronchus"	"cd4.positive..alpha.beta.t.cell"	0.00284495021337127
"503"	"bronchial.vessel.endothelial.cell"	"mucus.secreting.cell"	0.00283553875236295
"564"	"respiratory.mucous.cell"	"neutrophil"	0.0028328611898017
"597"	"pericyte.cell"	"plasma.cell"	0.00282752120640905
"738"	"endothelial.cell.of.lymphatic.vessel"	"t.cell"	0.00282685512367491
"574"	"alveolar.fibroblast"	"plasma.cell"	0.00280898876404494
"757"	"type.i.pneumocyte"	"t.cell"	0.00278293135435993
"190"	"vein.endothelial.cell"	"cd8.positive..alpha.beta.t.cell"	0.00277392510402219
"440"	"mesothelial.cell"	"macrophage"	0.00275735294117647
"146"	"respiratory.mucous.cell"	"cd4.positive..alpha.beta.t.cell"	0.00275103163686382
"496"	"cd4.positive..alpha.beta.t.cell"	"mucus.secreting.cell"	0.00274725274725275
"535"	"adventitial.cell"	"neutrophil"	0.00269723533378287
"142"	"plasma.cell"	"cd4.positive..alpha.beta.t.cell"	0.00267379679144385
"5"	"b.cell"	"goblet.cell"	0.00267022696929239
"752"	"pulmonary.ionocyte"	"t.cell"	0.00263273365511189
"158"	"basal.cell"	"cd8.positive..alpha.beta.t.cell"	0.00253164556962025
"551"	"lung.ciliated.cell"	"neutrophil"	0.00252707581227437
"578"	"bronchial.smooth.muscle.cell"	"plasma.cell"	0.0025
"731"	"bronchial.vessel.endothelial.cell"	"t.cell"	0.0025
"733"	"capillary.endothelial.cell"	"t.cell"	0.0025
"71"	"serous.cell.of.epithelium.of.bronchus"	"b.cell"	0.00248756218905473
"732"	"capillary.aerocyte"	"t.cell"	0.00243605359317905
"601"	"respiratory.goblet.cell"	"plasma.cell"	0.0024330900243309
"759"	"vascular.associated.smooth.muscle.cell"	"t.cell"	0.00241254523522316
"579"	"bronchial.vessel.endothelial.cell"	"plasma.cell"	0.00235571260306243
"100"	"neutrophil"	"basal.cell"	0.00233918128654971
"735"	"club.cell"	"t.cell"	0.00233100233100233
"438"	"lung.microvascular.endothelial.cell"	"macrophage"	0.0023121387283237
"580"	"capillary.aerocyte"	"plasma.cell"	0.00229885057471264
"57"	"lung.ciliated.cell"	"b.cell"	0.00228728270814273
"304"	"vein.endothelial.cell"	"double.positive..alpha.beta.thymocyte"	0.00228571428571429
"594"	"neutrophil"	"plasma.cell"	0.00227790432801822
"672"	"non.classical.monocyte"	"serous.cell.of.epithelium.of.trachea"	0.00226244343891403
"306"	"cd4.positive..alpha.beta.t.cell"	"endothelial.cell"	0.00224550898203593
"310"	"basal.cell"	"endothelial.cell"	0.00224047796863331
"41"	"adventitial.cell"	"b.cell"	0.00222469410456062
"608"	"vein.endothelial.cell"	"plasma.cell"	0.0022075055187638
"309"	"b.cell"	"endothelial.cell"	0.00218181818181818
"462"	"basal.cell"	"mast.cell"	0.00215982721382289
"736"	"dendritic.cell"	"t.cell"	0.00212765957446809
"728"	"basal.cell"	"t.cell"	0.00211416490486258
"420"	"cd4.positive..alpha.beta.t.cell"	"macrophage"	0.00210748155953635
"233"	"b.cell"	"connective.tissue.cell"	0.00208768267223382
"522"	"plasma.cell"	"mucus.secreting.cell"	0.00206611570247934
"587"	"fibroblast"	"plasma.cell"	0.00206100577081616
"367"	"nk.cell"	"fibroblast"	0.00205444273240883
"610"	"cd4.positive..alpha.beta.t.cell"	"secretory.cell"	0.00198807157057654
"647"	"cd8.positive..alpha.beta.t.cell"	"serous.cell.of.epithelium.of.trachea"	0.00194363459669582
"584"	"dendritic.cell"	"plasma.cell"	0.00192678227360308
"702"	"intermediate.monocyte"	"smooth.muscle.cell"	0.00190657769304099
"560"	"plasma.cell"	"neutrophil"	0.00188679245283019
"596"	"non.classical.monocyte"	"plasma.cell"	0.00187265917602996
"134"	"lung.microvascular.endothelial.cell"	"cd4.positive..alpha.beta.t.cell"	0.00186915887850467
"613"	"b.cell"	"secretory.cell"	0.0018450184501845
"180"	"plasma.cell"	"cd8.positive..alpha.beta.t.cell"	0.00184162062615101
"152"	"vein.endothelial.cell"	"cd4.positive..alpha.beta.t.cell"	0.00180831826401447
"620"	"classical.monocyte"	"secretory.cell"	0.00180505415162455
"758"	"type.ii.pneumocyte"	"t.cell"	0.00178571428571429
"582"	"classical.monocyte"	"plasma.cell"	0.00175438596491228
"216"	"non.classical.monocyte"	"ciliated.cell"	0.00174064403829417
"286"	"lung.microvascular.endothelial.cell"	"double.positive..alpha.beta.thymocyte"	0.00173110213502597
"626"	"intermediate.monocyte"	"secretory.cell"	0.00172711571675302
"588"	"intermediate.monocyte"	"plasma.cell"	0.00168067226890756
"591"	"macrophage"	"plasma.cell"	0.0016750418760469
"703"	"lung.ciliated.cell"	"smooth.muscle.cell"	0.00163867267513314
"335"	"respiratory.goblet.cell"	"endothelial.cell"	0.0016273393002441
"545"	"club.cell"	"neutrophil"	0.00158227848101266
"746"	"neutrophil"	"t.cell"	0.00157604412923562
"514"	"lung.microvascular.endothelial.cell"	"mucus.secreting.cell"	0.00155038759689922
"538"	"basal.cell"	"neutrophil"	0.00152905198776758
"104"	"plasma.cell"	"basal.cell"	0.00149700598802395
"126"	"classical.monocyte"	"cd4.positive..alpha.beta.t.cell"	0.00149253731343284
"484"	"plasma.cell"	"mast.cell"	0.00147275405007364
"183"	"respiratory.goblet.cell"	"cd8.positive..alpha.beta.t.cell"	0.00147058823529412
"133"	"lung.ciliated.cell"	"cd4.positive..alpha.beta.t.cell"	0.00143747005270724
"612"	"alveolar.fibroblast"	"secretory.cell"	0.00143472022955524
"172"	"lung.microvascular.endothelial.cell"	"cd8.positive..alpha.beta.t.cell"	0.00142045454545455
"150"	"type.ii.pneumocyte"	"cd4.positive..alpha.beta.t.cell"	0.00141043723554302
"585"	"endothelial.cell.of.artery"	"plasma.cell"	0.00136986301369863
"520"	"non.classical.monocyte"	"mucus.secreting.cell"	0.00134408602150538
"171"	"lung.ciliated.cell"	"cd8.positive..alpha.beta.t.cell"	0.00132978723404255
"730"	"bronchial.smooth.muscle.cell"	"t.cell"	0.00132978723404255
"617"	"bronchial.vessel.endothelial.cell"	"secretory.cell"	0.00119904076738609
"449"	"respiratory.goblet.cell"	"macrophage"	0.00118764845605701
"715"	"respiratory.goblet.cell"	"smooth.muscle.cell"	0.00115473441108545
"1"	"cd8.positive..alpha.beta.t.cell"	"goblet.cell"	0.00114810562571757
"495"	"cd8.positive..alpha.beta.t.cell"	"mucus.secreting.cell"	0.00112485939257593
"184"	"respiratory.mucous.cell"	"cd8.positive..alpha.beta.t.cell"	0.00111482720178372
"42"	"alveolar.fibroblast"	"b.cell"	0.00109409190371991
"741"	"lung.ciliated.cell"	"t.cell"	0.00103145951521403
"686"	"cd4.positive..alpha.beta.t.cell"	"smooth.muscle.cell"	0.00102669404517454
"690"	"basal.cell"	"smooth.muscle.cell"	0.00102354145342886
"343"	"cd8.positive..alpha.beta.t.cell"	"fibroblast"	0.00100502512562814
"689"	"b.cell"	"smooth.muscle.cell"	0.000987166831194472
"635"	"pericyte.cell"	"secretory.cell"	0.000955109837631328
"563"	"respiratory.goblet.cell"	"neutrophil"	0.000834724540901503
"408"	"plasma.cell"	"ionocyte"	0.000484966052376334
"437"	"lung.ciliated.cell"	"macrophage"	0.000413223140495868
"2"	"cd4.positive..alpha.beta.t.cell"	"goblet.cell"	0
"26"	"non.classical.monocyte"	"goblet.cell"	0
"70"	"respiratory.mucous.cell"	"b.cell"	0
"117"	"adventitial.cell"	"cd4.positive..alpha.beta.t.cell"	0
"127"	"club.cell"	"cd4.positive..alpha.beta.t.cell"	0
"145"	"respiratory.goblet.cell"	"cd4.positive..alpha.beta.t.cell"	0
"165"	"club.cell"	"cd8.positive..alpha.beta.t.cell"	0
"218"	"plasma.cell"	"ciliated.cell"	0
"256"	"plasma.cell"	"connective.tissue.cell"	0
"297"	"respiratory.goblet.cell"	"double.positive..alpha.beta.thymocyte"	0
"332"	"plasma.cell"	"endothelial.cell"	0
"344"	"cd4.positive..alpha.beta.t.cell"	"fibroblast"	0
"347"	"b.cell"	"fibroblast"	0
"370"	"plasma.cell"	"fibroblast"	0
"424"	"basal.cell"	"macrophage"	0
"446"	"plasma.cell"	"macrophage"	0
"487"	"respiratory.goblet.cell"	"mast.cell"	0
"581"	"capillary.endothelial.cell"	"plasma.cell"	0
"590"	"lung.microvascular.endothelial.cell"	"plasma.cell"	0
"609"	"cd8.positive..alpha.beta.t.cell"	"secretory.cell"	0
"622"	"dendritic.cell"	"secretory.cell"	0
"628"	"lung.microvascular.endothelial.cell"	"secretory.cell"	0
"634"	"non.classical.monocyte"	"secretory.cell"	0
"674"	"plasma.cell"	"serous.cell.of.epithelium.of.trachea"	0
"685"	"cd8.positive..alpha.beta.t.cell"	"smooth.muscle.cell"	0
"712"	"plasma.cell"	"smooth.muscle.cell"	0
"725"	"adventitial.cell"	"t.cell"	0
"726"	"alveolar.fibroblast"	"t.cell"	0
"750"	"plasma.cell"	"t.cell"	0
"753"	"respiratory.goblet.cell"	"t.cell"	0
"755"	"serous.cell.of.epithelium.of.bronchus"	"t.cell"	0
"760"	"vein.endothelial.cell"	"t.cell"	0
