"Lung"	"Tongue"	"value"
"229"	"cd8.positive..alpha.beta.t.cell"	"immune.cell"	0.222426470588235
"312"	"bronchial.smooth.muscle.cell"	"pericyte.cell"	0.220183486238532
"438"	"lung.microvascular.endothelial.cell"	"vein.endothelial.cell"	0.213333333333333
"341"	"vascular.associated.smooth.muscle.cell"	"pericyte.cell"	0.208530805687204
"194"	"alveolar.fibroblast"	"fibroblast"	0.205412054120541
"193"	"adventitial.cell"	"fibroblast"	0.201492537313433
"230"	"cd4.positive..alpha.beta.t.cell"	"immune.cell"	0.191446028513238
"130"	"endothelial.cell.of.lymphatic.vessel"	"endothelial.cell.of.lymphatic.vessel"	0.169359664871335
"456"	"vein.endothelial.cell"	"vein.endothelial.cell"	0.162162162162162
"331"	"pericyte.cell"	"pericyte.cell"	0.133644133644134
"91"	"endothelial.cell.of.artery"	"endothelial.cell.of.artery"	0.130503144654088
"49"	"capillary.endothelial.cell"	"capillary.endothelial.cell"	0.121057985757884
"48"	"capillary.aerocyte"	"capillary.endothelial.cell"	0.118525896414343
"253"	"nk.cell"	"immune.cell"	0.114634146341463
"252"	"neutrophil"	"immune.cell"	0.114253393665158
"242"	"dendritic.cell"	"immune.cell"	0.106906338694418
"372"	"pulmonary.ionocyte"	"schwann.cell"	0.0894348894348894
"6"	"basal.cell"	"basal.cell"	0.0864
"87"	"capillary.endothelial.cell"	"endothelial.cell.of.artery"	0.0857142857142857
"365"	"myofibroblast.cell"	"schwann.cell"	0.0800832033281331
"272"	"basal.cell"	"keratinocyte"	0.0752212389380531
"359"	"fibroblast"	"schwann.cell"	0.0739511732638066
"254"	"non.classical.monocyte"	"immune.cell"	0.0694945848375451
"297"	"respiratory.goblet.cell"	"keratinocyte"	0.069204152249135
"240"	"classical.monocyte"	"immune.cell"	0.0691768826619965
"376"	"smooth.muscle.cell"	"schwann.cell"	0.064453125
"361"	"lung.ciliated.cell"	"schwann.cell"	0.0606846473029046
"86"	"capillary.aerocyte"	"endothelial.cell.of.artery"	0.0604432505036938
"246"	"intermediate.monocyte"	"immune.cell"	0.0595238095238095
"53"	"endothelial.cell.of.artery"	"capillary.endothelial.cell"	0.0593311758360302
"371"	"plasmacytoid.dendritic.cell"	"schwann.cell"	0.0592654424040067
"302"	"type.ii.pneumocyte"	"keratinocyte"	0.0583657587548638
"367"	"nk.cell"	"schwann.cell"	0.054488989271598
"427"	"bronchial.vessel.endothelial.cell"	"vein.endothelial.cell"	0.0519951632406288
"385"	"b.cell"	"tongue.muscle.cell"	0.0512163892445583
"186"	"smooth.muscle.cell"	"epithelial.cell"	0.0511182108626198
"338"	"smooth.muscle.cell"	"pericyte.cell"	0.0475234270414993
"358"	"endothelial.cell.of.lymphatic.vessel"	"schwann.cell"	0.0460275579009088
"158"	"basal.cell"	"epithelial.cell"	0.0453125
"235"	"basophil"	"immune.cell"	0.0448662640207075
"257"	"plasmacytoid.dendritic.cell"	"immune.cell"	0.0447695035460993
"301"	"type.i.pneumocyte"	"keratinocyte"	0.0445660672400313
"93"	"fibroblast"	"endothelial.cell.of.artery"	0.0439121756487026
"249"	"macrophage"	"immune.cell"	0.0426065162907268
"369"	"pericyte.cell"	"schwann.cell"	0.042504118616145
"32"	"respiratory.mucous.cell"	"basal.cell"	0.0411140583554377
"207"	"fibroblast"	"fibroblast"	0.0409108452335006
"377"	"type.i.pneumocyte"	"schwann.cell"	0.0405927835051546
"35"	"type.i.pneumocyte"	"basal.cell"	0.0387722132471729
"308"	"alveolar.fibroblast"	"pericyte.cell"	0.0383895131086142
"161"	"bronchial.vessel.endothelial.cell"	"epithelial.cell"	0.0374609781477627
"114"	"vein.endothelial.cell"	"endothelial.cell.of.artery"	0.0366071428571429
"58"	"lung.microvascular.endothelial.cell"	"capillary.endothelial.cell"	0.0361990950226244
"47"	"bronchial.vessel.endothelial.cell"	"capillary.endothelial.cell"	0.0357142857142857
"227"	"vascular.associated.smooth.muscle.cell"	"fibroblast"	0.035230352303523
"233"	"b.cell"	"immune.cell"	0.0342172797262618
"384"	"alveolar.fibroblast"	"tongue.muscle.cell"	0.0338983050847458
"105"	"plasmacytoid.dendritic.cell"	"endothelial.cell.of.artery"	0.0338329764453961
"106"	"pulmonary.ionocyte"	"endothelial.cell.of.artery"	0.0336505778382053
"429"	"capillary.endothelial.cell"	"vein.endothelial.cell"	0.0332541567695962
"85"	"bronchial.vessel.endothelial.cell"	"endothelial.cell.of.artery"	0.0331564986737401
"182"	"pulmonary.ionocyte"	"epithelial.cell"	0.0329029571012078
"13"	"club.cell"	"basal.cell"	0.032520325203252
"379"	"vascular.associated.smooth.muscle.cell"	"schwann.cell"	0.0322133702805681
"76"	"vein.endothelial.cell"	"capillary.endothelial.cell"	0.0322108345534407
"100"	"neutrophil"	"endothelial.cell.of.artery"	0.0320773930753564
"180"	"plasma.cell"	"epithelial.cell"	0.0318627450980392
"212"	"mesothelial.cell"	"fibroblast"	0.0311804008908686
"351"	"bronchial.vessel.endothelial.cell"	"schwann.cell"	0.0310971348707198
"298"	"respiratory.mucous.cell"	"keratinocyte"	0.0308641975308642
"31"	"respiratory.goblet.cell"	"basal.cell"	0.0308529945553539
"217"	"pericyte.cell"	"fibroblast"	0.0302091402013943
"124"	"capillary.aerocyte"	"endothelial.cell.of.lymphatic.vessel"	0.0295678544351782
"92"	"endothelial.cell.of.lymphatic.vessel"	"endothelial.cell.of.artery"	0.0293421675343114
"111"	"type.i.pneumocyte"	"endothelial.cell.of.artery"	0.0291316526610644
"101"	"nk.cell"	"endothelial.cell.of.artery"	0.0289982425307557
"149"	"type.i.pneumocyte"	"endothelial.cell.of.lymphatic.vessel"	0.0286441756842775
"99"	"myofibroblast.cell"	"endothelial.cell.of.artery"	0.0283054003724395
"296"	"pulmonary.ionocyte"	"keratinocyte"	0.027923917442331
"366"	"neutrophil"	"schwann.cell"	0.0273355361970562
"279"	"club.cell"	"keratinocyte"	0.0269865067466267
"103"	"pericyte.cell"	"endothelial.cell.of.artery"	0.0266666666666667
"95"	"lung.ciliated.cell"	"endothelial.cell.of.artery"	0.0262557077625571
"433"	"endothelial.cell.of.artery"	"vein.endothelial.cell"	0.0259917920656635
"414"	"smooth.muscle.cell"	"tongue.muscle.cell"	0.0250536864710093
"350"	"bronchial.smooth.muscle.cell"	"schwann.cell"	0.0247175141242938
"144"	"pulmonary.ionocyte"	"endothelial.cell.of.lymphatic.vessel"	0.0247093023255814
"19"	"lung.ciliated.cell"	"basal.cell"	0.0243436754176611
"378"	"type.ii.pneumocyte"	"schwann.cell"	0.0241874527588813
"409"	"plasmacytoid.dendritic.cell"	"tongue.muscle.cell"	0.0239209568382735
"131"	"fibroblast"	"endothelial.cell.of.lymphatic.vessel"	0.0238680238680239
"54"	"endothelial.cell.of.lymphatic.vessel"	"capillary.endothelial.cell"	0.0238237045860631
"125"	"capillary.endothelial.cell"	"endothelial.cell.of.lymphatic.vessel"	0.0237366003062787
"346"	"alveolar.fibroblast"	"schwann.cell"	0.0236449618042925
"375"	"serous.cell.of.epithelium.of.bronchus"	"schwann.cell"	0.0234581914491109
"383"	"adventitial.cell"	"tongue.muscle.cell"	0.0234042553191489
"143"	"plasmacytoid.dendritic.cell"	"endothelial.cell.of.lymphatic.vessel"	0.0233317778814746
"117"	"adventitial.cell"	"endothelial.cell.of.lymphatic.vessel"	0.0232959447799827
"403"	"myofibroblast.cell"	"tongue.muscle.cell"	0.0229681978798587
"349"	"basophil"	"schwann.cell"	0.0226748654880861
"402"	"mesothelial.cell"	"tongue.muscle.cell"	0.0221729490022173
"388"	"bronchial.smooth.muscle.cell"	"tongue.muscle.cell"	0.0220941402497598
"389"	"bronchial.vessel.endothelial.cell"	"tongue.muscle.cell"	0.0220385674931129
"397"	"fibroblast"	"tongue.muscle.cell"	0.022011385199241
"345"	"adventitial.cell"	"schwann.cell"	0.0215249908792412
"138"	"neutrophil"	"endothelial.cell.of.lymphatic.vessel"	0.0214932126696833
"299"	"serous.cell.of.epithelium.of.bronchus"	"keratinocyte"	0.0214105793450882
"22"	"mesothelial.cell"	"basal.cell"	0.0212765957446809
"285"	"lung.ciliated.cell"	"keratinocyte"	0.0209205020920502
"135"	"macrophage"	"endothelial.cell.of.lymphatic.vessel"	0.0207156308851224
"152"	"vein.endothelial.cell"	"endothelial.cell.of.lymphatic.vessel"	0.0206297502714441
"352"	"capillary.aerocyte"	"schwann.cell"	0.0206043956043956
"55"	"fibroblast"	"capillary.endothelial.cell"	0.0205479452054795
"364"	"mesothelial.cell"	"schwann.cell"	0.0203327171903882
"174"	"mesothelial.cell"	"epithelial.cell"	0.020253164556962
"183"	"respiratory.goblet.cell"	"epithelial.cell"	0.020109689213894
"137"	"myofibroblast.cell"	"endothelial.cell.of.lymphatic.vessel"	0.0200803212851406
"198"	"bronchial.smooth.muscle.cell"	"fibroblast"	0.0200573065902579
"327"	"myofibroblast.cell"	"pericyte.cell"	0.0199916701374427
"140"	"non.classical.monocyte"	"endothelial.cell.of.lymphatic.vessel"	0.01998001998002
"307"	"adventitial.cell"	"pericyte.cell"	0.0195530726256983
"63"	"nk.cell"	"capillary.endothelial.cell"	0.0194594594594595
"123"	"bronchial.vessel.endothelial.cell"	"endothelial.cell.of.lymphatic.vessel"	0.0190548780487805
"110"	"smooth.muscle.cell"	"endothelial.cell.of.artery"	0.0190010857763301
"211"	"macrophage"	"fibroblast"	0.0188679245283019
"288"	"mesothelial.cell"	"keratinocyte"	0.0188235294117647
"96"	"lung.microvascular.endothelial.cell"	"endothelial.cell.of.artery"	0.018716577540107
"148"	"smooth.muscle.cell"	"endothelial.cell.of.lymphatic.vessel"	0.018450184501845
"224"	"smooth.muscle.cell"	"fibroblast"	0.0184397163120567
"410"	"pulmonary.ionocyte"	"tongue.muscle.cell"	0.0184386033738721
"386"	"basal.cell"	"tongue.muscle.cell"	0.0181582360570687
"374"	"respiratory.mucous.cell"	"schwann.cell"	0.0179037672510257
"141"	"pericyte.cell"	"endothelial.cell.of.lymphatic.vessel"	0.0177281680892974
"400"	"lung.microvascular.endothelial.cell"	"tongue.muscle.cell"	0.0174927113702624
"339"	"type.i.pneumocyte"	"pericyte.cell"	0.0173448965977318
"290"	"neutrophil"	"keratinocyte"	0.0173333333333333
"278"	"classical.monocyte"	"keratinocyte"	0.0170157068062827
"181"	"plasmacytoid.dendritic.cell"	"epithelial.cell"	0.0170142700329308
"73"	"type.i.pneumocyte"	"capillary.endothelial.cell"	0.0169366715758468
"321"	"fibroblast"	"pericyte.cell"	0.0169125584742713
"382"	"cd4.positive..alpha.beta.t.cell"	"tongue.muscle.cell"	0.0169050715214564
"83"	"basophil"	"endothelial.cell.of.artery"	0.0168404170008019
"187"	"type.i.pneumocyte"	"epithelial.cell"	0.0167330677290837
"129"	"endothelial.cell.of.artery"	"endothelial.cell.of.lymphatic.vessel"	0.0167084377610693
"363"	"macrophage"	"schwann.cell"	0.016195856873823
"62"	"neutrophil"	"capillary.endothelial.cell"	0.0161707632600259
"407"	"pericyte.cell"	"tongue.muscle.cell"	0.0160919540229885
"153"	"cd8.positive..alpha.beta.t.cell"	"epithelial.cell"	0.015990159901599
"428"	"capillary.aerocyte"	"vein.endothelial.cell"	0.015963511972634
"136"	"mesothelial.cell"	"endothelial.cell.of.lymphatic.vessel"	0.0159574468085106
"36"	"type.ii.pneumocyte"	"basal.cell"	0.0159151193633952
"164"	"classical.monocyte"	"epithelial.cell"	0.0155807365439093
"97"	"macrophage"	"endothelial.cell.of.artery"	0.0155642023346304
"133"	"lung.ciliated.cell"	"endothelial.cell.of.lymphatic.vessel"	0.015170151701517
"147"	"serous.cell.of.epithelium.of.bronchus"	"endothelial.cell.of.lymphatic.vessel"	0.0148837209302326
"213"	"myofibroblast.cell"	"fibroblast"	0.0148731408573928
"25"	"nk.cell"	"basal.cell"	0.0147308781869688
"109"	"serous.cell.of.epithelium.of.bronchus"	"endothelial.cell.of.artery"	0.0146945088940449
"360"	"intermediate.monocyte"	"schwann.cell"	0.0146782085058336
"30"	"pulmonary.ionocyte"	"basal.cell"	0.0146699266503667
"33"	"serous.cell.of.epithelium.of.bronchus"	"basal.cell"	0.0146666666666667
"61"	"myofibroblast.cell"	"capillary.endothelial.cell"	0.0145246478873239
"67"	"plasmacytoid.dendritic.cell"	"capillary.endothelial.cell"	0.0145077720207254
"220"	"pulmonary.ionocyte"	"fibroblast"	0.0144362075692548
"399"	"lung.ciliated.cell"	"tongue.muscle.cell"	0.0144144144144144
"157"	"b.cell"	"epithelial.cell"	0.0143884892086331
"134"	"lung.microvascular.endothelial.cell"	"endothelial.cell.of.lymphatic.vessel"	0.0143014301430143
"354"	"classical.monocyte"	"schwann.cell"	0.0140470766894457
"405"	"nk.cell"	"tongue.muscle.cell"	0.0138963121325494
"139"	"nk.cell"	"endothelial.cell.of.lymphatic.vessel"	0.0138623326959847
"355"	"club.cell"	"schwann.cell"	0.0137578616352201
"89"	"club.cell"	"endothelial.cell.of.artery"	0.0136752136752137
"320"	"endothelial.cell.of.lymphatic.vessel"	"pericyte.cell"	0.0136017410228509
"113"	"vascular.associated.smooth.muscle.cell"	"endothelial.cell.of.artery"	0.0134099616858238
"122"	"bronchial.smooth.muscle.cell"	"endothelial.cell.of.lymphatic.vessel"	0.013375295043273
"202"	"classical.monocyte"	"fibroblast"	0.013317191283293
"23"	"myofibroblast.cell"	"basal.cell"	0.0132966529115085
"132"	"intermediate.monocyte"	"endothelial.cell.of.lymphatic.vessel"	0.0131086142322097
"263"	"type.i.pneumocyte"	"immune.cell"	0.0130904951622083
"225"	"type.i.pneumocyte"	"fibroblast"	0.0130624092888244
"29"	"plasmacytoid.dendritic.cell"	"basal.cell"	0.0130505709624796
"334"	"pulmonary.ionocyte"	"pericyte.cell"	0.0129918337045286
"150"	"type.ii.pneumocyte"	"endothelial.cell.of.lymphatic.vessel"	0.0129390018484288
"68"	"pulmonary.ionocyte"	"capillary.endothelial.cell"	0.0129310344827586
"84"	"bronchial.smooth.muscle.cell"	"endothelial.cell.of.artery"	0.012751677852349
"226"	"type.ii.pneumocyte"	"fibroblast"	0.0127167630057803
"368"	"non.classical.monocyte"	"schwann.cell"	0.0126825518831668
"118"	"alveolar.fibroblast"	"endothelial.cell.of.lymphatic.vessel"	0.0126582278481013
"121"	"basophil"	"endothelial.cell.of.lymphatic.vessel"	0.0125725338491296
"417"	"vascular.associated.smooth.muscle.cell"	"tongue.muscle.cell"	0.0124113475177305
"328"	"neutrophil"	"pericyte.cell"	0.012396694214876
"251"	"myofibroblast.cell"	"immune.cell"	0.0123549232497192
"24"	"neutrophil"	"basal.cell"	0.0123456790123457
"65"	"pericyte.cell"	"capillary.endothelial.cell"	0.0123171670515781
"387"	"basophil"	"tongue.muscle.cell"	0.01230012300123
"203"	"club.cell"	"fibroblast"	0.0122282608695652
"315"	"capillary.endothelial.cell"	"pericyte.cell"	0.0121852152721365
"154"	"cd4.positive..alpha.beta.t.cell"	"epithelial.cell"	0.0121580547112462
"185"	"serous.cell.of.epithelium.of.bronchus"	"epithelial.cell"	0.0121293800539084
"256"	"plasma.cell"	"immune.cell"	0.012035010940919
"314"	"capillary.aerocyte"	"pericyte.cell"	0.0119808306709265
"413"	"serous.cell.of.epithelium.of.bronchus"	"tongue.muscle.cell"	0.0116686114352392
"343"	"cd8.positive..alpha.beta.t.cell"	"schwann.cell"	0.0116448326055313
"75"	"vascular.associated.smooth.muscle.cell"	"capillary.endothelial.cell"	0.0116279069767442
"348"	"basal.cell"	"schwann.cell"	0.0115696104897802
"200"	"capillary.aerocyte"	"fibroblast"	0.0115555555555556
"333"	"plasmacytoid.dendritic.cell"	"pericyte.cell"	0.0115495668912416
"112"	"type.ii.pneumocyte"	"endothelial.cell.of.artery"	0.0115207373271889
"216"	"non.classical.monocyte"	"fibroblast"	0.0113636363636364
"108"	"respiratory.mucous.cell"	"endothelial.cell.of.artery"	0.0113550340651022
"442"	"neutrophil"	"vein.endothelial.cell"	0.0113293051359517
"45"	"basophil"	"capillary.endothelial.cell"	0.0112079701120797
"81"	"b.cell"	"endothelial.cell.of.artery"	0.0111821086261981
"12"	"classical.monocyte"	"basal.cell"	0.0111265646731572
"357"	"endothelial.cell.of.artery"	"schwann.cell"	0.0110714285714286
"323"	"lung.ciliated.cell"	"pericyte.cell"	0.0110216193302247
"393"	"club.cell"	"tongue.muscle.cell"	0.0109140518417462
"404"	"neutrophil"	"tongue.muscle.cell"	0.0108626198083067
"214"	"neutrophil"	"fibroblast"	0.0108349267049076
"209"	"lung.ciliated.cell"	"fibroblast"	0.010752688172043
"90"	"dendritic.cell"	"endothelial.cell.of.artery"	0.0107084019769358
"188"	"type.ii.pneumocyte"	"epithelial.cell"	0.0106951871657754
"34"	"smooth.muscle.cell"	"basal.cell"	0.0106707317073171
"273"	"basophil"	"keratinocyte"	0.0105401844532279
"416"	"type.ii.pneumocyte"	"tongue.muscle.cell"	0.0104287369640788
"171"	"lung.ciliated.cell"	"epithelial.cell"	0.010406811731315
"57"	"lung.ciliated.cell"	"capillary.endothelial.cell"	0.0103697024346258
"26"	"non.classical.monocyte"	"basal.cell"	0.010233918128655
"177"	"nk.cell"	"epithelial.cell"	0.0102098695405559
"222"	"respiratory.mucous.cell"	"fibroblast"	0.0101580135440181
"431"	"club.cell"	"vein.endothelial.cell"	0.0101419878296146
"337"	"serous.cell.of.epithelium.of.bronchus"	"pericyte.cell"	0.0101010101010101
"94"	"intermediate.monocyte"	"endothelial.cell.of.artery"	0.010077519379845
"284"	"intermediate.monocyte"	"keratinocyte"	0.0100755667506297
"128"	"dendritic.cell"	"endothelial.cell.of.lymphatic.vessel"	0.0100401606425703
"295"	"plasmacytoid.dendritic.cell"	"keratinocyte"	0.0100316789862724
"9"	"bronchial.vessel.endothelial.cell"	"basal.cell"	0.0100300902708124
"353"	"capillary.endothelial.cell"	"schwann.cell"	0.00992470910335387
"17"	"fibroblast"	"basal.cell"	0.00975800156128025
"102"	"non.classical.monocyte"	"endothelial.cell.of.artery"	0.00975609756097561
"264"	"type.ii.pneumocyte"	"immune.cell"	0.00961538461538462
"326"	"mesothelial.cell"	"pericyte.cell"	0.00956937799043062
"300"	"smooth.muscle.cell"	"keratinocyte"	0.00953778429933969
"311"	"basophil"	"pericyte.cell"	0.00950369588173178
"127"	"club.cell"	"endothelial.cell.of.lymphatic.vessel"	0.00941422594142259
"401"	"macrophage"	"tongue.muscle.cell"	0.00938967136150235
"449"	"respiratory.goblet.cell"	"vein.endothelial.cell"	0.00936768149882904
"396"	"endothelial.cell.of.lymphatic.vessel"	"tongue.muscle.cell"	0.00933488914819136
"356"	"dendritic.cell"	"schwann.cell"	0.00924499229583975
"322"	"intermediate.monocyte"	"pericyte.cell"	0.00916496945010183
"325"	"macrophage"	"pericyte.cell"	0.00914634146341463
"395"	"endothelial.cell.of.artery"	"tongue.muscle.cell"	0.00914634146341463
"184"	"respiratory.mucous.cell"	"epithelial.cell"	0.00911458333333333
"347"	"b.cell"	"schwann.cell"	0.00910815939278937
"166"	"dendritic.cell"	"epithelial.cell"	0.00909090909090909
"11"	"capillary.endothelial.cell"	"basal.cell"	0.00901803607214429
"64"	"non.classical.monocyte"	"capillary.endothelial.cell"	0.00898587933247754
"98"	"mesothelial.cell"	"endothelial.cell.of.artery"	0.00885608856088561
"258"	"pulmonary.ionocyte"	"immune.cell"	0.00878972278566599
"330"	"non.classical.monocyte"	"pericyte.cell"	0.00867678958785249
"172"	"lung.microvascular.endothelial.cell"	"epithelial.cell"	0.00866551126516464
"126"	"classical.monocyte"	"endothelial.cell.of.lymphatic.vessel"	0.00858778625954199
"72"	"smooth.muscle.cell"	"capillary.endothelial.cell"	0.0085166784953868
"392"	"classical.monocyte"	"tongue.muscle.cell"	0.00847457627118644
"56"	"intermediate.monocyte"	"capillary.endothelial.cell"	0.00833333333333333
"59"	"macrophage"	"capillary.endothelial.cell"	0.00831353919239905
"255"	"pericyte.cell"	"immune.cell"	0.00823529411764706
"398"	"intermediate.monocyte"	"tongue.muscle.cell"	0.0082256169212691
"436"	"intermediate.monocyte"	"vein.endothelial.cell"	0.00819672131147541
"208"	"intermediate.monocyte"	"fibroblast"	0.00818713450292398
"447"	"plasmacytoid.dendritic.cell"	"vein.endothelial.cell"	0.00817757009345794
"170"	"intermediate.monocyte"	"epithelial.cell"	0.00815217391304348
"206"	"endothelial.cell.of.lymphatic.vessel"	"fibroblast"	0.00813953488372093
"201"	"capillary.endothelial.cell"	"fibroblast"	0.00812274368231047
"151"	"vascular.associated.smooth.muscle.cell"	"endothelial.cell.of.lymphatic.vessel"	0.00811808118081181
"107"	"respiratory.goblet.cell"	"endothelial.cell.of.artery"	0.00810810810810811
"317"	"club.cell"	"pericyte.cell"	0.00807381776239908
"16"	"endothelial.cell.of.lymphatic.vessel"	"basal.cell"	0.00806952203600248
"340"	"type.ii.pneumocyte"	"pericyte.cell"	0.00802407221664995
"21"	"macrophage"	"basal.cell"	0.00802139037433155
"412"	"respiratory.mucous.cell"	"tongue.muscle.cell"	0.00791855203619909
"336"	"respiratory.mucous.cell"	"pericyte.cell"	0.0078740157480315
"450"	"respiratory.mucous.cell"	"vein.endothelial.cell"	0.00777604976671851
"119"	"b.cell"	"endothelial.cell.of.lymphatic.vessel"	0.0077145612343298
"196"	"basal.cell"	"fibroblast"	0.00766283524904215
"287"	"macrophage"	"keratinocyte"	0.0075187969924812
"434"	"endothelial.cell.of.lymphatic.vessel"	"vein.endothelial.cell"	0.00745257452574526
"14"	"dendritic.cell"	"basal.cell"	0.00745156482861401
"329"	"nk.cell"	"pericyte.cell"	0.00744416873449132
"221"	"respiratory.goblet.cell"	"fibroblast"	0.00742942050520059
"440"	"mesothelial.cell"	"vein.endothelial.cell"	0.00741839762611276
"41"	"adventitial.cell"	"capillary.endothelial.cell"	0.00741525423728814
"82"	"basal.cell"	"endothelial.cell.of.artery"	0.00737100737100737
"175"	"myofibroblast.cell"	"epithelial.cell"	0.00732600732600733
"42"	"alveolar.fibroblast"	"capillary.endothelial.cell"	0.00730688935281837
"247"	"lung.ciliated.cell"	"immune.cell"	0.00724914154902709
"373"	"respiratory.goblet.cell"	"schwann.cell"	0.00721732157177225
"319"	"endothelial.cell.of.artery"	"pericyte.cell"	0.00715563506261181
"88"	"classical.monocyte"	"endothelial.cell.of.artery"	0.00709219858156028
"205"	"endothelial.cell.of.artery"	"fibroblast"	0.00707070707070707
"71"	"serous.cell.of.epithelium.of.bronchus"	"capillary.endothelial.cell"	0.00705882352941176
"7"	"basophil"	"basal.cell"	0.00702247191011236
"435"	"fibroblast"	"vein.endothelial.cell"	0.00698725852856556
"120"	"basal.cell"	"endothelial.cell.of.lymphatic.vessel"	0.00698602794411178
"423"	"b.cell"	"vein.endothelial.cell"	0.00696864111498258
"223"	"serous.cell.of.epithelium.of.bronchus"	"fibroblast"	0.0069364161849711
"10"	"capillary.aerocyte"	"basal.cell"	0.00685602350636631
"46"	"bronchial.smooth.muscle.cell"	"capillary.endothelial.cell"	0.00669216061185468
"269"	"adventitial.cell"	"keratinocyte"	0.00666666666666667
"77"	"cd8.positive..alpha.beta.t.cell"	"endothelial.cell.of.artery"	0.00653120464441219
"415"	"type.i.pneumocyte"	"tongue.muscle.cell"	0.00650759219088937
"39"	"cd8.positive..alpha.beta.t.cell"	"capillary.endothelial.cell"	0.00648648648648649
"261"	"serous.cell.of.epithelium.of.bronchus"	"immune.cell"	0.00641539695268645
"80"	"alveolar.fibroblast"	"endothelial.cell.of.artery"	0.00637393767705382
"391"	"capillary.endothelial.cell"	"tongue.muscle.cell"	0.00632911392405063
"146"	"respiratory.mucous.cell"	"endothelial.cell.of.lymphatic.vessel"	0.00631768953068592
"197"	"basophil"	"fibroblast"	0.00608272506082725
"238"	"capillary.aerocyte"	"immune.cell"	0.00594844679444812
"74"	"type.ii.pneumocyte"	"capillary.endothelial.cell"	0.0058411214953271
"4"	"alveolar.fibroblast"	"basal.cell"	0.00578034682080925
"283"	"fibroblast"	"keratinocyte"	0.005720823798627
"5"	"b.cell"	"basal.cell"	0.00562587904360056
"276"	"capillary.aerocyte"	"keratinocyte"	0.00559701492537313
"421"	"adventitial.cell"	"vein.endothelial.cell"	0.00559440559440559
"228"	"vein.endothelial.cell"	"fibroblast"	0.00558659217877095
"445"	"pericyte.cell"	"vein.endothelial.cell"	0.00557103064066852
"60"	"mesothelial.cell"	"capillary.endothelial.cell"	0.00551876379690949
"51"	"club.cell"	"capillary.endothelial.cell"	0.00550964187327824
"176"	"neutrophil"	"epithelial.cell"	0.00548696844993141
"444"	"non.classical.monocyte"	"vein.endothelial.cell"	0.00544464609800363
"173"	"macrophage"	"epithelial.cell"	0.00540540540540541
"282"	"endothelial.cell.of.lymphatic.vessel"	"keratinocyte"	0.00540540540540541
"18"	"intermediate.monocyte"	"basal.cell"	0.0053475935828877
"441"	"myofibroblast.cell"	"vein.endothelial.cell"	0.00533462657613967
"390"	"capillary.aerocyte"	"tongue.muscle.cell"	0.00531914893617021
"244"	"endothelial.cell.of.lymphatic.vessel"	"immune.cell"	0.00522069292833412
"245"	"fibroblast"	"immune.cell"	0.00522022838499184
"316"	"classical.monocyte"	"pericyte.cell"	0.00520291363163371
"204"	"dendritic.cell"	"fibroblast"	0.0051150895140665
"430"	"classical.monocyte"	"vein.endothelial.cell"	0.00511073253833049
"437"	"lung.ciliated.cell"	"vein.endothelial.cell"	0.00500250125062531
"79"	"adventitial.cell"	"endothelial.cell.of.artery"	0.005
"274"	"bronchial.smooth.muscle.cell"	"keratinocyte"	0.00498504486540379
"335"	"respiratory.goblet.cell"	"pericyte.cell"	0.0049813200498132
"43"	"b.cell"	"capillary.endothelial.cell"	0.00496277915632754
"78"	"cd4.positive..alpha.beta.t.cell"	"endothelial.cell.of.artery"	0.00491400491400491
"50"	"classical.monocyte"	"capillary.endothelial.cell"	0.00488997555012225
"313"	"bronchial.vessel.endothelial.cell"	"pericyte.cell"	0.00483870967741936
"451"	"serous.cell.of.epithelium.of.bronchus"	"vein.endothelial.cell"	0.00483091787439614
"165"	"club.cell"	"epithelial.cell"	0.00482315112540193
"454"	"type.ii.pneumocyte"	"vein.endothelial.cell"	0.00479233226837061
"275"	"bronchial.vessel.endothelial.cell"	"keratinocyte"	0.00475285171102662
"155"	"adventitial.cell"	"epithelial.cell"	0.00475059382422803
"250"	"mesothelial.cell"	"immune.cell"	0.00460122699386503
"145"	"respiratory.goblet.cell"	"endothelial.cell.of.lymphatic.vessel"	0.00447427293064877
"455"	"vascular.associated.smooth.muscle.cell"	"vein.endothelial.cell"	0.00446927374301676
"318"	"dendritic.cell"	"pericyte.cell"	0.00439077936333699
"168"	"endothelial.cell.of.lymphatic.vessel"	"epithelial.cell"	0.00435594275046671
"115"	"cd8.positive..alpha.beta.t.cell"	"endothelial.cell.of.lymphatic.vessel"	0.00430663221360896
"281"	"endothelial.cell.of.artery"	"keratinocyte"	0.00428724544480171
"381"	"cd8.positive..alpha.beta.t.cell"	"tongue.muscle.cell"	0.00426439232409382
"159"	"basophil"	"epithelial.cell"	0.00426136363636364
"370"	"plasma.cell"	"schwann.cell"	0.00422832980972516
"418"	"vein.endothelial.cell"	"tongue.muscle.cell"	0.00420757363253857
"280"	"dendritic.cell"	"keratinocyte"	0.004149377593361
"27"	"pericyte.cell"	"basal.cell"	0.00411522633744856
"104"	"plasma.cell"	"endothelial.cell.of.artery"	0.00408997955010225
"219"	"plasmacytoid.dendritic.cell"	"fibroblast"	0.00407124681933842
"292"	"non.classical.monocyte"	"keratinocyte"	0.0040650406504065
"289"	"myofibroblast.cell"	"keratinocyte"	0.00399822301199467
"265"	"vascular.associated.smooth.muscle.cell"	"immune.cell"	0.00393700787401575
"52"	"dendritic.cell"	"capillary.endothelial.cell"	0.00390625
"394"	"dendritic.cell"	"tongue.muscle.cell"	0.00385109114249037
"448"	"pulmonary.ionocyte"	"vein.endothelial.cell"	0.00383959044368601
"291"	"nk.cell"	"keratinocyte"	0.00381679389312977
"277"	"capillary.endothelial.cell"	"keratinocyte"	0.00379867046533713
"432"	"dendritic.cell"	"vein.endothelial.cell"	0.0037243947858473
"1"	"cd8.positive..alpha.beta.t.cell"	"basal.cell"	0.00360144057623049
"362"	"lung.microvascular.endothelial.cell"	"schwann.cell"	0.0035615354174911
"241"	"club.cell"	"immune.cell"	0.00355555555555556
"3"	"adventitial.cell"	"basal.cell"	0.00351699882766706
"453"	"type.i.pneumocyte"	"vein.endothelial.cell"	0.00349344978165939
"425"	"basophil"	"vein.endothelial.cell"	0.00346020761245675
"267"	"cd8.positive..alpha.beta.t.cell"	"keratinocyte"	0.00339750849377123
"15"	"endothelial.cell.of.artery"	"basal.cell"	0.00339366515837104
"239"	"capillary.endothelial.cell"	"immune.cell"	0.00334224598930481
"262"	"smooth.muscle.cell"	"immune.cell"	0.00330760749724366
"310"	"basal.cell"	"pericyte.cell"	0.00327868852459016
"293"	"pericyte.cell"	"keratinocyte"	0.00315955766192733
"309"	"b.cell"	"pericyte.cell"	0.00315457413249211
"380"	"vein.endothelial.cell"	"schwann.cell"	0.00314218381775334
"286"	"lung.microvascular.endothelial.cell"	"keratinocyte"	0.003125
"69"	"respiratory.goblet.cell"	"capillary.endothelial.cell"	0.00302571860816944
"411"	"respiratory.goblet.cell"	"tongue.muscle.cell"	0.00297619047619048
"232"	"alveolar.fibroblast"	"immune.cell"	0.00294117647058824
"37"	"vascular.associated.smooth.muscle.cell"	"basal.cell"	0.00290416263310745
"303"	"vascular.associated.smooth.muscle.cell"	"keratinocyte"	0.00277008310249307
"236"	"bronchial.smooth.muscle.cell"	"immune.cell"	0.00276243093922652
"169"	"fibroblast"	"epithelial.cell"	0.00272373540856031
"199"	"bronchial.vessel.endothelial.cell"	"fibroblast"	0.00269299820466786
"344"	"cd4.positive..alpha.beta.t.cell"	"schwann.cell"	0.00267891312667432
"237"	"bronchial.vessel.endothelial.cell"	"immune.cell"	0.00267201068804275
"142"	"plasma.cell"	"endothelial.cell.of.lymphatic.vessel"	0.00263504611330698
"271"	"b.cell"	"keratinocyte"	0.00262123197903014
"452"	"smooth.muscle.cell"	"vein.endothelial.cell"	0.00252951096121417
"426"	"bronchial.smooth.muscle.cell"	"vein.endothelial.cell"	0.00244200244200244
"195"	"b.cell"	"fibroblast"	0.00243013365735115
"260"	"respiratory.mucous.cell"	"immune.cell"	0.00235109717868339
"28"	"plasma.cell"	"basal.cell"	0.00232558139534884
"70"	"respiratory.mucous.cell"	"capillary.endothelial.cell"	0.00227790432801822
"270"	"alveolar.fibroblast"	"keratinocyte"	0.00217864923747277
"8"	"bronchial.smooth.muscle.cell"	"basal.cell"	0.00209205020920502
"162"	"capillary.aerocyte"	"epithelial.cell"	0.00196850393700787
"189"	"vascular.associated.smooth.muscle.cell"	"epithelial.cell"	0.001953125
"408"	"plasma.cell"	"tongue.muscle.cell"	0.00186567164179104
"424"	"basal.cell"	"vein.endothelial.cell"	0.00184842883548983
"443"	"nk.cell"	"vein.endothelial.cell"	0.00181708055723804
"20"	"lung.microvascular.endothelial.cell"	"basal.cell"	0.00169204737732657
"38"	"vein.endothelial.cell"	"basal.cell"	0.00164203612479475
"439"	"macrophage"	"vein.endothelial.cell"	0.00162337662337662
"215"	"nk.cell"	"fibroblast"	0.00158061116965227
"304"	"vein.endothelial.cell"	"keratinocyte"	0.00151745068285281
"332"	"plasma.cell"	"pericyte.cell"	0.00149476831091181
"231"	"adventitial.cell"	"immune.cell"	0.00148367952522255
"178"	"non.classical.monocyte"	"epithelial.cell"	0.00147058823529412
"243"	"endothelial.cell.of.artery"	"immune.cell"	0.00145032632342277
"419"	"cd8.positive..alpha.beta.t.cell"	"vein.endothelial.cell"	0.00143266475644699
"210"	"lung.microvascular.endothelial.cell"	"fibroblast"	0.0014265335235378
"268"	"cd4.positive..alpha.beta.t.cell"	"keratinocyte"	0.00137931034482759
"422"	"alveolar.fibroblast"	"vein.endothelial.cell"	0.00136612021857923
"40"	"cd4.positive..alpha.beta.t.cell"	"capillary.endothelial.cell"	0.0012987012987013
"44"	"basal.cell"	"capillary.endothelial.cell"	0.00129366106080207
"406"	"non.classical.monocyte"	"tongue.muscle.cell"	0.00125628140703518
"324"	"lung.microvascular.endothelial.cell"	"pericyte.cell"	0.00120481927710843
"342"	"vein.endothelial.cell"	"pericyte.cell"	0.00117924528301887
"191"	"cd8.positive..alpha.beta.t.cell"	"fibroblast"	0.00105820105820106
"163"	"capillary.endothelial.cell"	"epithelial.cell"	0.00100401606425703
"116"	"cd4.positive..alpha.beta.t.cell"	"endothelial.cell.of.lymphatic.vessel"	0.00099502487562189
"259"	"respiratory.goblet.cell"	"immune.cell"	0.000942507068803016
"305"	"cd8.positive..alpha.beta.t.cell"	"pericyte.cell"	0.000931098696461825
"266"	"vein.endothelial.cell"	"immune.cell"	0.000906618313689937
"179"	"pericyte.cell"	"epithelial.cell"	0.000827129859387924
"2"	"cd4.positive..alpha.beta.t.cell"	"basal.cell"	0
"66"	"plasma.cell"	"capillary.endothelial.cell"	0
"156"	"alveolar.fibroblast"	"epithelial.cell"	0
"160"	"bronchial.smooth.muscle.cell"	"epithelial.cell"	0
"167"	"endothelial.cell.of.artery"	"epithelial.cell"	0
"190"	"vein.endothelial.cell"	"epithelial.cell"	0
"192"	"cd4.positive..alpha.beta.t.cell"	"fibroblast"	0
"218"	"plasma.cell"	"fibroblast"	0
"234"	"basal.cell"	"immune.cell"	0
"248"	"lung.microvascular.endothelial.cell"	"immune.cell"	0
"294"	"plasma.cell"	"keratinocyte"	0
"306"	"cd4.positive..alpha.beta.t.cell"	"pericyte.cell"	0
"420"	"cd4.positive..alpha.beta.t.cell"	"vein.endothelial.cell"	0
"446"	"plasma.cell"	"vein.endothelial.cell"	0
