"Lung"	"Spleen"	"value"
"670"	"neutrophil"	"neutrophil"	0.544117647058823
"202"	"classical.monocyte"	"classical.monocyte"	0.220394736842105
"750"	"plasma.cell"	"plasma.cell"	0.204778156996587
"208"	"intermediate.monocyte"	"classical.monocyte"	0.200312989045383
"444"	"non.classical.monocyte"	"macrophage"	0.189674523007856
"166"	"dendritic.cell"	"cd141.positive.myeloid.dendritic.cell"	0.16036036036036
"216"	"non.classical.monocyte"	"classical.monocyte"	0.155482815057283
"537"	"b.cell"	"naive.b.cell"	0.147157190635452
"499"	"b.cell"	"memory.b.cell"	0.143468950749465
"439"	"macrophage"	"macrophage"	0.134343434343434
"709"	"nk.cell"	"nk.cell"	0.12970969734404
"404"	"neutrophil"	"intermediate.monocyte"	0.117268041237113
"239"	"capillary.endothelial.cell"	"endothelial.cell"	0.113106610622851
"244"	"endothelial.cell.of.lymphatic.vessel"	"endothelial.cell"	0.111111111111111
"436"	"intermediate.monocyte"	"macrophage"	0.102261553588987
"392"	"classical.monocyte"	"intermediate.monocyte"	0.0956618464961068
"572"	"cd4.positive..alpha.beta.t.cell"	"naive.thymus.derived.cd4.positive..alpha.beta.t.cell"	0.0930232558139535
"838"	"cd4.positive..alpha.beta.t.cell"	"regulatory.t.cell"	0.0914179104477612
"243"	"endothelial.cell.of.artery"	"endothelial.cell"	0.0893135725429017
"139"	"nk.cell"	"cd8.positive..alpha.beta.t.cell"	0.0892018779342723
"238"	"capillary.aerocyte"	"endothelial.cell"	0.089086859688196
"245"	"fibroblast"	"endothelial.cell"	0.087103798693443
"609"	"cd8.positive..alpha.beta.t.cell"	"naive.thymus.derived.cd8.positive..alpha.beta.t.cell"	0.0827922077922078
"875"	"cd8.positive..alpha.beta.t.cell"	"type.i.nk.t.cell"	0.0790273556231003
"658"	"classical.monocyte"	"neutrophil"	0.0737463126843658
"148"	"smooth.muscle.cell"	"cd8.positive..alpha.beta.t.cell"	0.0708055413032324
"40"	"cd4.positive..alpha.beta.t.cell"	"cd4.positive..alpha.beta.memory.t.cell"	0.0681198910081744
"837"	"cd8.positive..alpha.beta.t.cell"	"regulatory.t.cell"	0.0673352435530086
"685"	"cd8.positive..alpha.beta.t.cell"	"nk.cell"	0.0671550671550672
"457"	"cd8.positive..alpha.beta.t.cell"	"mature.nk.t.cell"	0.0661654135338346
"430"	"classical.monocyte"	"macrophage"	0.066147859922179
"251"	"myofibroblast.cell"	"endothelial.cell"	0.0621935483870968
"211"	"macrophage"	"classical.monocyte"	0.0621546961325967
"794"	"smooth.muscle.cell"	"plasmacytoid.dendritic.cell"	0.0621359223300971
"255"	"pericyte.cell"	"endothelial.cell"	0.0607397353240584
"338"	"smooth.muscle.cell"	"hematopoietic.stem.cell"	0.0605203619909502
"258"	"pulmonary.ionocyte"	"endothelial.cell"	0.0600434048709911
"266"	"vein.endothelial.cell"	"endothelial.cell"	0.0589225589225589
"144"	"pulmonary.ionocyte"	"cd8.positive..alpha.beta.t.cell"	0.0565485862853429
"828"	"pulmonary.ionocyte"	"platelet"	0.0564399421128799
"398"	"intermediate.monocyte"	"intermediate.monocyte"	0.0542797494780793
"313"	"bronchial.vessel.endothelial.cell"	"hematopoietic.stem.cell"	0.0542005420054201
"789"	"plasmacytoid.dendritic.cell"	"plasmacytoid.dendritic.cell"	0.0526824552924118
"664"	"intermediate.monocyte"	"neutrophil"	0.0518465909090909
"237"	"bronchial.vessel.endothelial.cell"	"endothelial.cell"	0.0512450378924576
"115"	"cd8.positive..alpha.beta.t.cell"	"cd8.positive..alpha.beta.t.cell"	0.0506578947368421
"247"	"lung.ciliated.cell"	"endothelial.cell"	0.0502851218247797
"14"	"dendritic.cell"	"cd1c.positive.myeloid.dendritic.cell"	0.0501519756838906
"827"	"plasmacytoid.dendritic.cell"	"platelet"	0.0500173671413685
"610"	"cd4.positive..alpha.beta.t.cell"	"naive.thymus.derived.cd8.positive..alpha.beta.t.cell"	0.0496894409937888
"825"	"pericyte.cell"	"platelet"	0.0493827160493827
"899"	"nk.cell"	"type.i.nk.t.cell"	0.0491493383742911
"263"	"type.i.pneumocyte"	"endothelial.cell"	0.0486202365308804
"334"	"pulmonary.ionocyte"	"hematopoietic.stem.cell"	0.0479310344827586
"808"	"capillary.aerocyte"	"platelet"	0.0478927203065134
"815"	"fibroblast"	"platelet"	0.0466480446927374
"333"	"plasmacytoid.dendritic.cell"	"hematopoietic.stem.cell"	0.0464208242950108
"788"	"plasma.cell"	"plasmacytoid.dendritic.cell"	0.0462833099579243
"178"	"non.classical.monocyte"	"cd141.positive.myeloid.dendritic.cell"	0.046031746031746
"814"	"endothelial.cell.of.lymphatic.vessel"	"platelet"	0.0454374765302291
"143"	"plasmacytoid.dendritic.cell"	"cd8.positive..alpha.beta.t.cell"	0.0445859872611465
"633"	"nk.cell"	"naive.thymus.derived.cd8.positive..alpha.beta.t.cell"	0.0444301352221507
"265"	"vascular.associated.smooth.muscle.cell"	"endothelial.cell"	0.0436324937921249
"232"	"alveolar.fibroblast"	"endothelial.cell"	0.0428249436513899
"34"	"smooth.muscle.cell"	"cd1c.positive.myeloid.dendritic.cell"	0.0427682737169518
"835"	"vascular.associated.smooth.muscle.cell"	"platelet"	0.0427350427350427
"756"	"smooth.muscle.cell"	"plasma.cell"	0.0417362270450751
"248"	"lung.microvascular.endothelial.cell"	"endothelial.cell"	0.0417014178482068
"321"	"fibroblast"	"hematopoietic.stem.cell"	0.0415144470275656
"204"	"dendritic.cell"	"classical.monocyte"	0.0406626506024096
"806"	"bronchial.smooth.muscle.cell"	"platelet"	0.0402750491159136
"833"	"type.i.pneumocyte"	"platelet"	0.0399659863945578
"823"	"nk.cell"	"platelet"	0.0398167723749119
"432"	"dendritic.cell"	"macrophage"	0.0398009950248756
"401"	"macrophage"	"intermediate.monocyte"	0.0390143737166324
"821"	"myofibroblast.cell"	"platelet"	0.0382008626001232
"876"	"cd4.positive..alpha.beta.t.cell"	"type.i.nk.t.cell"	0.0377358490566038
"29"	"plasmacytoid.dendritic.cell"	"cd1c.positive.myeloid.dendritic.cell"	0.0375690607734807
"481"	"nk.cell"	"mature.nk.t.cell"	0.0374064837905237
"327"	"myofibroblast.cell"	"hematopoietic.stem.cell"	0.0368282600526118
"817"	"lung.ciliated.cell"	"platelet"	0.0366886171213547
"769"	"bronchial.vessel.endothelial.cell"	"plasmacytoid.dendritic.cell"	0.0360501567398119
"170"	"intermediate.monocyte"	"cd141.positive.myeloid.dendritic.cell"	0.0359712230215827
"173"	"macrophage"	"cd141.positive.myeloid.dendritic.cell"	0.0358680057388809
"790"	"pulmonary.ionocyte"	"plasmacytoid.dendritic.cell"	0.0350553505535055
"822"	"neutrophil"	"platelet"	0.0345368916797488
"123"	"bronchial.vessel.endothelial.cell"	"cd8.positive..alpha.beta.t.cell"	0.0345231129315389
"805"	"basophil"	"platelet"	0.0341597796143251
"236"	"bronchial.smooth.muscle.cell"	"endothelial.cell"	0.0339350180505415
"231"	"adventitial.cell"	"endothelial.cell"	0.0336826347305389
"329"	"nk.cell"	"hematopoietic.stem.cell"	0.0335689045936396
"809"	"capillary.endothelial.cell"	"platelet"	0.033381020505484
"371"	"plasmacytoid.dendritic.cell"	"innate.lymphoid.cell"	0.0332506203473945
"262"	"smooth.muscle.cell"	"endothelial.cell"	0.0329178651326302
"214"	"neutrophil"	"classical.monocyte"	0.0325484764542936
"832"	"smooth.muscle.cell"	"platelet"	0.0319634703196347
"534"	"cd4.positive..alpha.beta.t.cell"	"naive.b.cell"	0.0318979266347687
"725"	"adventitial.cell"	"plasma.cell"	0.0318302387267905
"137"	"myofibroblast.cell"	"cd8.positive..alpha.beta.t.cell"	0.0315972222222222
"369"	"pericyte.cell"	"innate.lymphoid.cell"	0.0315412186379928
"344"	"cd4.positive..alpha.beta.t.cell"	"innate.lymphoid.cell"	0.0311059907834101
"561"	"plasmacytoid.dendritic.cell"	"naive.b.cell"	0.0309162450815065
"365"	"myofibroblast.cell"	"innate.lymphoid.cell"	0.0305473058973271
"181"	"plasmacytoid.dendritic.cell"	"cd141.positive.myeloid.dendritic.cell"	0.0303882948790096
"346"	"alveolar.fibroblast"	"innate.lymphoid.cell"	0.0302743614001892
"755"	"serous.cell.of.epithelium.of.bronchus"	"plasma.cell"	0.0301659125188537
"672"	"non.classical.monocyte"	"neutrophil"	0.0297316896301668
"793"	"serous.cell.of.epithelium.of.bronchus"	"plasmacytoid.dendritic.cell"	0.0296650717703349
"783"	"myofibroblast.cell"	"plasmacytoid.dendritic.cell"	0.0285132382892057
"667"	"macrophage"	"neutrophil"	0.0284327323162275
"320"	"endothelial.cell.of.lymphatic.vessel"	"hematopoietic.stem.cell"	0.0283956460009465
"282"	"endothelial.cell.of.lymphatic.vessel"	"erythrocyte"	0.0282555282555283
"406"	"non.classical.monocyte"	"intermediate.monocyte"	0.028169014084507
"149"	"type.i.pneumocyte"	"cd8.positive..alpha.beta.t.cell"	0.0281265695630337
"377"	"type.i.pneumocyte"	"innate.lymphoid.cell"	0.0280054644808743
"453"	"type.i.pneumocyte"	"macrophage"	0.0279503105590062
"323"	"lung.ciliated.cell"	"hematopoietic.stem.cell"	0.0278413424866514
"311"	"basophil"	"hematopoietic.stem.cell"	0.0275974025974026
"257"	"plasmacytoid.dendritic.cell"	"endothelial.cell"	0.0275354416575791
"763"	"adventitial.cell"	"plasmacytoid.dendritic.cell"	0.0271929824561404
"751"	"plasmacytoid.dendritic.cell"	"plasma.cell"	0.0270425776754891
"77"	"cd8.positive..alpha.beta.t.cell"	"cd8.positive..alpha.beta.memory.t.cell"	0.0269749518304432
"358"	"endothelial.cell.of.lymphatic.vessel"	"innate.lymphoid.cell"	0.0267409470752089
"131"	"fibroblast"	"cd8.positive..alpha.beta.t.cell"	0.0266789328426863
"409"	"plasmacytoid.dendritic.cell"	"intermediate.monocyte"	0.026621490803485
"164"	"classical.monocyte"	"cd141.positive.myeloid.dendritic.cell"	0.0265878877400295
"367"	"nk.cell"	"innate.lymphoid.cell"	0.0265577119509704
"133"	"lung.ciliated.cell"	"cd8.positive..alpha.beta.t.cell"	0.0264830508474576
"428"	"capillary.aerocyte"	"macrophage"	0.0264511388684791
"339"	"type.i.pneumocyte"	"hematopoietic.stem.cell"	0.0262863534675615
"130"	"endothelial.cell.of.lymphatic.vessel"	"cd8.positive..alpha.beta.t.cell"	0.0262478485370052
"447"	"plasmacytoid.dendritic.cell"	"macrophage"	0.0262068965517241
"458"	"cd4.positive..alpha.beta.t.cell"	"mature.nk.t.cell"	0.0261682242990654
"361"	"lung.ciliated.cell"	"innate.lymphoid.cell"	0.0260303687635575
"445"	"pericyte.cell"	"macrophage"	0.025823111684958
"691"	"basophil"	"nk.cell"	0.0258152173913043
"675"	"plasmacytoid.dendritic.cell"	"neutrophil"	0.0257222002374357
"560"	"plasma.cell"	"naive.b.cell"	0.0255102040816327
"681"	"type.i.pneumocyte"	"neutrophil"	0.0254452926208651
"777"	"fibroblast"	"plasmacytoid.dendritic.cell"	0.0254416961130742
"713"	"plasmacytoid.dendritic.cell"	"nk.cell"	0.0253505933117584
"301"	"type.i.pneumocyte"	"erythrocyte"	0.0253261703760553
"359"	"fibroblast"	"innate.lymphoid.cell"	0.0252100840336134
"816"	"intermediate.monocyte"	"platelet"	0.025201072386059
"813"	"endothelial.cell.of.artery"	"platelet"	0.0250375563345018
"433"	"endothelial.cell.of.artery"	"macrophage"	0.0244698205546493
"575"	"b.cell"	"naive.thymus.derived.cd4.positive..alpha.beta.t.cell"	0.024390243902439
"434"	"endothelial.cell.of.lymphatic.vessel"	"macrophage"	0.0241521068859198
"349"	"basophil"	"innate.lymphoid.cell"	0.0240700218818381
"442"	"neutrophil"	"macrophage"	0.0238623751387347
"397"	"fibroblast"	"intermediate.monocyte"	0.0237495501979129
"448"	"pulmonary.ionocyte"	"macrophage"	0.0236305048335124
"807"	"bronchial.vessel.endothelial.cell"	"platelet"	0.0231350330500472
"372"	"pulmonary.ionocyte"	"innate.lymphoid.cell"	0.023036253776435
"9"	"bronchial.vessel.endothelial.cell"	"cd1c.positive.myeloid.dendritic.cell"	0.023023023023023
"657"	"capillary.endothelial.cell"	"neutrophil"	0.0229817324690631
"765"	"b.cell"	"plasmacytoid.dendritic.cell"	0.0228401191658391
"656"	"capillary.aerocyte"	"neutrophil"	0.0227008149010477
"362"	"lung.microvascular.endothelial.cell"	"innate.lymphoid.cell"	0.0226986128625473
"273"	"basophil"	"erythrocyte"	0.0226666666666667
"421"	"adventitial.cell"	"macrophage"	0.0225375626043406
"405"	"nk.cell"	"intermediate.monocyte"	0.0224550898203593
"274"	"bronchial.smooth.muscle.cell"	"erythrocyte"	0.0223123732251521
"801"	"adventitial.cell"	"platelet"	0.0223123732251521
"429"	"capillary.endothelial.cell"	"macrophage"	0.0222882615156018
"390"	"capillary.aerocyte"	"intermediate.monocyte"	0.0222575516693164
"39"	"cd8.positive..alpha.beta.t.cell"	"cd4.positive..alpha.beta.memory.t.cell"	0.0222222222222222
"30"	"pulmonary.ionocyte"	"cd1c.positive.myeloid.dendritic.cell"	0.02203182374541
"671"	"nk.cell"	"neutrophil"	0.0214835832995541
"391"	"capillary.endothelial.cell"	"intermediate.monocyte"	0.0209846650524617
"699"	"endothelial.cell.of.artery"	"nk.cell"	0.0209713024282561
"300"	"smooth.muscle.cell"	"erythrocyte"	0.0207715133531157
"523"	"plasmacytoid.dendritic.cell"	"memory.b.cell"	0.020631067961165
"522"	"plasma.cell"	"memory.b.cell"	0.0204081632653061
"802"	"alveolar.fibroblast"	"platelet"	0.0201005025125628
"387"	"basophil"	"intermediate.monocyte"	0.0198744769874477
"276"	"capillary.aerocyte"	"erythrocyte"	0.0198675496688742
"785"	"nk.cell"	"plasmacytoid.dendritic.cell"	0.0198547215496368
"422"	"alveolar.fibroblast"	"macrophage"	0.0197530864197531
"425"	"basophil"	"macrophage"	0.0197183098591549
"162"	"capillary.aerocyte"	"cd141.positive.myeloid.dendritic.cell"	0.0194472876151484
"824"	"non.classical.monocyte"	"platelet"	0.019273127753304
"415"	"type.i.pneumocyte"	"intermediate.monocyte"	0.0191419141914191
"834"	"type.ii.pneumocyte"	"platelet"	0.019047619047619
"331"	"pericyte.cell"	"hematopoietic.stem.cell"	0.0190092165898618
"810"	"classical.monocyte"	"platelet"	0.0188984881209503
"455"	"vascular.associated.smooth.muscle.cell"	"macrophage"	0.018854242204496
"797"	"vascular.associated.smooth.muscle.cell"	"plasmacytoid.dendritic.cell"	0.0188536953242836
"731"	"bronchial.vessel.endothelial.cell"	"plasma.cell"	0.018640350877193
"698"	"dendritic.cell"	"nk.cell"	0.0185449358059914
"394"	"dendritic.cell"	"intermediate.monocyte"	0.0185387131952017
"508"	"dendritic.cell"	"memory.b.cell"	0.0185185185185185
"253"	"nk.cell"	"endothelial.cell"	0.0184573002754821
"426"	"bronchial.smooth.muscle.cell"	"macrophage"	0.0184190330007675
"250"	"mesothelial.cell"	"endothelial.cell"	0.0183314627759072
"812"	"dendritic.cell"	"platelet"	0.0183028286189684
"283"	"fibroblast"	"erythrocyte"	0.0181467181467181
"660"	"dendritic.cell"	"neutrophil"	0.0181159420289855
"819"	"macrophage"	"platelet"	0.0180851063829787
"590"	"lung.microvascular.endothelial.cell"	"naive.thymus.derived.cd4.positive..alpha.beta.t.cell"	0.018018018018018
"225"	"type.i.pneumocyte"	"classical.monocyte"	0.0179968701095462
"322"	"intermediate.monocyte"	"hematopoietic.stem.cell"	0.0179968701095462
"355"	"club.cell"	"innate.lymphoid.cell"	0.0178784266984505
"337"	"serous.cell.of.epithelium.of.bronchus"	"hematopoietic.stem.cell"	0.0178710178710179
"396"	"endothelial.cell.of.lymphatic.vessel"	"intermediate.monocyte"	0.0178474851270957
"116"	"cd4.positive..alpha.beta.t.cell"	"cd8.positive..alpha.beta.t.cell"	0.0177053824362606
"296"	"pulmonary.ionocyte"	"erythrocyte"	0.0176282051282051
"288"	"mesothelial.cell"	"erythrocyte"	0.0176263219741481
"357"	"endothelial.cell.of.artery"	"innate.lymphoid.cell"	0.0174793008279669
"353"	"capillary.endothelial.cell"	"innate.lymphoid.cell"	0.0174273858921162
"850"	"dendritic.cell"	"regulatory.t.cell"	0.0173913043478261
"23"	"myofibroblast.cell"	"cd1c.positive.myeloid.dendritic.cell"	0.0173754000914495
"343"	"cd8.positive..alpha.beta.t.cell"	"innate.lymphoid.cell"	0.017357762777242
"861"	"nk.cell"	"regulatory.t.cell"	0.0173548773189707
"546"	"dendritic.cell"	"naive.b.cell"	0.0172955974842767
"18"	"intermediate.monocyte"	"cd1c.positive.myeloid.dendritic.cell"	0.0172413793103448
"122"	"bronchial.smooth.muscle.cell"	"cd8.positive..alpha.beta.t.cell"	0.0171597633136095
"376"	"smooth.muscle.cell"	"innate.lymphoid.cell"	0.0171165240289664
"410"	"pulmonary.ionocyte"	"intermediate.monocyte"	0.0170244263508512
"340"	"type.ii.pneumocyte"	"hematopoietic.stem.cell"	0.017014694508894
"395"	"endothelial.cell.of.artery"	"intermediate.monocyte"	0.0168738898756661
"663"	"fibroblast"	"neutrophil"	0.0168659920269856
"435"	"fibroblast"	"macrophage"	0.0168558651530788
"293"	"pericyte.cell"	"erythrocyte"	0.0168134507606085
"776"	"endothelial.cell.of.lymphatic.vessel"	"plasmacytoid.dendritic.cell"	0.0167802831672784
"316"	"classical.monocyte"	"hematopoietic.stem.cell"	0.0167330677290837
"662"	"endothelial.cell.of.lymphatic.vessel"	"neutrophil"	0.016414686825054
"661"	"endothelial.cell.of.artery"	"neutrophil"	0.0163522012578616
"159"	"basophil"	"cd141.positive.myeloid.dendritic.cell"	0.0163204747774481
"352"	"capillary.aerocyte"	"innate.lymphoid.cell"	0.0162999185004075
"187"	"type.i.pneumocyte"	"cd141.positive.myeloid.dendritic.cell"	0.0162074554294976
"694"	"capillary.aerocyte"	"nk.cell"	0.0162059103908484
"302"	"type.ii.pneumocyte"	"erythrocyte"	0.0161892901618929
"865"	"plasmacytoid.dendritic.cell"	"regulatory.t.cell"	0.0160550458715596
"336"	"respiratory.mucous.cell"	"hematopoietic.stem.cell"	0.015993907083016
"241"	"club.cell"	"endothelial.cell"	0.0159936025589764
"416"	"type.ii.pneumocyte"	"intermediate.monocyte"	0.0158730158730159
"407"	"pericyte.cell"	"intermediate.monocyte"	0.015807560137457
"673"	"pericyte.cell"	"neutrophil"	0.0156331422615946
"252"	"neutrophil"	"endothelial.cell"	0.0156156156156156
"752"	"pulmonary.ionocyte"	"plasma.cell"	0.0155789473684211
"452"	"smooth.muscle.cell"	"macrophage"	0.0155781905332534
"557"	"nk.cell"	"naive.b.cell"	0.0155619596541787
"128"	"dendritic.cell"	"cd8.positive..alpha.beta.t.cell"	0.015547703180212
"312"	"bronchial.smooth.muscle.cell"	"hematopoietic.stem.cell"	0.0154986522911051
"463"	"basophil"	"mature.nk.t.cell"	0.0154905335628227
"335"	"respiratory.goblet.cell"	"hematopoietic.stem.cell"	0.0154545454545455
"653"	"basophil"	"neutrophil"	0.0154494382022472
"295"	"plasmacytoid.dendritic.cell"	"erythrocyte"	0.0153927813163482
"379"	"vascular.associated.smooth.muscle.cell"	"innate.lymphoid.cell"	0.0153721682847896
"559"	"pericyte.cell"	"naive.b.cell"	0.0153452685421995
"437"	"lung.ciliated.cell"	"macrophage"	0.0153411384739604
"558"	"non.classical.monocyte"	"naive.b.cell"	0.0153374233128834
"782"	"mesothelial.cell"	"plasmacytoid.dendritic.cell"	0.0152603231597846
"403"	"myofibroblast.cell"	"intermediate.monocyte"	0.0152200740436035
"264"	"type.ii.pneumocyte"	"endothelial.cell"	0.0151975683890578
"307"	"adventitial.cell"	"hematopoietic.stem.cell"	0.0151734104046243
"768"	"bronchial.smooth.muscle.cell"	"plasmacytoid.dendritic.cell"	0.0151515151515152
"676"	"pulmonary.ionocyte"	"neutrophil"	0.0151371807000946
"260"	"respiratory.mucous.cell"	"endothelial.cell"	0.01508864579404
"818"	"lung.microvascular.endothelial.cell"	"platelet"	0.015063731170336
"308"	"alveolar.fibroblast"	"hematopoietic.stem.cell"	0.0150214592274678
"299"	"serous.cell.of.epithelium.of.bronchus"	"erythrocyte"	0.0150187734668335
"315"	"capillary.endothelial.cell"	"hematopoietic.stem.cell"	0.015003261578604
"441"	"myofibroblast.cell"	"macrophage"	0.0149547422274695
"413"	"serous.cell.of.epithelium.of.bronchus"	"intermediate.monocyte"	0.0149402390438247
"182"	"pulmonary.ionocyte"	"cd141.positive.myeloid.dendritic.cell"	0.0148637489677952
"779"	"lung.ciliated.cell"	"plasmacytoid.dendritic.cell"	0.0148453608247423
"427"	"bronchial.vessel.endothelial.cell"	"macrophage"	0.0147492625368732
"380"	"vein.endothelial.cell"	"innate.lymphoid.cell"	0.01468788249694
"151"	"vascular.associated.smooth.muscle.cell"	"cd8.positive..alpha.beta.t.cell"	0.0146809712027103
"350"	"bronchial.smooth.muscle.cell"	"innate.lymphoid.cell"	0.0146551724137931
"843"	"basophil"	"regulatory.t.cell"	0.0145867098865478
"163"	"capillary.endothelial.cell"	"cd141.positive.myeloid.dendritic.cell"	0.0145681581685744
"440"	"mesothelial.cell"	"macrophage"	0.0145547945205479
"456"	"vein.endothelial.cell"	"macrophage"	0.0145077720207254
"121"	"basophil"	"cd8.positive..alpha.beta.t.cell"	0.0144131777625257
"226"	"type.ii.pneumocyte"	"classical.monocyte"	0.0142857142857143
"831"	"serous.cell.of.epithelium.of.bronchus"	"platelet"	0.0142555438225977
"781"	"macrophage"	"plasmacytoid.dendritic.cell"	0.0142314990512334
"158"	"basal.cell"	"cd141.positive.myeloid.dendritic.cell"	0.0141065830721003
"796"	"type.ii.pneumocyte"	"plasmacytoid.dendritic.cell"	0.0140712945590994
"17"	"fibroblast"	"cd1c.positive.myeloid.dendritic.cell"	0.0140296180826189
"150"	"type.ii.pneumocyte"	"cd8.positive..alpha.beta.t.cell"	0.0139442231075697
"571"	"cd8.positive..alpha.beta.t.cell"	"naive.thymus.derived.cd4.positive..alpha.beta.t.cell"	0.0139130434782609
"820"	"mesothelial.cell"	"platelet"	0.0138532580810672
"285"	"lung.ciliated.cell"	"erythrocyte"	0.0138504155124654
"188"	"type.ii.pneumocyte"	"cd141.positive.myeloid.dendritic.cell"	0.0138121546961326
"12"	"classical.monocyte"	"cd1c.positive.myeloid.dendritic.cell"	0.0136612021857923
"28"	"plasma.cell"	"cd1c.positive.myeloid.dendritic.cell"	0.0136363636363636
"16"	"endothelial.cell.of.lymphatic.vessel"	"cd1c.positive.myeloid.dendritic.cell"	0.0136054421768707
"695"	"capillary.endothelial.cell"	"nk.cell"	0.0135790494665373
"129"	"endothelial.cell.of.artery"	"cd8.positive..alpha.beta.t.cell"	0.013530135301353
"399"	"lung.ciliated.cell"	"intermediate.monocyte"	0.0134907251264755
"277"	"capillary.endothelial.cell"	"erythrocyte"	0.0134228187919463
"22"	"mesothelial.cell"	"cd1c.positive.myeloid.dendritic.cell"	0.0134146341463415
"708"	"neutrophil"	"nk.cell"	0.0133868808567604
"548"	"endothelial.cell.of.lymphatic.vessel"	"naive.b.cell"	0.0133418043202033
"795"	"type.i.pneumocyte"	"plasmacytoid.dendritic.cell"	0.0132911392405063
"539"	"basophil"	"naive.b.cell"	0.0132547864506627
"291"	"nk.cell"	"erythrocyte"	0.0132085855806274
"787"	"pericyte.cell"	"plasmacytoid.dendritic.cell"	0.0132013201320132
"542"	"capillary.aerocyte"	"naive.b.cell"	0.013184584178499
"374"	"respiratory.mucous.cell"	"innate.lymphoid.cell"	0.0131180625630676
"549"	"fibroblast"	"naive.b.cell"	0.0130693069306931
"119"	"b.cell"	"cd8.positive..alpha.beta.t.cell"	0.0130404941660947
"167"	"endothelial.cell.of.artery"	"cd141.positive.myeloid.dendritic.cell"	0.0130331753554502
"555"	"myofibroblast.cell"	"naive.b.cell"	0.0130051091500232
"841"	"b.cell"	"regulatory.t.cell"	0.012987012987013
"483"	"pericyte.cell"	"mature.nk.t.cell"	0.0129749768303985
"615"	"basophil"	"naive.thymus.derived.cd8.positive..alpha.beta.t.cell"	0.0129390018484288
"199"	"bronchial.vessel.endothelial.cell"	"classical.monocyte"	0.0128840436075322
"314"	"capillary.aerocyte"	"hematopoietic.stem.cell"	0.0128452151573539
"224"	"smooth.muscle.cell"	"classical.monocyte"	0.0128398791540786
"686"	"cd4.positive..alpha.beta.t.cell"	"nk.cell"	0.0127659574468085
"364"	"mesothelial.cell"	"innate.lymphoid.cell"	0.012720156555773
"135"	"macrophage"	"cd8.positive..alpha.beta.t.cell"	0.0127005347593583
"200"	"capillary.aerocyte"	"classical.monocyte"	0.012621359223301
"326"	"mesothelial.cell"	"hematopoietic.stem.cell"	0.0126112759643917
"234"	"basal.cell"	"endothelial.cell"	0.0125342734038386
"261"	"serous.cell.of.epithelium.of.bronchus"	"endothelial.cell"	0.0125284738041002
"388"	"bronchial.smooth.muscle.cell"	"intermediate.monocyte"	0.0124895920066611
"124"	"capillary.aerocyte"	"cd8.positive..alpha.beta.t.cell"	0.012450481041313
"310"	"basal.cell"	"hematopoietic.stem.cell"	0.0123660346248969
"235"	"basophil"	"endothelial.cell"	0.0123504438440756
"141"	"pericyte.cell"	"cd8.positive..alpha.beta.t.cell"	0.0122636688809402
"655"	"bronchial.vessel.endothelial.cell"	"neutrophil"	0.0122448979591837
"345"	"adventitial.cell"	"innate.lymphoid.cell"	0.012241054613936
"799"	"cd8.positive..alpha.beta.t.cell"	"platelet"	0.0121703853955375
"341"	"vascular.associated.smooth.muscle.cell"	"hematopoietic.stem.cell"	0.0121328224776501
"303"	"vascular.associated.smooth.muscle.cell"	"erythrocyte"	0.0121155638397018
"389"	"bronchial.vessel.endothelial.cell"	"intermediate.monocyte"	0.012
"486"	"pulmonary.ionocyte"	"mature.nk.t.cell"	0.0119914346895075
"881"	"basophil"	"type.i.nk.t.cell"	0.011986301369863
"317"	"club.cell"	"hematopoietic.stem.cell"	0.011965811965812
"290"	"neutrophil"	"erythrocyte"	0.0119363395225464
"21"	"macrophage"	"cd1c.positive.myeloid.dendritic.cell"	0.0118421052631579
"279"	"club.cell"	"erythrocyte"	0.0118168389955687
"873"	"vascular.associated.smooth.muscle.cell"	"regulatory.t.cell"	0.0117773019271949
"438"	"lung.microvascular.endothelial.cell"	"macrophage"	0.0115789473684211
"414"	"smooth.muscle.cell"	"intermediate.monocyte"	0.0114942528735632
"217"	"pericyte.cell"	"classical.monocyte"	0.0114660114660115
"125"	"capillary.endothelial.cell"	"cd8.positive..alpha.beta.t.cell"	0.011441647597254
"8"	"bronchial.smooth.muscle.cell"	"cd1c.positive.myeloid.dendritic.cell"	0.0114345114345114
"194"	"alveolar.fibroblast"	"classical.monocyte"	0.0114285714285714
"836"	"vein.endothelial.cell"	"platelet"	0.0114285714285714
"650"	"alveolar.fibroblast"	"neutrophil"	0.0113851992409867
"684"	"vein.endothelial.cell"	"neutrophil"	0.0113293051359517
"219"	"plasmacytoid.dendritic.cell"	"classical.monocyte"	0.0113085621970921
"721"	"vascular.associated.smooth.muscle.cell"	"nk.cell"	0.0112994350282486
"378"	"type.ii.pneumocyte"	"innate.lymphoid.cell"	0.0112936344969199
"533"	"cd8.positive..alpha.beta.t.cell"	"naive.b.cell"	0.0112781954887218
"623"	"endothelial.cell.of.artery"	"naive.thymus.derived.cd8.positive..alpha.beta.t.cell"	0.0112676056338028
"269"	"adventitial.cell"	"erythrocyte"	0.0111607142857143
"849"	"club.cell"	"regulatory.t.cell"	0.0111524163568773
"185"	"serous.cell.of.epithelium.of.bronchus"	"cd141.positive.myeloid.dendritic.cell"	0.0110957004160888
"381"	"cd8.positive..alpha.beta.t.cell"	"intermediate.monocyte"	0.011090573012939
"485"	"plasmacytoid.dendritic.cell"	"mature.nk.t.cell"	0.0110658124635993
"179"	"pericyte.cell"	"cd141.positive.myeloid.dendritic.cell"	0.011063829787234
"903"	"plasmacytoid.dendritic.cell"	"type.i.nk.t.cell"	0.0110593713620489
"7"	"basophil"	"cd1c.positive.myeloid.dendritic.cell"	0.0110497237569061
"470"	"dendritic.cell"	"mature.nk.t.cell"	0.0110497237569061
"893"	"lung.ciliated.cell"	"type.i.nk.t.cell"	0.011011011011011
"270"	"alveolar.fibroblast"	"erythrocyte"	0.010989010989011
"292"	"non.classical.monocyte"	"erythrocyte"	0.0109140518417462
"665"	"lung.ciliated.cell"	"neutrophil"	0.0109001406469761
"203"	"club.cell"	"classical.monocyte"	0.0108864696734059
"683"	"vascular.associated.smooth.muscle.cell"	"neutrophil"	0.0108820160366552
"35"	"type.i.pneumocyte"	"cd1c.positive.myeloid.dendritic.cell"	0.0108780108780109
"78"	"cd4.positive..alpha.beta.t.cell"	"cd8.positive..alpha.beta.memory.t.cell"	0.010840108401084
"855"	"lung.ciliated.cell"	"regulatory.t.cell"	0.0108214461387113
"682"	"type.ii.pneumocyte"	"neutrophil"	0.0108181203515889
"281"	"endothelial.cell.of.artery"	"erythrocyte"	0.0107874865156419
"451"	"serous.cell.of.epithelium.of.bronchus"	"macrophage"	0.0107334525939177
"854"	"intermediate.monocyte"	"regulatory.t.cell"	0.0107033639143731
"562"	"pulmonary.ionocyte"	"naive.b.cell"	0.0106776180698152
"479"	"myofibroblast.cell"	"mature.nk.t.cell"	0.0106744298884037
"669"	"myofibroblast.cell"	"neutrophil"	0.0106602475928473
"249"	"macrophage"	"endothelial.cell"	0.0106382978723404
"618"	"capillary.aerocyte"	"naive.thymus.derived.cd8.positive..alpha.beta.t.cell"	0.0105882352941176
"319"	"endothelial.cell.of.artery"	"hematopoietic.stem.cell"	0.0105559465165376
"120"	"basal.cell"	"cd8.positive..alpha.beta.t.cell"	0.0105263157894737
"711"	"pericyte.cell"	"nk.cell"	0.0104417670682731
"33"	"serous.cell.of.epithelium.of.bronchus"	"cd1c.positive.myeloid.dendritic.cell"	0.0104166666666667
"309"	"b.cell"	"hematopoietic.stem.cell"	0.0103916866506795
"157"	"b.cell"	"cd141.positive.myeloid.dendritic.cell"	0.0103550295857988
"543"	"capillary.endothelial.cell"	"naive.b.cell"	0.0103305785123967
"879"	"b.cell"	"type.i.nk.t.cell"	0.0102915951972556
"19"	"lung.ciliated.cell"	"cd1c.positive.myeloid.dendritic.cell"	0.0102851799906498
"289"	"myofibroblast.cell"	"erythrocyte"	0.0102816271792579
"6"	"basal.cell"	"cd1c.positive.myeloid.dendritic.cell"	0.0101892285298399
"356"	"dendritic.cell"	"innate.lymphoid.cell"	0.0101580135440181
"871"	"type.i.pneumocyte"	"regulatory.t.cell"	0.0101437024513948
"366"	"neutrophil"	"innate.lymphoid.cell"	0.0101311084624553
"792"	"respiratory.mucous.cell"	"plasmacytoid.dendritic.cell"	0.0101010101010101
"207"	"fibroblast"	"classical.monocyte"	0.0100931677018634
"189"	"vascular.associated.smooth.muscle.cell"	"cd141.positive.myeloid.dendritic.cell"	0.0100603621730382
"431"	"club.cell"	"macrophage"	0.0100603621730382
"165"	"club.cell"	"cd141.positive.myeloid.dendritic.cell"	0.0100502512562814
"754"	"respiratory.mucous.cell"	"plasma.cell"	0.01
"20"	"lung.microvascular.endothelial.cell"	"cd1c.positive.myeloid.dendritic.cell"	0.00998336106489185
"318"	"dendritic.cell"	"hematopoietic.stem.cell"	0.00989282769991756
"351"	"bronchial.vessel.endothelial.cell"	"innate.lymphoid.cell"	0.00988467874794069
"804"	"basal.cell"	"platelet"	0.00988467874794069
"852"	"endothelial.cell.of.lymphatic.vessel"	"regulatory.t.cell"	0.00988142292490119
"830"	"respiratory.mucous.cell"	"platelet"	0.009865005192108
"206"	"endothelial.cell.of.lymphatic.vessel"	"classical.monocyte"	0.00985828712261245
"454"	"type.ii.pneumocyte"	"macrophage"	0.0097864768683274
"503"	"bronchial.vessel.endothelial.cell"	"memory.b.cell"	0.0097799511002445
"550"	"intermediate.monocyte"	"naive.b.cell"	0.00977653631284916
"700"	"endothelial.cell.of.lymphatic.vessel"	"nk.cell"	0.00972053462940462
"853"	"fibroblast"	"regulatory.t.cell"	0.00970873786407767
"386"	"basal.cell"	"intermediate.monocyte"	0.00969827586206897
"897"	"myofibroblast.cell"	"type.i.nk.t.cell"	0.00968992248062015
"567"	"type.i.pneumocyte"	"naive.b.cell"	0.00963855421686747
"635"	"pericyte.cell"	"naive.thymus.derived.cd8.positive..alpha.beta.t.cell"	0.00960614793467819
"811"	"club.cell"	"platelet"	0.00956130483689539
"649"	"adventitial.cell"	"neutrophil"	0.00955414012738853
"275"	"bronchial.vessel.endothelial.cell"	"erythrocyte"	0.00955109837631328
"460"	"alveolar.fibroblast"	"mature.nk.t.cell"	0.00951086956521739
"576"	"basal.cell"	"naive.thymus.derived.cd4.positive..alpha.beta.t.cell"	0.00947867298578199
"473"	"fibroblast"	"mature.nk.t.cell"	0.00943783340172343
"184"	"respiratory.mucous.cell"	"cd141.positive.myeloid.dendritic.cell"	0.00938337801608579
"186"	"smooth.muscle.cell"	"cd141.positive.myeloid.dendritic.cell"	0.0093603744149766
"678"	"respiratory.mucous.cell"	"neutrophil"	0.00933333333333333
"45"	"basophil"	"cd4.positive..alpha.beta.memory.t.cell"	0.00932400932400932
"844"	"bronchial.smooth.muscle.cell"	"regulatory.t.cell"	0.00931315483119907
"193"	"adventitial.cell"	"classical.monocyte"	0.00926998841251448
"866"	"pulmonary.ionocyte"	"regulatory.t.cell"	0.00925536390408077
"467"	"capillary.endothelial.cell"	"mature.nk.t.cell"	0.00917431192660551
"766"	"basal.cell"	"plasmacytoid.dendritic.cell"	0.00913705583756345
"857"	"macrophage"	"regulatory.t.cell"	0.0091324200913242
"692"	"bronchial.smooth.muscle.cell"	"nk.cell"	0.00911854103343465
"278"	"classical.monocyte"	"erythrocyte"	0.00909090909090909
"176"	"neutrophil"	"cd141.positive.myeloid.dendritic.cell"	0.00908455625436757
"840"	"alveolar.fibroblast"	"regulatory.t.cell"	0.00906735751295337
"859"	"myofibroblast.cell"	"regulatory.t.cell"	0.00904761904761905
"745"	"myofibroblast.cell"	"plasma.cell"	0.0089919545669664
"348"	"basal.cell"	"innate.lymphoid.cell"	0.00898876404494382
"872"	"type.ii.pneumocyte"	"regulatory.t.cell"	0.00896860986547085
"136"	"mesothelial.cell"	"cd8.positive..alpha.beta.t.cell"	0.00895713371721049
"330"	"non.classical.monocyte"	"hematopoietic.stem.cell"	0.00895036615134255
"15"	"endothelial.cell.of.artery"	"cd1c.positive.myeloid.dendritic.cell"	0.00894854586129754
"205"	"endothelial.cell.of.artery"	"classical.monocyte"	0.00894854586129754
"702"	"intermediate.monocyte"	"nk.cell"	0.00893997445721584
"863"	"pericyte.cell"	"regulatory.t.cell"	0.00893655049151028
"201"	"capillary.endothelial.cell"	"classical.monocyte"	0.00888450148075025
"718"	"smooth.muscle.cell"	"nk.cell"	0.00887573964497041
"701"	"fibroblast"	"nk.cell"	0.00883935434281322
"32"	"respiratory.mucous.cell"	"cd1c.positive.myeloid.dendritic.cell"	0.00882723833543506
"767"	"basophil"	"plasmacytoid.dendritic.cell"	0.00879765395894428
"478"	"mesothelial.cell"	"mature.nk.t.cell"	0.00878477306002928
"287"	"macrophage"	"erythrocyte"	0.00878293601003764
"714"	"pulmonary.ionocyte"	"nk.cell"	0.00877893056664006
"10"	"capillary.aerocyte"	"cd1c.positive.myeloid.dendritic.cell"	0.00870406189555126
"411"	"respiratory.goblet.cell"	"intermediate.monocyte"	0.00854700854700855
"325"	"macrophage"	"hematopoietic.stem.cell"	0.00851393188854489
"778"	"intermediate.monocyte"	"plasmacytoid.dendritic.cell"	0.00850661625708885
"690"	"basal.cell"	"nk.cell"	0.00843881856540084
"619"	"capillary.endothelial.cell"	"naive.thymus.derived.cd8.positive..alpha.beta.t.cell"	0.00842358604091456
"775"	"endothelial.cell.of.artery"	"plasmacytoid.dendritic.cell"	0.00838926174496644
"654"	"bronchial.smooth.muscle.cell"	"neutrophil"	0.00836820083682008
"553"	"macrophage"	"naive.b.cell"	0.00834492350486787
"545"	"club.cell"	"naive.b.cell"	0.00831946755407654
"5"	"b.cell"	"cd1c.positive.myeloid.dendritic.cell"	0.00828729281767956
"891"	"fibroblast"	"type.i.nk.t.cell"	0.00819336337566571
"574"	"alveolar.fibroblast"	"naive.thymus.derived.cd4.positive..alpha.beta.t.cell"	0.00816993464052288
"870"	"smooth.muscle.cell"	"regulatory.t.cell"	0.00816326530612245
"774"	"dendritic.cell"	"plasmacytoid.dendritic.cell"	0.0081383519837233
"126"	"classical.monocyte"	"cd8.positive..alpha.beta.t.cell"	0.00813008130081301
"679"	"serous.cell.of.epithelium.of.bronchus"	"neutrophil"	0.0081190798376184
"138"	"neutrophil"	"cd8.positive..alpha.beta.t.cell"	0.00811176205497972
"3"	"adventitial.cell"	"cd1c.positive.myeloid.dendritic.cell"	0.00810185185185185
"500"	"basal.cell"	"memory.b.cell"	0.00809716599190283
"551"	"lung.ciliated.cell"	"naive.b.cell"	0.00809523809523809
"472"	"endothelial.cell.of.lymphatic.vessel"	"mature.nk.t.cell"	0.00808080808080808
"220"	"pulmonary.ionocyte"	"classical.monocyte"	0.00804828973843058
"856"	"lung.microvascular.endothelial.cell"	"regulatory.t.cell"	0.00804828973843058
"384"	"alveolar.fibroblast"	"intermediate.monocyte"	0.00804289544235925
"583"	"club.cell"	"naive.thymus.derived.cd4.positive..alpha.beta.t.cell"	0.0079155672823219
"727"	"b.cell"	"plasma.cell"	0.00791139240506329
"271"	"b.cell"	"erythrocyte"	0.00790513833992095
"393"	"club.cell"	"intermediate.monocyte"	0.00790067720090293
"175"	"myofibroblast.cell"	"cd141.positive.myeloid.dendritic.cell"	0.00786672836649699
"286"	"lung.microvascular.endothelial.cell"	"erythrocyte"	0.00784929356357928
"525"	"respiratory.goblet.cell"	"memory.b.cell"	0.0078125
"502"	"bronchial.smooth.muscle.cell"	"memory.b.cell"	0.00778210116731518
"722"	"vein.endothelial.cell"	"nk.cell"	0.00777604976671851
"566"	"smooth.muscle.cell"	"naive.b.cell"	0.00777000777000777
"688"	"alveolar.fibroblast"	"nk.cell"	0.00776914539400666
"874"	"vein.endothelial.cell"	"regulatory.t.cell"	0.00776699029126214
"493"	"vascular.associated.smooth.muscle.cell"	"mature.nk.t.cell"	0.00776053215077605
"259"	"respiratory.goblet.cell"	"endothelial.cell"	0.00773930753564155
"847"	"capillary.endothelial.cell"	"regulatory.t.cell"	0.0077007700770077
"651"	"b.cell"	"neutrophil"	0.00767620376831821
"44"	"basal.cell"	"cd4.positive..alpha.beta.memory.t.cell"	0.0076530612244898
"906"	"respiratory.mucous.cell"	"type.i.nk.t.cell"	0.00764525993883792
"304"	"vein.endothelial.cell"	"erythrocyte"	0.00763358778625954
"739"	"fibroblast"	"plasma.cell"	0.00763052208835341
"624"	"endothelial.cell.of.lymphatic.vessel"	"naive.thymus.derived.cd8.positive..alpha.beta.t.cell"	0.00761772853185596
"160"	"bronchial.smooth.muscle.cell"	"cd141.positive.myeloid.dendritic.cell"	0.00761697497279652
"851"	"endothelial.cell.of.artery"	"regulatory.t.cell"	0.00759493670886076
"540"	"bronchial.smooth.muscle.cell"	"naive.b.cell"	0.00759219088937093
"717"	"serous.cell.of.epithelium.of.bronchus"	"nk.cell"	0.00756620428751576
"846"	"capillary.aerocyte"	"regulatory.t.cell"	0.00752688172043011
"501"	"basophil"	"memory.b.cell"	0.0075187969924812
"402"	"mesothelial.cell"	"intermediate.monocyte"	0.0075046904315197
"117"	"adventitial.cell"	"cd8.positive..alpha.beta.t.cell"	0.00747663551401869
"155"	"adventitial.cell"	"cd141.positive.myeloid.dendritic.cell"	0.00733496332518337
"132"	"intermediate.monocyte"	"cd8.positive..alpha.beta.t.cell"	0.00732356857523302
"784"	"neutrophil"	"plasmacytoid.dendritic.cell"	0.00731158605174353
"83"	"basophil"	"cd8.positive..alpha.beta.memory.t.cell"	0.0072992700729927
"896"	"mesothelial.cell"	"type.i.nk.t.cell"	0.0072992700729927
"147"	"serous.cell.of.epithelium.of.bronchus"	"cd8.positive..alpha.beta.t.cell"	0.00727994705493051
"198"	"bronchial.smooth.muscle.cell"	"classical.monocyte"	0.0072463768115942
"213"	"myofibroblast.cell"	"classical.monocyte"	0.00724309642372114
"161"	"bronchial.vessel.endothelial.cell"	"cd141.positive.myeloid.dendritic.cell"	0.00723140495867769
"172"	"lung.microvascular.endothelial.cell"	"cd141.positive.myeloid.dendritic.cell"	0.00719424460431655
"375"	"serous.cell.of.epithelium.of.bronchus"	"innate.lymphoid.cell"	0.00719424460431655
"536"	"alveolar.fibroblast"	"naive.b.cell"	0.00718562874251497
"738"	"endothelial.cell.of.lymphatic.vessel"	"plasma.cell"	0.00716612377850163
"625"	"fibroblast"	"naive.thymus.derived.cd8.positive..alpha.beta.t.cell"	0.00708038317367763
"647"	"cd8.positive..alpha.beta.t.cell"	"neutrophil"	0.00707850707850708
"569"	"vascular.associated.smooth.muscle.cell"	"naive.b.cell"	0.007
"761"	"cd8.positive..alpha.beta.t.cell"	"plasmacytoid.dendritic.cell"	0.00699912510936133
"450"	"respiratory.mucous.cell"	"macrophage"	0.00698080279232112
"491"	"type.i.pneumocyte"	"mature.nk.t.cell"	0.00695047784535187
"589"	"lung.ciliated.cell"	"naive.thymus.derived.cd4.positive..alpha.beta.t.cell"	0.00691489361702128
"626"	"intermediate.monocyte"	"naive.thymus.derived.cd8.positive..alpha.beta.t.cell"	0.00690846286701209
"272"	"basal.cell"	"erythrocyte"	0.0069060773480663
"530"	"type.ii.pneumocyte"	"memory.b.cell"	0.00688468158347676
"197"	"basophil"	"classical.monocyte"	0.00687757909215956
"565"	"serous.cell.of.epithelium.of.bronchus"	"naive.b.cell"	0.00687757909215956
"42"	"alveolar.fibroblast"	"cd4.positive..alpha.beta.memory.t.cell"	0.00687285223367698
"680"	"smooth.muscle.cell"	"neutrophil"	0.006859382655561
"883"	"bronchial.vessel.endothelial.cell"	"type.i.nk.t.cell"	0.00685714285714286
"66"	"plasma.cell"	"cd4.positive..alpha.beta.memory.t.cell"	0.00684931506849315
"461"	"b.cell"	"mature.nk.t.cell"	0.00684931506849315
"568"	"type.ii.pneumocyte"	"naive.b.cell"	0.00683060109289617
"267"	"cd8.positive..alpha.beta.t.cell"	"erythrocyte"	0.00681818181818182
"904"	"pulmonary.ionocyte"	"type.i.nk.t.cell"	0.00681431005110733
"890"	"endothelial.cell.of.lymphatic.vessel"	"type.i.nk.t.cell"	0.00672043010752688
"707"	"myofibroblast.cell"	"nk.cell"	0.00671742051052396
"908"	"smooth.muscle.cell"	"type.i.nk.t.cell"	0.00671140939597315
"37"	"vascular.associated.smooth.muscle.cell"	"cd1c.positive.myeloid.dendritic.cell"	0.00670498084291188
"227"	"vascular.associated.smooth.muscle.cell"	"classical.monocyte"	0.00670498084291188
"25"	"nk.cell"	"cd1c.positive.myeloid.dendritic.cell"	0.00668896321070234
"757"	"type.i.pneumocyte"	"plasma.cell"	0.00666666666666667
"507"	"club.cell"	"memory.b.cell"	0.00665188470066519
"471"	"endothelial.cell.of.artery"	"mature.nk.t.cell"	0.00662251655629139
"800"	"cd4.positive..alpha.beta.t.cell"	"platelet"	0.00657894736842105
"839"	"adventitial.cell"	"regulatory.t.cell"	0.00657894736842105
"637"	"plasmacytoid.dendritic.cell"	"naive.thymus.derived.cd8.positive..alpha.beta.t.cell"	0.0065359477124183
"443"	"nk.cell"	"macrophage"	0.0065237651444548
"209"	"lung.ciliated.cell"	"classical.monocyte"	0.00652072659524919
"27"	"pericyte.cell"	"cd1c.positive.myeloid.dendritic.cell"	0.006519967400163
"146"	"respiratory.mucous.cell"	"cd8.positive..alpha.beta.t.cell"	0.00651041666666667
"577"	"basophil"	"naive.thymus.derived.cd4.positive..alpha.beta.t.cell"	0.00650759219088937
"347"	"b.cell"	"innate.lymphoid.cell"	0.00646551724137931
"382"	"cd4.positive..alpha.beta.t.cell"	"intermediate.monocyte"	0.00646551724137931
"328"	"neutrophil"	"hematopoietic.stem.cell"	0.00646123260437376
"703"	"lung.ciliated.cell"	"nk.cell"	0.00645161290322581
"228"	"vein.endothelial.cell"	"classical.monocyte"	0.00644122383252818
"901"	"pericyte.cell"	"type.i.nk.t.cell"	0.00643974241030359
"601"	"respiratory.goblet.cell"	"naive.thymus.derived.cd4.positive..alpha.beta.t.cell"	0.00638977635782748
"383"	"adventitial.cell"	"intermediate.monocyte"	0.00632339656729901
"538"	"basal.cell"	"naive.b.cell"	0.00619195046439629
"171"	"lung.ciliated.cell"	"cd141.positive.myeloid.dendritic.cell"	0.00618752974773917
"541"	"bronchial.vessel.endothelial.cell"	"naive.b.cell"	0.00617283950617284
"716"	"respiratory.mucous.cell"	"nk.cell"	0.00611246943765281
"719"	"type.i.pneumocyte"	"nk.cell"	0.0060790273556231
"246"	"intermediate.monocyte"	"endothelial.cell"	0.0060560181680545
"464"	"bronchial.smooth.muscle.cell"	"mature.nk.t.cell"	0.00605326876513317
"156"	"alveolar.fibroblast"	"cd141.positive.myeloid.dendritic.cell"	0.00600240096038415
"622"	"dendritic.cell"	"naive.thymus.derived.cd8.positive..alpha.beta.t.cell"	0.00595238095238095
"864"	"plasma.cell"	"regulatory.t.cell"	0.00591715976331361
"803"	"b.cell"	"platelet"	0.00590128755364807
"531"	"vascular.associated.smooth.muscle.cell"	"memory.b.cell"	0.00588235294117647
"758"	"type.ii.pneumocyte"	"plasma.cell"	0.00584795321637427
"242"	"dendritic.cell"	"endothelial.cell"	0.00584339696143358
"498"	"alveolar.fibroblast"	"memory.b.cell"	0.00583941605839416
"521"	"pericyte.cell"	"memory.b.cell"	0.00580832526621491
"645"	"vascular.associated.smooth.muscle.cell"	"naive.thymus.derived.cd8.positive..alpha.beta.t.cell"	0.00580046403712297
"868"	"respiratory.mucous.cell"	"regulatory.t.cell"	0.00579710144927536
"418"	"vein.endothelial.cell"	"intermediate.monocyte"	0.00579374275782155
"634"	"non.classical.monocyte"	"naive.thymus.derived.cd8.positive..alpha.beta.t.cell"	0.00578034682080925
"693"	"bronchial.vessel.endothelial.cell"	"nk.cell"	0.00577478344562079
"544"	"classical.monocyte"	"naive.b.cell"	0.00576368876080692
"26"	"non.classical.monocyte"	"cd1c.positive.myeloid.dendritic.cell"	0.0056980056980057
"4"	"alveolar.fibroblast"	"cd1c.positive.myeloid.dendritic.cell"	0.00568181818181818
"513"	"lung.ciliated.cell"	"memory.b.cell"	0.00562947799385875
"183"	"respiratory.goblet.cell"	"cd141.positive.myeloid.dendritic.cell"	0.00562851782363977
"563"	"respiratory.goblet.cell"	"naive.b.cell"	0.00559701492537313
"466"	"capillary.aerocyte"	"mature.nk.t.cell"	0.00558035714285714
"118"	"alveolar.fibroblast"	"cd8.positive..alpha.beta.t.cell"	0.00554870530209618
"858"	"mesothelial.cell"	"regulatory.t.cell"	0.00554785020804438
"368"	"non.classical.monocyte"	"innate.lymphoid.cell"	0.00552486187845304
"613"	"b.cell"	"naive.thymus.derived.cd8.positive..alpha.beta.t.cell"	0.00552486187845304
"113"	"vascular.associated.smooth.muscle.cell"	"cd8.positive..alpha.beta.memory.t.cell"	0.00548696844993141
"888"	"dendritic.cell"	"type.i.nk.t.cell"	0.00548446069469835
"475"	"lung.ciliated.cell"	"mature.nk.t.cell"	0.00547808764940239
"529"	"type.i.pneumocyte"	"memory.b.cell"	0.00545950864422202
"677"	"respiratory.goblet.cell"	"neutrophil"	0.00542635658914729
"620"	"classical.monocyte"	"naive.thymus.derived.cd8.positive..alpha.beta.t.cell"	0.00540540540540541
"878"	"alveolar.fibroblast"	"type.i.nk.t.cell"	0.00540540540540541
"90"	"dendritic.cell"	"cd8.positive..alpha.beta.memory.t.cell"	0.00539083557951483
"449"	"respiratory.goblet.cell"	"macrophage"	0.00536480686695279
"741"	"lung.ciliated.cell"	"plasma.cell"	0.0053475935828877
"689"	"b.cell"	"nk.cell"	0.00534045393858478
"900"	"non.classical.monocyte"	"type.i.nk.t.cell"	0.00533807829181495
"579"	"bronchial.vessel.endothelial.cell"	"naive.thymus.derived.cd4.positive..alpha.beta.t.cell"	0.00533333333333333
"723"	"cd8.positive..alpha.beta.t.cell"	"plasma.cell"	0.00530503978779841
"773"	"club.cell"	"plasmacytoid.dendritic.cell"	0.00529100529100529
"324"	"lung.microvascular.endothelial.cell"	"hematopoietic.stem.cell"	0.0052863436123348
"889"	"endothelial.cell.of.artery"	"type.i.nk.t.cell"	0.00528401585204756
"749"	"pericyte.cell"	"plasma.cell"	0.00528169014084507
"515"	"macrophage"	"memory.b.cell"	0.00526315789473684
"829"	"respiratory.goblet.cell"	"platelet"	0.00523560209424084
"342"	"vein.endothelial.cell"	"hematopoietic.stem.cell"	0.00520381613183001
"570"	"vein.endothelial.cell"	"naive.b.cell"	0.00519031141868512
"221"	"respiratory.goblet.cell"	"classical.monocyte"	0.00517241379310345
"629"	"macrophage"	"naive.thymus.derived.cd8.positive..alpha.beta.t.cell"	0.00515463917525773
"842"	"basal.cell"	"regulatory.t.cell"	0.00512820512820513
"169"	"fibroblast"	"cd141.positive.myeloid.dendritic.cell"	0.00511408339889851
"764"	"alveolar.fibroblast"	"plasmacytoid.dendritic.cell"	0.00508905852417303
"127"	"club.cell"	"cd8.positive..alpha.beta.t.cell"	0.00503959683225342
"254"	"non.classical.monocyte"	"endothelial.cell"	0.00503095975232198
"490"	"smooth.muscle.cell"	"mature.nk.t.cell"	0.00502933780385583
"222"	"respiratory.mucous.cell"	"classical.monocyte"	0.0050251256281407
"862"	"non.classical.monocyte"	"regulatory.t.cell"	0.0050251256281407
"284"	"intermediate.monocyte"	"erythrocyte"	0.0050125313283208
"53"	"endothelial.cell.of.artery"	"cd4.positive..alpha.beta.memory.t.cell"	0.005
"720"	"type.ii.pneumocyte"	"nk.cell"	0.005
"240"	"classical.monocyte"	"endothelial.cell"	0.0049618320610687
"514"	"lung.microvascular.endothelial.cell"	"memory.b.cell"	0.00488997555012225
"297"	"respiratory.goblet.cell"	"erythrocyte"	0.0048780487804878
"605"	"type.i.pneumocyte"	"naive.thymus.derived.cd4.positive..alpha.beta.t.cell"	0.00486381322957198
"772"	"classical.monocyte"	"plasmacytoid.dendritic.cell"	0.00482160077145612
"892"	"intermediate.monocyte"	"type.i.nk.t.cell"	0.00481540930979133
"895"	"macrophage"	"type.i.nk.t.cell"	0.0048
"424"	"basal.cell"	"macrophage"	0.00479386385426654
"704"	"lung.microvascular.endothelial.cell"	"nk.cell"	0.00478468899521531
"638"	"pulmonary.ionocyte"	"naive.thymus.derived.cd8.positive..alpha.beta.t.cell"	0.00476190476190476
"489"	"serous.cell.of.epithelium.of.bronchus"	"mature.nk.t.cell"	0.00475435816164818
"584"	"dendritic.cell"	"naive.thymus.derived.cd4.positive..alpha.beta.t.cell"	0.00475059382422803
"516"	"mesothelial.cell"	"memory.b.cell"	0.00474683544303797
"907"	"serous.cell.of.epithelium.of.bronchus"	"type.i.nk.t.cell"	0.00474683544303797
"848"	"classical.monocyte"	"regulatory.t.cell"	0.004739336492891
"400"	"lung.microvascular.endothelial.cell"	"intermediate.monocyte"	0.00472813238770686
"492"	"type.ii.pneumocyte"	"mature.nk.t.cell"	0.00471698113207547
"910"	"type.ii.pneumocyte"	"type.i.nk.t.cell"	0.00470957613814757
"154"	"cd4.positive..alpha.beta.t.cell"	"cd141.positive.myeloid.dendritic.cell"	0.0046801872074883
"43"	"b.cell"	"cd4.positive..alpha.beta.memory.t.cell"	0.00466200466200466
"417"	"vascular.associated.smooth.muscle.cell"	"intermediate.monocyte"	0.0046583850931677
"370"	"plasma.cell"	"innate.lymphoid.cell"	0.00463678516228748
"423"	"b.cell"	"macrophage"	0.0046339202965709
"627"	"lung.ciliated.cell"	"naive.thymus.derived.cd8.positive..alpha.beta.t.cell"	0.00457317073170732
"666"	"lung.microvascular.endothelial.cell"	"neutrophil"	0.00456273764258555
"885"	"capillary.endothelial.cell"	"type.i.nk.t.cell"	0.00456100342075257
"646"	"vein.endothelial.cell"	"naive.thymus.derived.cd8.positive..alpha.beta.t.cell"	0.00455580865603645
"905"	"respiratory.goblet.cell"	"type.i.nk.t.cell"	0.00454545454545455
"145"	"respiratory.goblet.cell"	"cd8.positive..alpha.beta.t.cell"	0.00453514739229025
"687"	"adventitial.cell"	"nk.cell"	0.00449438202247191
"697"	"club.cell"	"nk.cell"	0.00447761194029851
"743"	"macrophage"	"plasma.cell"	0.00445765230312036
"517"	"myofibroblast.cell"	"memory.b.cell"	0.00445544554455446
"631"	"myofibroblast.cell"	"naive.thymus.derived.cd8.positive..alpha.beta.t.cell"	0.00442913385826772
"528"	"smooth.muscle.cell"	"memory.b.cell"	0.0043859649122807
"845"	"bronchial.vessel.endothelial.cell"	"regulatory.t.cell"	0.0043859649122807
"305"	"cd8.positive..alpha.beta.t.cell"	"hematopoietic.stem.cell"	0.00435097897026831
"860"	"neutrophil"	"regulatory.t.cell"	0.00435097897026831
"524"	"pulmonary.ionocyte"	"memory.b.cell"	0.00434971726837756
"112"	"type.ii.pneumocyte"	"cd8.positive..alpha.beta.memory.t.cell"	0.00433839479392625
"894"	"lung.microvascular.endothelial.cell"	"type.i.nk.t.cell"	0.00431034482758621
"612"	"alveolar.fibroblast"	"naive.thymus.derived.cd8.positive..alpha.beta.t.cell"	0.00429799426934097
"867"	"respiratory.goblet.cell"	"regulatory.t.cell"	0.00421052631578947
"759"	"vascular.associated.smooth.muscle.cell"	"plasma.cell"	0.00419287211740042
"294"	"plasma.cell"	"erythrocyte"	0.00417536534446764
"556"	"neutrophil"	"naive.b.cell"	0.00416377515614157
"268"	"cd4.positive..alpha.beta.t.cell"	"erythrocyte"	0.004149377593361
"912"	"vein.endothelial.cell"	"type.i.nk.t.cell"	0.004149377593361
"459"	"adventitial.cell"	"mature.nk.t.cell"	0.00413223140495868
"744"	"mesothelial.cell"	"plasma.cell"	0.00408163265306122
"496"	"cd4.positive..alpha.beta.t.cell"	"memory.b.cell"	0.00405679513184584
"600"	"pulmonary.ionocyte"	"naive.thymus.derived.cd4.positive..alpha.beta.t.cell"	0.0040394973070018
"581"	"capillary.endothelial.cell"	"naive.thymus.derived.cd4.positive..alpha.beta.t.cell"	0.00399467376830892
"564"	"respiratory.mucous.cell"	"naive.b.cell"	0.00398406374501992
"469"	"club.cell"	"mature.nk.t.cell"	0.00395256916996047
"603"	"serous.cell.of.epithelium.of.bronchus"	"naive.thymus.derived.cd4.positive..alpha.beta.t.cell"	0.00395256916996047
"520"	"non.classical.monocyte"	"memory.b.cell"	0.00393700787401575
"614"	"basal.cell"	"naive.thymus.derived.cd8.positive..alpha.beta.t.cell"	0.00393700787401575
"11"	"capillary.endothelial.cell"	"cd1c.positive.myeloid.dendritic.cell"	0.00392927308447937
"606"	"type.ii.pneumocyte"	"naive.thymus.derived.cd4.positive..alpha.beta.t.cell"	0.00391389432485323
"215"	"nk.cell"	"classical.monocyte"	0.00389105058365759
"580"	"capillary.aerocyte"	"naive.thymus.derived.cd4.positive..alpha.beta.t.cell"	0.0038860103626943
"223"	"serous.cell.of.epithelium.of.bronchus"	"classical.monocyte"	0.00388098318240621
"36"	"type.ii.pneumocyte"	"cd1c.positive.myeloid.dendritic.cell"	0.0038560411311054
"607"	"vascular.associated.smooth.muscle.cell"	"naive.thymus.derived.cd4.positive..alpha.beta.t.cell"	0.00384615384615385
"636"	"plasma.cell"	"naive.thymus.derived.cd8.positive..alpha.beta.t.cell"	0.00383141762452107
"373"	"respiratory.goblet.cell"	"innate.lymphoid.cell"	0.0038265306122449
"705"	"macrophage"	"nk.cell"	0.00380228136882129
"168"	"endothelial.cell.of.lymphatic.vessel"	"cd141.positive.myeloid.dendritic.cell"	0.00378310214375788
"770"	"capillary.aerocyte"	"plasmacytoid.dendritic.cell"	0.00373692077727952
"480"	"neutrophil"	"mature.nk.t.cell"	0.0037202380952381
"506"	"classical.monocyte"	"memory.b.cell"	0.00367647058823529
"535"	"adventitial.cell"	"naive.b.cell"	0.00364077669902913
"212"	"mesothelial.cell"	"classical.monocyte"	0.0036231884057971
"552"	"lung.microvascular.endothelial.cell"	"naive.b.cell"	0.0035650623885918
"1"	"cd8.positive..alpha.beta.t.cell"	"cd1c.positive.myeloid.dendritic.cell"	0.0035377358490566
"706"	"mesothelial.cell"	"nk.cell"	0.00352526439482961
"512"	"intermediate.monocyte"	"memory.b.cell"	0.00351493848857645
"547"	"endothelial.cell.of.artery"	"naive.b.cell"	0.00350877192982456
"510"	"endothelial.cell.of.lymphatic.vessel"	"memory.b.cell"	0.00347705146036161
"190"	"vein.endothelial.cell"	"cd141.positive.myeloid.dendritic.cell"	0.00347222222222222
"909"	"type.i.pneumocyte"	"type.i.nk.t.cell"	0.00346020761245675
"140"	"non.classical.monocyte"	"cd8.positive..alpha.beta.t.cell"	0.00345542501727713
"728"	"basal.cell"	"plasma.cell"	0.00333889816360601
"884"	"capillary.aerocyte"	"type.i.nk.t.cell"	0.00333704115684093
"573"	"adventitial.cell"	"naive.thymus.derived.cd4.positive..alpha.beta.t.cell"	0.00332778702163062
"911"	"vascular.associated.smooth.muscle.cell"	"type.i.nk.t.cell"	0.00330760749724366
"210"	"lung.microvascular.endothelial.cell"	"classical.monocyte"	0.00330578512396694
"902"	"plasma.cell"	"type.i.nk.t.cell"	0.00328947368421053
"103"	"pericyte.cell"	"cd8.positive..alpha.beta.memory.t.cell"	0.00328227571115974
"306"	"cd4.positive..alpha.beta.t.cell"	"hematopoietic.stem.cell"	0.00327600327600328
"640"	"respiratory.mucous.cell"	"naive.thymus.derived.cd8.positive..alpha.beta.t.cell"	0.00325732899022801
"668"	"mesothelial.cell"	"neutrophil"	0.00324675324675325
"57"	"lung.ciliated.cell"	"cd4.positive..alpha.beta.memory.t.cell"	0.00323275862068966
"354"	"classical.monocyte"	"innate.lymphoid.cell"	0.0031813361611877
"585"	"endothelial.cell.of.artery"	"naive.thymus.derived.cd4.positive..alpha.beta.t.cell"	0.00316455696202532
"826"	"plasma.cell"	"platelet"	0.00315258511979823
"729"	"basophil"	"plasma.cell"	0.00313971742543171
"630"	"mesothelial.cell"	"naive.thymus.derived.cd8.positive..alpha.beta.t.cell"	0.00310077519379845
"363"	"macrophage"	"innate.lymphoid.cell"	0.00309278350515464
"385"	"b.cell"	"intermediate.monocyte"	0.00309278350515464
"13"	"club.cell"	"cd1c.positive.myeloid.dendritic.cell"	0.00308641975308642
"632"	"neutrophil"	"naive.thymus.derived.cd8.positive..alpha.beta.t.cell"	0.00306983883346124
"488"	"respiratory.mucous.cell"	"mature.nk.t.cell"	0.00304878048780488
"497"	"adventitial.cell"	"memory.b.cell"	0.00297176820208024
"134"	"lung.microvascular.endothelial.cell"	"cd8.positive..alpha.beta.t.cell"	0.00296515937731653
"110"	"smooth.muscle.cell"	"cd8.positive..alpha.beta.memory.t.cell"	0.00294117647058824
"659"	"club.cell"	"neutrophil"	0.00294117647058824
"747"	"nk.cell"	"plasma.cell"	0.00292740046838408
"586"	"endothelial.cell.of.lymphatic.vessel"	"naive.thymus.derived.cd4.positive..alpha.beta.t.cell"	0.00292611558156547
"511"	"fibroblast"	"memory.b.cell"	0.00291788245102126
"196"	"basal.cell"	"classical.monocyte"	0.00289017341040462
"51"	"club.cell"	"cd4.positive..alpha.beta.memory.t.cell"	0.00285714285714286
"85"	"bronchial.vessel.endothelial.cell"	"cd8.positive..alpha.beta.memory.t.cell"	0.00284900284900285
"578"	"bronchial.smooth.muscle.cell"	"naive.thymus.derived.cd4.positive..alpha.beta.t.cell"	0.00284495021337127
"608"	"vein.endothelial.cell"	"naive.thymus.derived.cd4.positive..alpha.beta.t.cell"	0.00280898876404494
"49"	"capillary.endothelial.cell"	"cd4.positive..alpha.beta.memory.t.cell"	0.00277392510402219
"86"	"capillary.aerocyte"	"cd8.positive..alpha.beta.memory.t.cell"	0.00276625172890733
"280"	"dendritic.cell"	"erythrocyte"	0.00276243093922652
"710"	"non.classical.monocyte"	"nk.cell"	0.00275103163686382
"643"	"type.i.pneumocyte"	"naive.thymus.derived.cd8.positive..alpha.beta.t.cell"	0.00269299820466786
"696"	"classical.monocyte"	"nk.cell"	0.00262123197903014
"593"	"myofibroblast.cell"	"naive.thymus.derived.cd4.positive..alpha.beta.t.cell"	0.00256147540983607
"554"	"mesothelial.cell"	"naive.b.cell"	0.00254777070063694
"616"	"bronchial.smooth.muscle.cell"	"naive.thymus.derived.cd8.positive..alpha.beta.t.cell"	0.00254129606099111
"726"	"alveolar.fibroblast"	"plasma.cell"	0.00253164556962025
"142"	"plasma.cell"	"cd8.positive..alpha.beta.t.cell"	0.00252312867956266
"180"	"plasma.cell"	"cd141.positive.myeloid.dendritic.cell"	0.00251256281407035
"639"	"respiratory.goblet.cell"	"naive.thymus.derived.cd8.positive..alpha.beta.t.cell"	0.00251256281407035
"419"	"cd8.positive..alpha.beta.t.cell"	"macrophage"	0.00249584026622296
"628"	"lung.microvascular.endothelial.cell"	"naive.thymus.derived.cd8.positive..alpha.beta.t.cell"	0.0023696682464455
"504"	"capillary.aerocyte"	"memory.b.cell"	0.00236686390532544
"532"	"vein.endothelial.cell"	"memory.b.cell"	0.00233644859813084
"233"	"b.cell"	"endothelial.cell"	0.00229445506692161
"177"	"nk.cell"	"cd141.positive.myeloid.dendritic.cell"	0.00227920227920228
"730"	"bronchial.smooth.muscle.cell"	"plasma.cell"	0.00227790432801822
"487"	"respiratory.goblet.cell"	"mature.nk.t.cell"	0.00227272727272727
"68"	"pulmonary.ionocyte"	"cd4.positive..alpha.beta.memory.t.cell"	0.00227169468423444
"791"	"respiratory.goblet.cell"	"plasmacytoid.dendritic.cell"	0.00227014755959137
"54"	"endothelial.cell.of.lymphatic.vessel"	"cd4.positive..alpha.beta.memory.t.cell"	0.00224382946896036
"94"	"intermediate.monocyte"	"cd8.positive..alpha.beta.memory.t.cell"	0.00223214285714286
"898"	"neutrophil"	"type.i.nk.t.cell"	0.0022271714922049
"97"	"macrophage"	"cd8.positive..alpha.beta.memory.t.cell"	0.00222222222222222
"780"	"lung.microvascular.endothelial.cell"	"plasmacytoid.dendritic.cell"	0.00220994475138122
"152"	"vein.endothelial.cell"	"cd8.positive..alpha.beta.t.cell"	0.00219298245614035
"733"	"capillary.endothelial.cell"	"plasma.cell"	0.00215749730312837
"476"	"lung.microvascular.endothelial.cell"	"mature.nk.t.cell"	0.0021551724137931
"65"	"pericyte.cell"	"cd4.positive..alpha.beta.memory.t.cell"	0.00214132762312634
"648"	"cd4.positive..alpha.beta.t.cell"	"neutrophil"	0.0021398002853067
"652"	"basal.cell"	"neutrophil"	0.00213523131672598
"61"	"myofibroblast.cell"	"cd4.positive..alpha.beta.memory.t.cell"	0.00208116545265349
"108"	"respiratory.mucous.cell"	"cd8.positive..alpha.beta.memory.t.cell"	0.00207900207900208
"332"	"plasma.cell"	"hematopoietic.stem.cell"	0.00204498977505112
"753"	"respiratory.goblet.cell"	"plasma.cell"	0.00204498977505112
"762"	"cd4.positive..alpha.beta.t.cell"	"plasmacytoid.dendritic.cell"	0.00202224469160768
"101"	"nk.cell"	"cd8.positive..alpha.beta.memory.t.cell"	0.00202020202020202
"24"	"neutrophil"	"cd1c.positive.myeloid.dendritic.cell"	0.00201612903225806
"70"	"respiratory.mucous.cell"	"cd4.positive..alpha.beta.memory.t.cell"	0.002
"73"	"type.i.pneumocyte"	"cd4.positive..alpha.beta.memory.t.cell"	0.002
"591"	"macrophage"	"naive.thymus.derived.cd4.positive..alpha.beta.t.cell"	0.002
"786"	"non.classical.monocyte"	"plasmacytoid.dendritic.cell"	0.00199203187250996
"887"	"club.cell"	"type.i.nk.t.cell"	0.00196850393700787
"742"	"lung.microvascular.endothelial.cell"	"plasma.cell"	0.00194931773879142
"105"	"plasmacytoid.dendritic.cell"	"cd8.positive..alpha.beta.memory.t.cell"	0.00192678227360308
"412"	"respiratory.mucous.cell"	"intermediate.monocyte"	0.00192122958693564
"760"	"vein.endothelial.cell"	"plasma.cell"	0.00188323917137476
"519"	"nk.cell"	"memory.b.cell"	0.00186683260734287
"462"	"basal.cell"	"mature.nk.t.cell"	0.00181488203266788
"592"	"mesothelial.cell"	"naive.thymus.derived.cd4.positive..alpha.beta.t.cell"	0.00177935943060498
"482"	"non.classical.monocyte"	"mature.nk.t.cell"	0.00177619893428064
"80"	"alveolar.fibroblast"	"cd8.positive..alpha.beta.memory.t.cell"	0.00176678445229682
"93"	"fibroblast"	"cd8.positive..alpha.beta.memory.t.cell"	0.00175438596491228
"41"	"adventitial.cell"	"cd4.positive..alpha.beta.memory.t.cell"	0.00175131348511384
"527"	"serous.cell.of.epithelium.of.bronchus"	"memory.b.cell"	0.00172711571675302
"644"	"type.ii.pneumocyte"	"naive.thymus.derived.cd8.positive..alpha.beta.t.cell"	0.00167785234899329
"724"	"cd4.positive..alpha.beta.t.cell"	"plasma.cell"	0.0016750418760469
"736"	"dendritic.cell"	"plasma.cell"	0.0016750418760469
"886"	"classical.monocyte"	"type.i.nk.t.cell"	0.00166666666666667
"715"	"respiratory.goblet.cell"	"nk.cell"	0.00165289256198347
"38"	"vein.endothelial.cell"	"cd1c.positive.myeloid.dendritic.cell"	0.0016025641025641
"474"	"intermediate.monocyte"	"mature.nk.t.cell"	0.0016025641025641
"477"	"macrophage"	"mature.nk.t.cell"	0.00159744408945687
"518"	"neutrophil"	"memory.b.cell"	0.00154679040989946
"84"	"bronchial.smooth.muscle.cell"	"cd8.positive..alpha.beta.memory.t.cell"	0.00152905198776758
"92"	"endothelial.cell.of.lymphatic.vessel"	"cd8.positive..alpha.beta.memory.t.cell"	0.00151630022744503
"771"	"capillary.endothelial.cell"	"plasmacytoid.dendritic.cell"	0.00151515151515152
"869"	"serous.cell.of.epithelium.of.bronchus"	"regulatory.t.cell"	0.00149476831091181
"46"	"bronchial.smooth.muscle.cell"	"cd4.positive..alpha.beta.memory.t.cell"	0.00148588410104012
"611"	"adventitial.cell"	"naive.thymus.derived.cd8.positive..alpha.beta.t.cell"	0.00145772594752187
"192"	"cd4.positive..alpha.beta.t.cell"	"classical.monocyte"	0.00144927536231884
"509"	"endothelial.cell.of.artery"	"memory.b.cell"	0.00141843971631206
"47"	"bronchial.vessel.endothelial.cell"	"cd4.positive..alpha.beta.memory.t.cell"	0.00138504155124654
"48"	"capillary.aerocyte"	"cd4.positive..alpha.beta.memory.t.cell"	0.00134589502018843
"75"	"vascular.associated.smooth.muscle.cell"	"cd4.positive..alpha.beta.memory.t.cell"	0.00133155792276964
"63"	"nk.cell"	"cd4.positive..alpha.beta.memory.t.cell"	0.00132890365448505
"55"	"fibroblast"	"cd4.positive..alpha.beta.memory.t.cell"	0.00130434782608696
"174"	"mesothelial.cell"	"cd141.positive.myeloid.dendritic.cell"	0.00127713920817369
"67"	"plasmacytoid.dendritic.cell"	"cd4.positive..alpha.beta.memory.t.cell"	0.00126823081800888
"446"	"plasma.cell"	"macrophage"	0.00125156445556946
"153"	"cd8.positive..alpha.beta.t.cell"	"cd141.positive.myeloid.dendritic.cell"	0.0012453300124533
"737"	"endothelial.cell.of.artery"	"plasma.cell"	0.00123762376237624
"505"	"capillary.endothelial.cell"	"memory.b.cell"	0.00121212121212121
"882"	"bronchial.smooth.muscle.cell"	"type.i.nk.t.cell"	0.00120336943441637
"298"	"respiratory.mucous.cell"	"erythrocyte"	0.00119904076738609
"465"	"bronchial.vessel.endothelial.cell"	"mature.nk.t.cell"	0.00113765642775882
"229"	"cd8.positive..alpha.beta.t.cell"	"endothelial.cell"	0.00109529025191676
"95"	"lung.ciliated.cell"	"cd8.positive..alpha.beta.memory.t.cell"	0.00108636610537751
"360"	"intermediate.monocyte"	"innate.lymphoid.cell"	0.00103092783505155
"72"	"smooth.muscle.cell"	"cd4.positive..alpha.beta.memory.t.cell"	0.000960614793467819
"420"	"cd4.positive..alpha.beta.t.cell"	"macrophage"	0.000957854406130268
"604"	"smooth.muscle.cell"	"naive.thymus.derived.cd4.positive..alpha.beta.t.cell"	0.000932835820895522
"642"	"smooth.muscle.cell"	"naive.thymus.derived.cd8.positive..alpha.beta.t.cell"	0.000865051903114187
"587"	"fibroblast"	"naive.thymus.derived.cd4.positive..alpha.beta.t.cell"	0.000857632933104631
"100"	"neutrophil"	"cd8.positive..alpha.beta.memory.t.cell"	0.000853242320819113
"62"	"neutrophil"	"cd4.positive..alpha.beta.memory.t.cell"	0.000839630562552477
"595"	"nk.cell"	"naive.thymus.derived.cd4.positive..alpha.beta.t.cell"	0.000650618087182824
"99"	"myofibroblast.cell"	"cd8.positive..alpha.beta.memory.t.cell"	0.000524658971668416
"230"	"cd4.positive..alpha.beta.t.cell"	"endothelial.cell"	0.000387446726075165
"2"	"cd4.positive..alpha.beta.t.cell"	"cd1c.positive.myeloid.dendritic.cell"	0
"31"	"respiratory.goblet.cell"	"cd1c.positive.myeloid.dendritic.cell"	0
"50"	"classical.monocyte"	"cd4.positive..alpha.beta.memory.t.cell"	0
"52"	"dendritic.cell"	"cd4.positive..alpha.beta.memory.t.cell"	0
"56"	"intermediate.monocyte"	"cd4.positive..alpha.beta.memory.t.cell"	0
"58"	"lung.microvascular.endothelial.cell"	"cd4.positive..alpha.beta.memory.t.cell"	0
"59"	"macrophage"	"cd4.positive..alpha.beta.memory.t.cell"	0
"60"	"mesothelial.cell"	"cd4.positive..alpha.beta.memory.t.cell"	0
"64"	"non.classical.monocyte"	"cd4.positive..alpha.beta.memory.t.cell"	0
"69"	"respiratory.goblet.cell"	"cd4.positive..alpha.beta.memory.t.cell"	0
"71"	"serous.cell.of.epithelium.of.bronchus"	"cd4.positive..alpha.beta.memory.t.cell"	0
"74"	"type.ii.pneumocyte"	"cd4.positive..alpha.beta.memory.t.cell"	0
"76"	"vein.endothelial.cell"	"cd4.positive..alpha.beta.memory.t.cell"	0
"79"	"adventitial.cell"	"cd8.positive..alpha.beta.memory.t.cell"	0
"81"	"b.cell"	"cd8.positive..alpha.beta.memory.t.cell"	0
"82"	"basal.cell"	"cd8.positive..alpha.beta.memory.t.cell"	0
"87"	"capillary.endothelial.cell"	"cd8.positive..alpha.beta.memory.t.cell"	0
"88"	"classical.monocyte"	"cd8.positive..alpha.beta.memory.t.cell"	0
"89"	"club.cell"	"cd8.positive..alpha.beta.memory.t.cell"	0
"91"	"endothelial.cell.of.artery"	"cd8.positive..alpha.beta.memory.t.cell"	0
"96"	"lung.microvascular.endothelial.cell"	"cd8.positive..alpha.beta.memory.t.cell"	0
"98"	"mesothelial.cell"	"cd8.positive..alpha.beta.memory.t.cell"	0
"102"	"non.classical.monocyte"	"cd8.positive..alpha.beta.memory.t.cell"	0
"104"	"plasma.cell"	"cd8.positive..alpha.beta.memory.t.cell"	0
"106"	"pulmonary.ionocyte"	"cd8.positive..alpha.beta.memory.t.cell"	0
"107"	"respiratory.goblet.cell"	"cd8.positive..alpha.beta.memory.t.cell"	0
"109"	"serous.cell.of.epithelium.of.bronchus"	"cd8.positive..alpha.beta.memory.t.cell"	0
"111"	"type.i.pneumocyte"	"cd8.positive..alpha.beta.memory.t.cell"	0
"114"	"vein.endothelial.cell"	"cd8.positive..alpha.beta.memory.t.cell"	0
"191"	"cd8.positive..alpha.beta.t.cell"	"classical.monocyte"	0
"195"	"b.cell"	"classical.monocyte"	0
"218"	"plasma.cell"	"classical.monocyte"	0
"256"	"plasma.cell"	"endothelial.cell"	0
"408"	"plasma.cell"	"intermediate.monocyte"	0
"468"	"classical.monocyte"	"mature.nk.t.cell"	0
"484"	"plasma.cell"	"mature.nk.t.cell"	0
"494"	"vein.endothelial.cell"	"mature.nk.t.cell"	0
"495"	"cd8.positive..alpha.beta.t.cell"	"memory.b.cell"	0
"526"	"respiratory.mucous.cell"	"memory.b.cell"	0
"582"	"classical.monocyte"	"naive.thymus.derived.cd4.positive..alpha.beta.t.cell"	0
"588"	"intermediate.monocyte"	"naive.thymus.derived.cd4.positive..alpha.beta.t.cell"	0
"594"	"neutrophil"	"naive.thymus.derived.cd4.positive..alpha.beta.t.cell"	0
"596"	"non.classical.monocyte"	"naive.thymus.derived.cd4.positive..alpha.beta.t.cell"	0
"597"	"pericyte.cell"	"naive.thymus.derived.cd4.positive..alpha.beta.t.cell"	0
"598"	"plasma.cell"	"naive.thymus.derived.cd4.positive..alpha.beta.t.cell"	0
"599"	"plasmacytoid.dendritic.cell"	"naive.thymus.derived.cd4.positive..alpha.beta.t.cell"	0
"602"	"respiratory.mucous.cell"	"naive.thymus.derived.cd4.positive..alpha.beta.t.cell"	0
"617"	"bronchial.vessel.endothelial.cell"	"naive.thymus.derived.cd8.positive..alpha.beta.t.cell"	0
"621"	"club.cell"	"naive.thymus.derived.cd8.positive..alpha.beta.t.cell"	0
"641"	"serous.cell.of.epithelium.of.bronchus"	"naive.thymus.derived.cd8.positive..alpha.beta.t.cell"	0
"674"	"plasma.cell"	"neutrophil"	0
"712"	"plasma.cell"	"nk.cell"	0
"732"	"capillary.aerocyte"	"plasma.cell"	0
"734"	"classical.monocyte"	"plasma.cell"	0
"735"	"club.cell"	"plasma.cell"	0
"740"	"intermediate.monocyte"	"plasma.cell"	0
"746"	"neutrophil"	"plasma.cell"	0
"748"	"non.classical.monocyte"	"plasma.cell"	0
"798"	"vein.endothelial.cell"	"plasmacytoid.dendritic.cell"	0
"877"	"adventitial.cell"	"type.i.nk.t.cell"	0
"880"	"basal.cell"	"type.i.nk.t.cell"	0
