"Lung"	"Bone marrow"	"value"
"480"	"neutrophil"	"nampt.neutrophil"	0.395484340859432
"518"	"neutrophil"	"neutrophil"	0.253760627861347
"598"	"plasma.cell"	"plasma.cell"	0.244604316546763
"557"	"nk.cell"	"nk.cell"	0.213566507684155
"39"	"cd8.positive..alpha.beta.t.cell"	"cd8.positive..alpha.beta.t.cell"	0.182960893854749
"2"	"cd4.positive..alpha.beta.t.cell"	"cd4.positive..alpha.beta.t.cell"	0.161073825503356
"292"	"non.classical.monocyte"	"macrophage"	0.151248164464024
"284"	"intermediate.monocyte"	"macrophage"	0.141891891891892
"309"	"b.cell"	"memory.b.cell"	0.131528046421663
"278"	"classical.monocyte"	"macrophage"	0.129476584022039
"533"	"cd8.positive..alpha.beta.t.cell"	"nk.cell"	0.126582278481013
"40"	"cd4.positive..alpha.beta.t.cell"	"cd8.positive..alpha.beta.t.cell"	0.108064516129032
"368"	"non.classical.monocyte"	"monocyte"	0.101239669421488
"423"	"b.cell"	"naive.b.cell"	0.0976470588235294
"287"	"macrophage"	"macrophage"	0.0886889460154242
"186"	"smooth.muscle.cell"	"erythroid.progenitor"	0.0844636251541307
"354"	"classical.monocyte"	"monocyte"	0.0838095238095238
"360"	"intermediate.monocyte"	"monocyte"	0.08
"161"	"bronchial.vessel.endothelial.cell"	"erythroid.progenitor"	0.0714285714285714
"100"	"neutrophil"	"cd24.neutrophil"	0.069837447320891
"389"	"bronchial.vessel.endothelial.cell"	"myeloid.progenitor"	0.0635424940428912
"1"	"cd8.positive..alpha.beta.t.cell"	"cd4.positive..alpha.beta.t.cell"	0.0625978090766823
"318"	"dendritic.cell"	"memory.b.cell"	0.0601941747572816
"63"	"nk.cell"	"cd8.positive..alpha.beta.t.cell"	0.0593768371546149
"447"	"plasmacytoid.dendritic.cell"	"naive.b.cell"	0.0520728008088979
"414"	"smooth.muscle.cell"	"myeloid.progenitor"	0.0493670886075949
"280"	"dendritic.cell"	"macrophage"	0.0491132332878581
"506"	"classical.monocyte"	"neutrophil"	0.046594982078853
"248"	"lung.microvascular.endothelial.cell"	"hematopoietic.stem.cell"	0.0461538461538462
"235"	"basophil"	"hematopoietic.stem.cell"	0.0455089820359281
"363"	"macrophage"	"monocyte"	0.0437828371278459
"182"	"pulmonary.ionocyte"	"erythroid.progenitor"	0.041696364932288
"88"	"classical.monocyte"	"cd24.neutrophil"	0.0415400202634245
"468"	"classical.monocyte"	"nampt.neutrophil"	0.0410347903657449
"410"	"pulmonary.ionocyte"	"myeloid.progenitor"	0.0390279823269514
"243"	"endothelial.cell.of.artery"	"hematopoietic.stem.cell"	0.0388446215139442
"561"	"plasmacytoid.dendritic.cell"	"nk.cell"	0.0377855887521968
"232"	"alveolar.fibroblast"	"hematopoietic.stem.cell"	0.0374115267947422
"403"	"myofibroblast.cell"	"myeloid.progenitor"	0.0362821035466775
"559"	"pericyte.cell"	"nk.cell"	0.0361663652802893
"130"	"endothelial.cell.of.lymphatic.vessel"	"erythrocyte"	0.0357954545454545
"94"	"intermediate.monocyte"	"cd24.neutrophil"	0.0353982300884956
"534"	"cd4.positive..alpha.beta.t.cell"	"nk.cell"	0.0352422907488987
"215"	"nk.cell"	"granulocyte"	0.0348970251716247
"387"	"basophil"	"myeloid.progenitor"	0.0334975369458128
"265"	"vascular.associated.smooth.muscle.cell"	"hematopoietic.stem.cell"	0.032034632034632
"255"	"pericyte.cell"	"hematopoietic.stem.cell"	0.0314842578710645
"105"	"plasmacytoid.dendritic.cell"	"cd24.neutrophil"	0.0314585319351764
"238"	"capillary.aerocyte"	"hematopoietic.stem.cell"	0.0313588850174216
"239"	"capillary.endothelial.cell"	"hematopoietic.stem.cell"	0.0310283687943262
"266"	"vein.endothelial.cell"	"hematopoietic.stem.cell"	0.0309555854643338
"175"	"myofibroblast.cell"	"erythroid.progenitor"	0.030811232449298
"396"	"endothelial.cell.of.lymphatic.vessel"	"myeloid.progenitor"	0.0305584826132771
"181"	"plasmacytoid.dendritic.cell"	"erythroid.progenitor"	0.0305206463195691
"542"	"capillary.aerocyte"	"nk.cell"	0.0303643724696356
"93"	"fibroblast"	"cd24.neutrophil"	0.0303246521584017
"543"	"capillary.endothelial.cell"	"nk.cell"	0.0300957592339261
"432"	"dendritic.cell"	"naive.b.cell"	0.0299539170506912
"549"	"fibroblast"	"nk.cell"	0.0296963630296964
"603"	"serous.cell.of.epithelium.of.bronchus"	"plasma.cell"	0.0289193302891933
"448"	"pulmonary.ionocyte"	"naive.b.cell"	0.0288753799392097
"174"	"mesothelial.cell"	"erythroid.progenitor"	0.028830313014827
"187"	"type.i.pneumocyte"	"erythroid.progenitor"	0.0287253141831239
"168"	"endothelial.cell.of.lymphatic.vessel"	"erythroid.progenitor"	0.0285
"434"	"endothelial.cell.of.lymphatic.vessel"	"naive.b.cell"	0.0284757118927973
"474"	"intermediate.monocyte"	"nampt.neutrophil"	0.0284728213977567
"171"	"lung.ciliated.cell"	"erythroid.progenitor"	0.0283094098883573
"244"	"endothelial.cell.of.lymphatic.vessel"	"hematopoietic.stem.cell"	0.0283073367995378
"131"	"fibroblast"	"erythrocyte"	0.0276650682405017
"512"	"intermediate.monocyte"	"neutrophil"	0.0275624461670973
"87"	"capillary.endothelial.cell"	"cd24.neutrophil"	0.0274941084053417
"231"	"adventitial.cell"	"hematopoietic.stem.cell"	0.0274111675126904
"523"	"plasmacytoid.dendritic.cell"	"neutrophil"	0.0271957200178333
"467"	"capillary.endothelial.cell"	"nampt.neutrophil"	0.0269694819020582
"519"	"nk.cell"	"neutrophil"	0.0266789328426863
"573"	"adventitial.cell"	"plasma.cell"	0.0266311584553928
"353"	"capillary.endothelial.cell"	"monocyte"	0.026602176541717
"397"	"fibroblast"	"myeloid.progenitor"	0.0263713080168776
"149"	"type.i.pneumocyte"	"erythrocyte"	0.0262612301313061
"409"	"plasmacytoid.dendritic.cell"	"myeloid.progenitor"	0.0261804581580178
"99"	"myofibroblast.cell"	"cd24.neutrophil"	0.0261544748671843
"443"	"nk.cell"	"naive.b.cell"	0.026046986721144
"124"	"capillary.aerocyte"	"erythrocyte"	0.0259197324414716
"111"	"type.i.pneumocyte"	"cd24.neutrophil"	0.0258564964447317
"102"	"non.classical.monocyte"	"cd24.neutrophil"	0.0258531540847983
"236"	"bronchial.smooth.muscle.cell"	"hematopoietic.stem.cell"	0.0257826887661142
"399"	"lung.ciliated.cell"	"myeloid.progenitor"	0.0256622516556291
"250"	"mesothelial.cell"	"hematopoietic.stem.cell"	0.0253164556962025
"547"	"endothelial.cell.of.artery"	"nk.cell"	0.0251479289940828
"548"	"endothelial.cell.of.lymphatic.vessel"	"nk.cell"	0.0251086431675519
"529"	"type.i.pneumocyte"	"neutrophil"	0.0249258160237389
"144"	"pulmonary.ionocyte"	"erythrocyte"	0.0247713414634146
"137"	"myofibroblast.cell"	"erythrocyte"	0.024670353041259
"407"	"pericyte.cell"	"myeloid.progenitor"	0.0244224422442244
"106"	"pulmonary.ionocyte"	"cd24.neutrophil"	0.0242201834862385
"177"	"nk.cell"	"erythroid.progenitor"	0.0239410681399632
"604"	"smooth.muscle.cell"	"plasma.cell"	0.0239273927392739
"188"	"type.ii.pneumocyte"	"erythroid.progenitor"	0.0239111870196413
"86"	"capillary.aerocyte"	"cd24.neutrophil"	0.0238828967642527
"555"	"myofibroblast.cell"	"nk.cell"	0.0238095238095238
"435"	"fibroblast"	"naive.b.cell"	0.0237226277372263
"204"	"dendritic.cell"	"granulocyte"	0.023598820058997
"103"	"pericyte.cell"	"cd24.neutrophil"	0.0235531628532974
"352"	"capillary.aerocyte"	"monocyte"	0.0235294117647059
"521"	"pericyte.cell"	"neutrophil"	0.0234134319162046
"92"	"endothelial.cell.of.lymphatic.vessel"	"cd24.neutrophil"	0.0233918128654971
"97"	"macrophage"	"cd24.neutrophil"	0.023278370514064
"388"	"bronchial.smooth.muscle.cell"	"myeloid.progenitor"	0.0229976209357653
"539"	"basophil"	"nk.cell"	0.0227081581160639
"169"	"fibroblast"	"erythroid.progenitor"	0.022688791059939
"101"	"nk.cell"	"cd24.neutrophil"	0.0224828934506354
"441"	"myofibroblast.cell"	"naive.b.cell"	0.0223157894736842
"384"	"alveolar.fibroblast"	"myeloid.progenitor"	0.022108843537415
"445"	"pericyte.cell"	"naive.b.cell"	0.0220326936744847
"333"	"plasmacytoid.dendritic.cell"	"memory.b.cell"	0.0218160377358491
"143"	"plasmacytoid.dendritic.cell"	"erythrocyte"	0.0218037661050545
"420"	"cd4.positive..alpha.beta.t.cell"	"naive.b.cell"	0.0217142857142857
"417"	"vascular.associated.smooth.muscle.cell"	"myeloid.progenitor"	0.0216579536967886
"290"	"neutrophil"	"macrophage"	0.021484375
"391"	"capillary.endothelial.cell"	"myeloid.progenitor"	0.0213577421815408
"159"	"basophil"	"erythroid.progenitor"	0.0213143872113677
"511"	"fibroblast"	"neutrophil"	0.021247892074199
"257"	"plasmacytoid.dendritic.cell"	"hematopoietic.stem.cell"	0.0212443095599393
"121"	"basophil"	"erythrocyte"	0.0211817168338907
"139"	"nk.cell"	"erythrocyte"	0.0210364289379169
"466"	"capillary.aerocyte"	"nampt.neutrophil"	0.0208623087621697
"510"	"endothelial.cell.of.lymphatic.vessel"	"neutrophil"	0.0207612456747405
"482"	"non.classical.monocyte"	"nampt.neutrophil"	0.0207581227436823
"245"	"fibroblast"	"hematopoietic.stem.cell"	0.0204613095238095
"505"	"capillary.endothelial.cell"	"neutrophil"	0.0204369274136716
"277"	"capillary.endothelial.cell"	"macrophage"	0.0204081632653061
"125"	"capillary.endothelial.cell"	"erythrocyte"	0.0203045685279188
"415"	"type.i.pneumocyte"	"myeloid.progenitor"	0.0201765447667087
"562"	"pulmonary.ionocyte"	"nk.cell"	0.0201365187713311
"524"	"pulmonary.ionocyte"	"neutrophil"	0.0198329853862213
"91"	"endothelial.cell.of.artery"	"cd24.neutrophil"	0.0197424892703863
"390"	"capillary.aerocyte"	"myeloid.progenitor"	0.0194902548725637
"300"	"smooth.muscle.cell"	"macrophage"	0.0193965517241379
"122"	"bronchial.smooth.muscle.cell"	"erythrocyte"	0.0193832599118943
"202"	"classical.monocyte"	"granulocyte"	0.0191518467852257
"263"	"type.i.pneumocyte"	"hematopoietic.stem.cell"	0.0190812720848057
"247"	"lung.ciliated.cell"	"hematopoietic.stem.cell"	0.0190349712262063
"483"	"pericyte.cell"	"nampt.neutrophil"	0.0190300798035605
"224"	"smooth.muscle.cell"	"granulocyte"	0.0189537528430629
"513"	"lung.ciliated.cell"	"neutrophil"	0.018905080740449
"258"	"pulmonary.ionocyte"	"hematopoietic.stem.cell"	0.0188679245283019
"405"	"nk.cell"	"myeloid.progenitor"	0.0187140115163148
"141"	"pericyte.cell"	"erythrocyte"	0.018664752333094
"569"	"vascular.associated.smooth.muscle.cell"	"nk.cell"	0.0185799601857996
"416"	"type.ii.pneumocyte"	"myeloid.progenitor"	0.0185528756957328
"208"	"intermediate.monocyte"	"granulocyte"	0.0185185185185185
"509"	"endothelial.cell.of.artery"	"neutrophil"	0.0184049079754601
"395"	"endothelial.cell.of.artery"	"myeloid.progenitor"	0.0183792815371763
"599"	"plasmacytoid.dendritic.cell"	"plasma.cell"	0.0183276059564719
"133"	"lung.ciliated.cell"	"erythrocyte"	0.0182370820668693
"138"	"neutrophil"	"erythrocyte"	0.0182370820668693
"380"	"vein.endothelial.cell"	"monocyte"	0.018018018018018
"520"	"non.classical.monocyte"	"neutrophil"	0.0179856115107914
"225"	"type.i.pneumocyte"	"granulocyte"	0.0179547228727557
"444"	"non.classical.monocyte"	"naive.b.cell"	0.0179171332586786
"199"	"bronchial.vessel.endothelial.cell"	"granulocyte"	0.0178748758689176
"90"	"dendritic.cell"	"cd24.neutrophil"	0.0177083333333333
"251"	"myofibroblast.cell"	"hematopoietic.stem.cell"	0.0176344086021505
"160"	"bronchial.smooth.muscle.cell"	"erythroid.progenitor"	0.0175566934893928
"429"	"capillary.endothelial.cell"	"naive.b.cell"	0.0174418604651163
"155"	"adventitial.cell"	"erythroid.progenitor"	0.0173638516179953
"65"	"pericyte.cell"	"cd8.positive..alpha.beta.t.cell"	0.0173553719008264
"189"	"vascular.associated.smooth.muscle.cell"	"erythroid.progenitor"	0.0173130193905817
"109"	"serous.cell.of.epithelium.of.bronchus"	"cd24.neutrophil"	0.0172413793103448
"95"	"lung.ciliated.cell"	"cd24.neutrophil"	0.0170407315045719
"84"	"bronchial.smooth.muscle.cell"	"cd24.neutrophil"	0.0169628432956381
"471"	"endothelial.cell.of.artery"	"nampt.neutrophil"	0.0168582375478927
"393"	"club.cell"	"myeloid.progenitor"	0.0168243953732913
"45"	"basophil"	"cd8.positive..alpha.beta.t.cell"	0.0167597765363128
"219"	"plasmacytoid.dendritic.cell"	"granulocyte"	0.0167567567567568
"472"	"endothelial.cell.of.lymphatic.vessel"	"nampt.neutrophil"	0.0167487684729064
"357"	"endothelial.cell.of.artery"	"monocyte"	0.0167364016736402
"501"	"basophil"	"neutrophil"	0.0166812993854258
"148"	"smooth.muscle.cell"	"erythrocyte"	0.0166666666666667
"48"	"capillary.aerocyte"	"cd8.positive..alpha.beta.t.cell"	0.0166340508806262
"504"	"capillary.aerocyte"	"neutrophil"	0.0166089965397924
"473"	"fibroblast"	"nampt.neutrophil"	0.01645399597045
"426"	"bronchial.smooth.muscle.cell"	"naive.b.cell"	0.0164217804667243
"301"	"type.i.pneumocyte"	"macrophage"	0.0162122328666175
"112"	"type.ii.pneumocyte"	"cd24.neutrophil"	0.0161904761904762
"185"	"serous.cell.of.epithelium.of.bronchus"	"erythroid.progenitor"	0.0161702127659574
"566"	"smooth.muscle.cell"	"nk.cell"	0.0161469933184855
"295"	"plasmacytoid.dendritic.cell"	"macrophage"	0.0161038961038961
"517"	"myofibroblast.cell"	"neutrophil"	0.01609812188578
"386"	"basal.cell"	"myeloid.progenitor"	0.0160804020100503
"540"	"bronchial.smooth.muscle.cell"	"nk.cell"	0.0160390516039052
"129"	"endothelial.cell.of.artery"	"erythrocyte"	0.0159027128157156
"437"	"lung.ciliated.cell"	"naive.b.cell"	0.0159003008165019
"485"	"plasmacytoid.dendritic.cell"	"nampt.neutrophil"	0.015880017644464
"234"	"basal.cell"	"hematopoietic.stem.cell"	0.0158150851581509
"216"	"non.classical.monocyte"	"granulocyte"	0.0157593123209169
"346"	"alveolar.fibroblast"	"monocyte"	0.0156918687589158
"356"	"dendritic.cell"	"monocyte"	0.0156862745098039
"446"	"plasma.cell"	"naive.b.cell"	0.0156494522691706
"223"	"serous.cell.of.epithelium.of.bronchus"	"granulocyte"	0.015645371577575
"151"	"vascular.associated.smooth.muscle.cell"	"erythrocyte"	0.015625
"546"	"dendritic.cell"	"nk.cell"	0.0155574762316335
"281"	"endothelial.cell.of.artery"	"macrophage"	0.0155440414507772
"191"	"cd8.positive..alpha.beta.t.cell"	"granulocyte"	0.0154577883472057
"241"	"club.cell"	"hematopoietic.stem.cell"	0.0154043645699615
"477"	"macrophage"	"nampt.neutrophil"	0.0153061224489796
"67"	"plasmacytoid.dendritic.cell"	"cd8.positive..alpha.beta.t.cell"	0.0151679306608884
"402"	"mesothelial.cell"	"myeloid.progenitor"	0.0150309460654288
"13"	"club.cell"	"cd4.positive..alpha.beta.t.cell"	0.0148619957537155
"237"	"bronchial.vessel.endothelial.cell"	"hematopoietic.stem.cell"	0.0148342059336824
"567"	"type.i.pneumocyte"	"nk.cell"	0.0147811256395679
"53"	"endothelial.cell.of.artery"	"cd8.positive..alpha.beta.t.cell"	0.0146892655367232
"436"	"intermediate.monocyte"	"naive.b.cell"	0.0146443514644351
"325"	"macrophage"	"memory.b.cell"	0.0146341463414634
"439"	"macrophage"	"naive.b.cell"	0.0146137787056367
"276"	"capillary.aerocyte"	"macrophage"	0.0144796380090498
"530"	"type.ii.pneumocyte"	"neutrophil"	0.0142857142857143
"183"	"respiratory.goblet.cell"	"erythroid.progenitor"	0.0141843971631206
"220"	"pulmonary.ionocyte"	"granulocyte"	0.014152850788516
"296"	"pulmonary.ionocyte"	"macrophage"	0.0141342756183746
"491"	"type.i.pneumocyte"	"nampt.neutrophil"	0.0141010575793184
"425"	"basophil"	"naive.b.cell"	0.0140997830802603
"49"	"capillary.endothelial.cell"	"cd8.positive..alpha.beta.t.cell"	0.0139442231075697
"428"	"capillary.aerocyte"	"naive.b.cell"	0.0138323840520749
"152"	"vein.endothelial.cell"	"erythrocyte"	0.0137844611528822
"158"	"basal.cell"	"erythroid.progenitor"	0.0136736554238833
"140"	"non.classical.monocyte"	"erythrocyte"	0.0136674259681093
"150"	"type.ii.pneumocyte"	"erythrocyte"	0.0136554621848739
"383"	"adventitial.cell"	"myeloid.progenitor"	0.0136518771331058
"470"	"dendritic.cell"	"nampt.neutrophil"	0.0136239782016349
"412"	"respiratory.mucous.cell"	"myeloid.progenitor"	0.0136116152450091
"508"	"dendritic.cell"	"neutrophil"	0.0136116152450091
"419"	"cd8.positive..alpha.beta.t.cell"	"naive.b.cell"	0.0134615384615385
"454"	"type.ii.pneumocyte"	"naive.b.cell"	0.0133882595262616
"369"	"pericyte.cell"	"monocyte"	0.0133587786259542
"427"	"bronchial.vessel.endothelial.cell"	"naive.b.cell"	0.0132340777502068
"400"	"lung.microvascular.endothelial.cell"	"myeloid.progenitor"	0.0131578947368421
"486"	"pulmonary.ionocyte"	"nampt.neutrophil"	0.0131396957123098
"126"	"classical.monocyte"	"erythrocyte"	0.0131291028446389
"551"	"lung.ciliated.cell"	"nk.cell"	0.0130218307162007
"136"	"mesothelial.cell"	"erythrocyte"	0.0129740518962076
"418"	"vein.endothelial.cell"	"myeloid.progenitor"	0.0129032258064516
"179"	"pericyte.cell"	"erythroid.progenitor"	0.0128676470588235
"481"	"nk.cell"	"nampt.neutrophil"	0.0127099409895597
"495"	"cd8.positive..alpha.beta.t.cell"	"neutrophil"	0.0126883425852498
"123"	"bronchial.vessel.endothelial.cell"	"erythrocyte"	0.0125944584382872
"492"	"type.ii.pneumocyte"	"nampt.neutrophil"	0.0125944584382872
"35"	"type.i.pneumocyte"	"cd4.positive..alpha.beta.t.cell"	0.0125560538116592
"184"	"respiratory.mucous.cell"	"erythroid.progenitor"	0.0124688279301746
"198"	"bronchial.smooth.muscle.cell"	"granulocyte"	0.012448132780083
"242"	"dendritic.cell"	"hematopoietic.stem.cell"	0.0121654501216545
"261"	"serous.cell.of.epithelium.of.bronchus"	"hematopoietic.stem.cell"	0.0121412803532009
"127"	"club.cell"	"erythrocyte"	0.0121359223300971
"553"	"macrophage"	"nk.cell"	0.0121163166397415
"453"	"type.i.pneumocyte"	"naive.b.cell"	0.0121130551816958
"311"	"basophil"	"memory.b.cell"	0.0120689655172414
"59"	"macrophage"	"cd8.positive..alpha.beta.t.cell"	0.0119047619047619
"162"	"capillary.aerocyte"	"erythroid.progenitor"	0.0117728531855956
"54"	"endothelial.cell.of.lymphatic.vessel"	"cd8.positive..alpha.beta.t.cell"	0.0117574257425743
"269"	"adventitial.cell"	"macrophage"	0.011727078891258
"14"	"dendritic.cell"	"cd4.positive..alpha.beta.t.cell"	0.0116959064327485
"493"	"vascular.associated.smooth.muscle.cell"	"nampt.neutrophil"	0.0116518163125428
"6"	"basal.cell"	"cd4.positive..alpha.beta.t.cell"	0.0116279069767442
"10"	"capillary.aerocyte"	"cd4.positive..alpha.beta.t.cell"	0.0116144018583043
"226"	"type.ii.pneumocyte"	"granulocyte"	0.0116129032258065
"85"	"bronchial.vessel.endothelial.cell"	"cd24.neutrophil"	0.0116009280742459
"147"	"serous.cell.of.epithelium.of.bronchus"	"erythrocyte"	0.0115911485774499
"502"	"bronchial.smooth.muscle.cell"	"neutrophil"	0.0115690527838033
"77"	"cd8.positive..alpha.beta.t.cell"	"cd24.neutrophil"	0.0115658362989324
"167"	"endothelial.cell.of.artery"	"erythroid.progenitor"	0.0114942528735632
"61"	"myofibroblast.cell"	"cd8.positive..alpha.beta.t.cell"	0.011384335154827
"4"	"alveolar.fibroblast"	"cd4.positive..alpha.beta.t.cell"	0.0113475177304965
"96"	"lung.microvascular.endothelial.cell"	"cd24.neutrophil"	0.0113250283125708
"55"	"fibroblast"	"cd8.positive..alpha.beta.t.cell"	0.0112884390813546
"259"	"respiratory.goblet.cell"	"hematopoietic.stem.cell"	0.0111731843575419
"413"	"serous.cell.of.epithelium.of.bronchus"	"myeloid.progenitor"	0.0111008325624422
"536"	"alveolar.fibroblast"	"nk.cell"	0.0110782865583456
"515"	"macrophage"	"neutrophil"	0.0109983079526227
"156"	"alveolar.fibroblast"	"erythroid.progenitor"	0.0108611326609775
"7"	"basophil"	"cd4.positive..alpha.beta.t.cell"	0.0108303249097473
"460"	"alveolar.fibroblast"	"nampt.neutrophil"	0.0108024691358025
"526"	"respiratory.mucous.cell"	"neutrophil"	0.010717230008244
"135"	"macrophage"	"erythrocyte"	0.0106044538706257
"110"	"smooth.muscle.cell"	"cd24.neutrophil"	0.0105590062111801
"227"	"vascular.associated.smooth.muscle.cell"	"granulocyte"	0.0105465004793864
"117"	"adventitial.cell"	"erythrocyte"	0.010536398467433
"339"	"type.i.pneumocyte"	"memory.b.cell"	0.0104895104895105
"455"	"vascular.associated.smooth.muscle.cell"	"naive.b.cell"	0.0104754230459307
"107"	"respiratory.goblet.cell"	"cd24.neutrophil"	0.0104651162790698
"213"	"myofibroblast.cell"	"granulocyte"	0.0104308390022676
"165"	"club.cell"	"erythroid.progenitor"	0.010406811731315
"313"	"bronchial.vessel.endothelial.cell"	"memory.b.cell"	0.01036866359447
"78"	"cd4.positive..alpha.beta.t.cell"	"cd24.neutrophil"	0.0103412616339193
"286"	"lung.microvascular.endothelial.cell"	"macrophage"	0.0103244837758112
"52"	"dendritic.cell"	"cd8.positive..alpha.beta.t.cell"	0.0102941176470588
"531"	"vascular.associated.smooth.muscle.cell"	"neutrophil"	0.0102599179206566
"262"	"smooth.muscle.cell"	"hematopoietic.stem.cell"	0.0102249488752556
"207"	"fibroblast"	"granulocyte"	0.0100814269096549
"332"	"plasma.cell"	"memory.b.cell"	0.0100671140939597
"323"	"lung.ciliated.cell"	"memory.b.cell"	0.0100200400801603
"166"	"dendritic.cell"	"erythroid.progenitor"	0.0100182149362477
"503"	"bronchial.vessel.endothelial.cell"	"neutrophil"	0.0097629009762901
"475"	"lung.ciliated.cell"	"nampt.neutrophil"	0.00976181179226865
"115"	"cd8.positive..alpha.beta.t.cell"	"erythrocyte"	0.00975609756097561
"68"	"pulmonary.ionocyte"	"cd8.positive..alpha.beta.t.cell"	0.00968914008881712
"190"	"vein.endothelial.cell"	"erythroid.progenitor"	0.00968054211035818
"385"	"b.cell"	"myeloid.progenitor"	0.00964320154291225
"11"	"capillary.endothelial.cell"	"cd4.positive..alpha.beta.t.cell"	0.00950118764845606
"285"	"lung.ciliated.cell"	"macrophage"	0.00946798917944094
"118"	"alveolar.fibroblast"	"erythrocyte"	0.00944287063267233
"270"	"alveolar.fibroblast"	"macrophage"	0.00943396226415094
"282"	"endothelial.cell.of.lymphatic.vessel"	"macrophage"	0.00940623162845385
"362"	"lung.microvascular.endothelial.cell"	"monocyte"	0.00930232558139535
"605"	"type.i.pneumocyte"	"plasma.cell"	0.0092436974789916
"498"	"alveolar.fibroblast"	"neutrophil"	0.0092378752886836
"600"	"pulmonary.ionocyte"	"plasma.cell"	0.00923206042803189
"275"	"bronchial.vessel.endothelial.cell"	"macrophage"	0.00917431192660551
"42"	"alveolar.fibroblast"	"cd8.positive..alpha.beta.t.cell"	0.00916380297823597
"211"	"macrophage"	"granulocyte"	0.00915032679738562
"163"	"capillary.endothelial.cell"	"erythroid.progenitor"	0.00911002102312544
"570"	"vein.endothelial.cell"	"nk.cell"	0.00909918107370337
"5"	"b.cell"	"cd4.positive..alpha.beta.t.cell"	0.00904159132007233
"496"	"cd4.positive..alpha.beta.t.cell"	"neutrophil"	0.00903342366757001
"349"	"basophil"	"monocyte"	0.00902527075812274
"330"	"non.classical.monocyte"	"memory.b.cell"	0.00899280575539568
"217"	"pericyte.cell"	"granulocyte"	0.00896495517522412
"358"	"endothelial.cell.of.lymphatic.vessel"	"monocyte"	0.00894700619408121
"134"	"lung.microvascular.endothelial.cell"	"erythrocyte"	0.00892857142857143
"83"	"basophil"	"cd24.neutrophil"	0.0089197224975223
"57"	"lung.ciliated.cell"	"cd8.positive..alpha.beta.t.cell"	0.00888681010289991
"288"	"mesothelial.cell"	"macrophage"	0.00887902330743618
"249"	"macrophage"	"hematopoietic.stem.cell"	0.00886917960088692
"350"	"bronchial.smooth.muscle.cell"	"monocyte"	0.00882723833543506
"222"	"respiratory.mucous.cell"	"granulocyte"	0.00879396984924623
"157"	"b.cell"	"erythroid.progenitor"	0.00878734622144113
"273"	"basophil"	"macrophage"	0.0087173100871731
"541"	"bronchial.vessel.endothelial.cell"	"nk.cell"	0.0087073007367716
"283"	"fibroblast"	"macrophage"	0.00865637937523523
"494"	"vein.endothelial.cell"	"nampt.neutrophil"	0.00864553314121038
"558"	"non.classical.monocyte"	"nk.cell"	0.00847457627118644
"212"	"mesothelial.cell"	"granulocyte"	0.00846432889963724
"108"	"respiratory.mucous.cell"	"cd24.neutrophil"	0.00835654596100279
"331"	"pericyte.cell"	"memory.b.cell"	0.00832562442183164
"592"	"mesothelial.cell"	"plasma.cell"	0.00827586206896552
"29"	"plasmacytoid.dendritic.cell"	"cd4.positive..alpha.beta.t.cell"	0.008274231678487
"302"	"type.ii.pneumocyte"	"macrophage"	0.00821596244131455
"98"	"mesothelial.cell"	"cd24.neutrophil"	0.00812274368231047
"233"	"b.cell"	"hematopoietic.stem.cell"	0.00810185185185185
"394"	"dendritic.cell"	"myeloid.progenitor"	0.008
"490"	"smooth.muscle.cell"	"nampt.neutrophil"	0.00799086757990868
"319"	"endothelial.cell.of.artery"	"memory.b.cell"	0.00798934753661784
"568"	"type.ii.pneumocyte"	"nk.cell"	0.00796812749003984
"340"	"type.ii.pneumocyte"	"memory.b.cell"	0.00792393026941363
"424"	"basal.cell"	"naive.b.cell"	0.00786516853932584
"564"	"respiratory.mucous.cell"	"nk.cell"	0.00784929356357928
"499"	"b.cell"	"neutrophil"	0.00784655623365301
"452"	"smooth.muscle.cell"	"naive.b.cell"	0.00783289817232376
"73"	"type.i.pneumocyte"	"cd8.positive..alpha.beta.t.cell"	0.00777000777000777
"381"	"cd8.positive..alpha.beta.t.cell"	"myeloid.progenitor"	0.00776531492666091
"114"	"vein.endothelial.cell"	"cd24.neutrophil"	0.00774336283185841
"119"	"b.cell"	"erythrocyte"	0.00771775082690187
"532"	"vein.endothelial.cell"	"neutrophil"	0.00767018216682646
"554"	"mesothelial.cell"	"nk.cell"	0.00766283524904215
"465"	"bronchial.vessel.endothelial.cell"	"nampt.neutrophil"	0.00766016713091922
"556"	"neutrophil"	"nk.cell"	0.0076530612244898
"264"	"type.ii.pneumocyte"	"hematopoietic.stem.cell"	0.00765027322404372
"579"	"bronchial.vessel.endothelial.cell"	"plasma.cell"	0.00765027322404372
"173"	"macrophage"	"erythroid.progenitor"	0.00764006791171477
"479"	"myofibroblast.cell"	"nampt.neutrophil"	0.00760456273764259
"70"	"respiratory.mucous.cell"	"cd8.positive..alpha.beta.t.cell"	0.00759493670886076
"537"	"b.cell"	"nk.cell"	0.00746887966804979
"209"	"lung.ciliated.cell"	"granulocyte"	0.0074487895716946
"289"	"myofibroblast.cell"	"macrophage"	0.00743657042869641
"320"	"endothelial.cell.of.lymphatic.vessel"	"memory.b.cell"	0.0074173971679029
"132"	"intermediate.monocyte"	"erythrocyte"	0.00741525423728814
"528"	"smooth.muscle.cell"	"neutrophil"	0.00741163055872292
"28"	"plasma.cell"	"cd4.positive..alpha.beta.t.cell"	0.00735294117647059
"31"	"respiratory.goblet.cell"	"cd4.positive..alpha.beta.t.cell"	0.00735294117647059
"433"	"endothelial.cell.of.artery"	"naive.b.cell"	0.0072926162260711
"550"	"intermediate.monocyte"	"nk.cell"	0.0072463768115942
"516"	"mesothelial.cell"	"neutrophil"	0.00721153846153846
"3"	"adventitial.cell"	"cd4.positive..alpha.beta.t.cell"	0.00720461095100865
"602"	"respiratory.mucous.cell"	"plasma.cell"	0.00719424460431655
"19"	"lung.ciliated.cell"	"cd4.positive..alpha.beta.t.cell"	0.00708860759493671
"431"	"club.cell"	"naive.b.cell"	0.00708382526564345
"299"	"serous.cell.of.epithelium.of.bronchus"	"macrophage"	0.00707547169811321
"450"	"respiratory.mucous.cell"	"naive.b.cell"	0.0070281124497992
"463"	"basophil"	"nampt.neutrophil"	0.00696257615317668
"20"	"lung.microvascular.endothelial.cell"	"cd4.positive..alpha.beta.t.cell"	0.00694444444444444
"193"	"adventitial.cell"	"granulocyte"	0.00691244239631336
"116"	"cd4.positive..alpha.beta.t.cell"	"erythrocyte"	0.00690448791714614
"293"	"pericyte.cell"	"macrophage"	0.00690184049079755
"15"	"endothelial.cell.of.artery"	"cd4.positive..alpha.beta.t.cell"	0.00689655172413793
"120"	"basal.cell"	"erythrocyte"	0.00688073394495413
"379"	"vascular.associated.smooth.muscle.cell"	"monocyte"	0.00688073394495413
"80"	"alveolar.fibroblast"	"cd24.neutrophil"	0.00687876182287188
"172"	"lung.microvascular.endothelial.cell"	"erythroid.progenitor"	0.0068762278978389
"37"	"vascular.associated.smooth.muscle.cell"	"cd4.positive..alpha.beta.t.cell"	0.00687285223367698
"221"	"respiratory.goblet.cell"	"granulocyte"	0.00687285223367698
"589"	"lung.ciliated.cell"	"plasma.cell"	0.00683927699071812
"194"	"alveolar.fibroblast"	"granulocyte"	0.00680272108843537
"75"	"vascular.associated.smooth.muscle.cell"	"cd8.positive..alpha.beta.t.cell"	0.00673076923076923
"314"	"capillary.aerocyte"	"memory.b.cell"	0.00672645739910314
"33"	"serous.cell.of.epithelium.of.bronchus"	"cd4.positive..alpha.beta.t.cell"	0.00666666666666667
"378"	"type.ii.pneumocyte"	"monocyte"	0.00662251655629139
"421"	"adventitial.cell"	"naive.b.cell"	0.00656044985941893
"321"	"fibroblast"	"memory.b.cell"	0.00655469070053257
"586"	"endothelial.cell.of.lymphatic.vessel"	"plasma.cell"	0.0065402223675605
"442"	"neutrophil"	"naive.b.cell"	0.0065359477124183
"401"	"macrophage"	"myeloid.progenitor"	0.00648748841519926
"422"	"alveolar.fibroblast"	"naive.b.cell"	0.00647548566142461
"552"	"lung.microvascular.endothelial.cell"	"nk.cell"	0.00645756457564576
"260"	"respiratory.mucous.cell"	"hematopoietic.stem.cell"	0.00641711229946524
"575"	"b.cell"	"plasma.cell"	0.00638977635782748
"577"	"basophil"	"plasma.cell"	0.00636942675159236
"153"	"cd8.positive..alpha.beta.t.cell"	"erythroid.progenitor"	0.0063441712926249
"355"	"club.cell"	"monocyte"	0.00632911392405063
"601"	"respiratory.goblet.cell"	"plasma.cell"	0.00625
"377"	"type.i.pneumocyte"	"monocyte"	0.00624442462087422
"359"	"fibroblast"	"monocyte"	0.00621375310687655
"16"	"endothelial.cell.of.lymphatic.vessel"	"cd4.positive..alpha.beta.t.cell"	0.00617283950617284
"451"	"serous.cell.of.epithelium.of.bronchus"	"naive.b.cell"	0.00616649537512847
"203"	"club.cell"	"granulocyte"	0.0061633281972265
"82"	"basal.cell"	"cd24.neutrophil"	0.00616016427104723
"376"	"smooth.muscle.cell"	"monocyte"	0.00602928509905254
"113"	"vascular.associated.smooth.muscle.cell"	"cd24.neutrophil"	0.00601956358164033
"525"	"respiratory.goblet.cell"	"neutrophil"	0.00598205383848455
"538"	"basal.cell"	"nk.cell"	0.00597779675491033
"351"	"bronchial.vessel.endothelial.cell"	"monocyte"	0.00592417061611374
"9"	"bronchial.vessel.endothelial.cell"	"cd4.positive..alpha.beta.t.cell"	0.00591715976331361
"606"	"type.ii.pneumocyte"	"plasma.cell"	0.00590841949778434
"489"	"serous.cell.of.epithelium.of.bronchus"	"nampt.neutrophil"	0.00586264656616415
"527"	"serous.cell.of.epithelium.of.bronchus"	"neutrophil"	0.00585774058577406
"440"	"mesothelial.cell"	"naive.b.cell"	0.00583657587548638
"327"	"myofibroblast.cell"	"memory.b.cell"	0.00580270793036751
"196"	"basal.cell"	"granulocyte"	0.00577200577200577
"345"	"adventitial.cell"	"monocyte"	0.00576368876080692
"464"	"bronchial.smooth.muscle.cell"	"nampt.neutrophil"	0.00575539568345324
"128"	"dendritic.cell"	"erythrocyte"	0.00574712643678161
"274"	"bronchial.smooth.muscle.cell"	"macrophage"	0.00574162679425837
"315"	"capillary.endothelial.cell"	"memory.b.cell"	0.00573394495412844
"64"	"non.classical.monocyte"	"cd8.positive..alpha.beta.t.cell"	0.00573065902578797
"304"	"vein.endothelial.cell"	"macrophage"	0.00572246065808298
"593"	"myofibroblast.cell"	"plasma.cell"	0.0056791292001893
"30"	"pulmonary.ionocyte"	"cd4.positive..alpha.beta.t.cell"	0.00560344827586207
"565"	"serous.cell.of.epithelium.of.bronchus"	"nk.cell"	0.00558659217877095
"205"	"endothelial.cell.of.artery"	"granulocyte"	0.00555555555555556
"341"	"vascular.associated.smooth.muscle.cell"	"memory.b.cell"	0.00554938956714761
"279"	"club.cell"	"macrophage"	0.00552486187845304
"306"	"cd4.positive..alpha.beta.t.cell"	"memory.b.cell"	0.00552486187845304
"457"	"cd8.positive..alpha.beta.t.cell"	"nampt.neutrophil"	0.00551615445232467
"206"	"endothelial.cell.of.lymphatic.vessel"	"granulocyte"	0.00551132884262094
"459"	"adventitial.cell"	"nampt.neutrophil"	0.00543056633048875
"89"	"club.cell"	"cd24.neutrophil"	0.00537056928034372
"597"	"pericyte.cell"	"plasma.cell"	0.00531443755535872
"607"	"vascular.associated.smooth.muscle.cell"	"plasma.cell"	0.00528541226215645
"535"	"adventitial.cell"	"nk.cell"	0.00519287833827893
"256"	"plasma.cell"	"hematopoietic.stem.cell"	0.00513698630136986
"21"	"macrophage"	"cd4.positive..alpha.beta.t.cell"	0.00505050505050505
"316"	"classical.monocyte"	"memory.b.cell"	0.00505050505050505
"36"	"type.ii.pneumocyte"	"cd4.positive..alpha.beta.t.cell"	0.00495049504950495
"81"	"b.cell"	"cd24.neutrophil"	0.00494559841740851
"210"	"lung.microvascular.endothelial.cell"	"granulocyte"	0.00494233937397035
"47"	"bronchial.vessel.endothelial.cell"	"cd8.positive..alpha.beta.t.cell"	0.00493583415597236
"488"	"respiratory.mucous.cell"	"nampt.neutrophil"	0.00492206726825267
"406"	"non.classical.monocyte"	"myeloid.progenitor"	0.00491159135559921
"201"	"capillary.endothelial.cell"	"granulocyte"	0.00490196078431373
"456"	"vein.endothelial.cell"	"naive.b.cell"	0.00485436893203883
"230"	"cd4.positive..alpha.beta.t.cell"	"hematopoietic.stem.cell"	0.00483091787439614
"371"	"plasmacytoid.dendritic.cell"	"monocyte"	0.0047142015321155
"469"	"club.cell"	"nampt.neutrophil"	0.00467289719626168
"507"	"club.cell"	"neutrophil"	0.00466853408029879
"41"	"adventitial.cell"	"cd8.positive..alpha.beta.t.cell"	0.00463499420625724
"298"	"respiratory.mucous.cell"	"macrophage"	0.0045766590389016
"22"	"mesothelial.cell"	"cd4.positive..alpha.beta.t.cell"	0.00457317073170732
"72"	"smooth.muscle.cell"	"cd8.positive..alpha.beta.t.cell"	0.00450788880540947
"458"	"cd4.positive..alpha.beta.t.cell"	"nampt.neutrophil"	0.0045004500450045
"411"	"respiratory.goblet.cell"	"myeloid.progenitor"	0.00446428571428571
"303"	"vascular.associated.smooth.muscle.cell"	"macrophage"	0.00444839857651246
"246"	"intermediate.monocyte"	"hematopoietic.stem.cell"	0.00442477876106195
"587"	"fibroblast"	"plasma.cell"	0.0044158972300281
"291"	"nk.cell"	"macrophage"	0.00426439232409382
"430"	"classical.monocyte"	"naive.b.cell"	0.00425079702444208
"170"	"intermediate.monocyte"	"erythroid.progenitor"	0.00423728813559322
"43"	"b.cell"	"cd8.positive..alpha.beta.t.cell"	0.004149377593361
"46"	"bronchial.smooth.muscle.cell"	"cd8.positive..alpha.beta.t.cell"	0.00414507772020725
"253"	"nk.cell"	"hematopoietic.stem.cell"	0.00412583806085611
"308"	"alveolar.fibroblast"	"memory.b.cell"	0.00407055630936228
"62"	"neutrophil"	"cd8.positive..alpha.beta.t.cell"	0.00405131667792032
"571"	"cd8.positive..alpha.beta.t.cell"	"plasma.cell"	0.00401069518716578
"487"	"respiratory.goblet.cell"	"nampt.neutrophil"	0.00398406374501992
"23"	"myofibroblast.cell"	"cd4.positive..alpha.beta.t.cell"	0.0039119804400978
"71"	"serous.cell.of.epithelium.of.bronchus"	"cd8.positive..alpha.beta.t.cell"	0.00390117035110533
"476"	"lung.microvascular.endothelial.cell"	"nampt.neutrophil"	0.00389105058365759
"514"	"lung.microvascular.endothelial.cell"	"neutrophil"	0.00388726919339164
"200"	"capillary.aerocyte"	"granulocyte"	0.00383877159309021
"392"	"classical.monocyte"	"myeloid.progenitor"	0.0037914691943128
"27"	"pericyte.cell"	"cd4.positive..alpha.beta.t.cell"	0.00377714825306893
"8"	"bronchial.smooth.muscle.cell"	"cd4.positive..alpha.beta.t.cell"	0.0037593984962406
"585"	"endothelial.cell.of.artery"	"plasma.cell"	0.00375469336670839
"17"	"fibroblast"	"cd4.positive..alpha.beta.t.cell"	0.00371747211895911
"438"	"lung.microvascular.endothelial.cell"	"naive.b.cell"	0.00371747211895911
"60"	"mesothelial.cell"	"cd8.positive..alpha.beta.t.cell"	0.00364077669902913
"312"	"bronchial.smooth.muscle.cell"	"memory.b.cell"	0.00363636363636364
"462"	"basal.cell"	"nampt.neutrophil"	0.00358744394618834
"500"	"basal.cell"	"neutrophil"	0.003584229390681
"254"	"non.classical.monocyte"	"hematopoietic.stem.cell"	0.00355450236966825
"361"	"lung.ciliated.cell"	"monocyte"	0.00353356890459364
"79"	"adventitial.cell"	"cd24.neutrophil"	0.00346921075455334
"69"	"respiratory.goblet.cell"	"cd8.positive..alpha.beta.t.cell"	0.00346620450606586
"578"	"bronchial.smooth.muscle.cell"	"plasma.cell"	0.00344827586206897
"34"	"smooth.muscle.cell"	"cd4.positive..alpha.beta.t.cell"	0.00343347639484979
"365"	"myofibroblast.cell"	"monocyte"	0.00342298288508557
"334"	"pulmonary.ionocyte"	"memory.b.cell"	0.00340136054421769
"584"	"dendritic.cell"	"plasma.cell"	0.0033955857385399
"576"	"basal.cell"	"plasma.cell"	0.00337837837837838
"338"	"smooth.muscle.cell"	"memory.b.cell"	0.00335570469798658
"58"	"lung.microvascular.endothelial.cell"	"cd8.positive..alpha.beta.t.cell"	0.00332778702163062
"544"	"classical.monocyte"	"nk.cell"	0.00327332242225859
"581"	"capillary.endothelial.cell"	"plasma.cell"	0.00326441784548422
"322"	"intermediate.monocyte"	"memory.b.cell"	0.0032258064516129
"228"	"vein.endothelial.cell"	"granulocyte"	0.00319488817891374
"580"	"capillary.aerocyte"	"plasma.cell"	0.00319148936170213
"142"	"plasma.cell"	"erythrocyte"	0.00318471337579618
"337"	"serous.cell.of.epithelium.of.bronchus"	"memory.b.cell"	0.00317965023847377
"25"	"nk.cell"	"cd4.positive..alpha.beta.t.cell"	0.00306936771025169
"364"	"mesothelial.cell"	"monocyte"	0.00304878048780488
"366"	"neutrophil"	"monocyte"	0.0030441400304414
"229"	"cd8.positive..alpha.beta.t.cell"	"hematopoietic.stem.cell"	0.00303336703741153
"329"	"nk.cell"	"memory.b.cell"	0.00301932367149758
"591"	"macrophage"	"plasma.cell"	0.00299850074962519
"382"	"cd4.positive..alpha.beta.t.cell"	"myeloid.progenitor"	0.00298507462686567
"305"	"cd8.positive..alpha.beta.t.cell"	"memory.b.cell"	0.00284090909090909
"563"	"respiratory.goblet.cell"	"nk.cell"	0.00281954887218045
"398"	"intermediate.monocyte"	"myeloid.progenitor"	0.00277520814061055
"404"	"neutrophil"	"myeloid.progenitor"	0.00277315585135885
"195"	"b.cell"	"granulocyte"	0.0027359781121751
"197"	"basophil"	"granulocyte"	0.00272851296043656
"545"	"club.cell"	"nk.cell"	0.0026525198938992
"56"	"intermediate.monocyte"	"cd8.positive..alpha.beta.t.cell"	0.0026281208935611
"145"	"respiratory.goblet.cell"	"erythrocyte"	0.00261437908496732
"372"	"pulmonary.ionocyte"	"monocyte"	0.00257953568357696
"449"	"respiratory.goblet.cell"	"naive.b.cell"	0.00255102040816327
"271"	"b.cell"	"macrophage"	0.00248138957816377
"478"	"mesothelial.cell"	"nampt.neutrophil"	0.00239425379090184
"335"	"respiratory.goblet.cell"	"memory.b.cell"	0.0022883295194508
"66"	"plasma.cell"	"cd8.positive..alpha.beta.t.cell"	0.00226757369614512
"38"	"vein.endothelial.cell"	"cd4.positive..alpha.beta.t.cell"	0.00221238938053097
"324"	"lung.microvascular.endothelial.cell"	"memory.b.cell"	0.00216919739696312
"560"	"plasma.cell"	"nk.cell"	0.0021551724137931
"214"	"neutrophil"	"granulocyte"	0.00201207243460765
"317"	"club.cell"	"memory.b.cell"	0.00198412698412698
"590"	"lung.microvascular.endothelial.cell"	"plasma.cell"	0.00197628458498024
"344"	"cd4.positive..alpha.beta.t.cell"	"monocyte"	0.00193423597678917
"608"	"vein.endothelial.cell"	"plasma.cell"	0.00190839694656489
"310"	"basal.cell"	"memory.b.cell"	0.00182481751824818
"595"	"nk.cell"	"plasma.cell"	0.00176159718144451
"461"	"b.cell"	"nampt.neutrophil"	0.00173460537727667
"164"	"classical.monocyte"	"erythroid.progenitor"	0.00172711571675302
"572"	"cd4.positive..alpha.beta.t.cell"	"plasma.cell"	0.00169491525423729
"76"	"vein.endothelial.cell"	"cd8.positive..alpha.beta.t.cell"	0.00161290322580645
"374"	"respiratory.mucous.cell"	"monocyte"	0.00159744408945687
"32"	"respiratory.mucous.cell"	"cd4.positive..alpha.beta.t.cell"	0.00159489633173844
"176"	"neutrophil"	"erythroid.progenitor"	0.00157397691500525
"51"	"club.cell"	"cd8.positive..alpha.beta.t.cell"	0.00155038759689922
"497"	"adventitial.cell"	"neutrophil"	0.00154440154440154
"336"	"respiratory.mucous.cell"	"memory.b.cell"	0.00152905198776758
"24"	"neutrophil"	"cd4.positive..alpha.beta.t.cell"	0.00151860288534548
"326"	"mesothelial.cell"	"memory.b.cell"	0.00145985401459854
"44"	"basal.cell"	"cd8.positive..alpha.beta.t.cell"	0.00145137880986938
"594"	"neutrophil"	"plasma.cell"	0.00143988480921526
"307"	"adventitial.cell"	"memory.b.cell"	0.00137931034482759
"50"	"classical.monocyte"	"cd8.positive..alpha.beta.t.cell"	0.00135685210312076
"268"	"cd4.positive..alpha.beta.t.cell"	"macrophage"	0.00130208333333333
"272"	"basal.cell"	"macrophage"	0.0012970168612192
"74"	"type.ii.pneumocyte"	"cd8.positive..alpha.beta.t.cell"	0.00128865979381443
"574"	"alveolar.fibroblast"	"plasma.cell"	0.00127551020408163
"240"	"classical.monocyte"	"hematopoietic.stem.cell"	0.00113378684807256
"267"	"cd8.positive..alpha.beta.t.cell"	"macrophage"	0.00107758620689655
"146"	"respiratory.mucous.cell"	"erythrocyte"	0.00101729399796541
"154"	"cd4.positive..alpha.beta.t.cell"	"erythroid.progenitor"	0.000902527075812274
"328"	"neutrophil"	"memory.b.cell"	0.000743494423791822
"252"	"neutrophil"	"hematopoietic.stem.cell"	0.000613120784794605
"367"	"nk.cell"	"monocyte"	0.000612745098039216
"12"	"classical.monocyte"	"cd4.positive..alpha.beta.t.cell"	0
"18"	"intermediate.monocyte"	"cd4.positive..alpha.beta.t.cell"	0
"26"	"non.classical.monocyte"	"cd4.positive..alpha.beta.t.cell"	0
"104"	"plasma.cell"	"cd24.neutrophil"	0
"178"	"non.classical.monocyte"	"erythroid.progenitor"	0
"180"	"plasma.cell"	"erythroid.progenitor"	0
"192"	"cd4.positive..alpha.beta.t.cell"	"granulocyte"	0
"218"	"plasma.cell"	"granulocyte"	0
"294"	"plasma.cell"	"macrophage"	0
"297"	"respiratory.goblet.cell"	"macrophage"	0
"342"	"vein.endothelial.cell"	"memory.b.cell"	0
"343"	"cd8.positive..alpha.beta.t.cell"	"monocyte"	0
"347"	"b.cell"	"monocyte"	0
"348"	"basal.cell"	"monocyte"	0
"370"	"plasma.cell"	"monocyte"	0
"373"	"respiratory.goblet.cell"	"monocyte"	0
"375"	"serous.cell.of.epithelium.of.bronchus"	"monocyte"	0
"408"	"plasma.cell"	"myeloid.progenitor"	0
"484"	"plasma.cell"	"nampt.neutrophil"	0
"522"	"plasma.cell"	"neutrophil"	0
"582"	"classical.monocyte"	"plasma.cell"	0
"583"	"club.cell"	"plasma.cell"	0
"588"	"intermediate.monocyte"	"plasma.cell"	0
"596"	"non.classical.monocyte"	"plasma.cell"	0
