"Skeletal muscle"	"Lung"	"value"
"484"	"macrophage"	"non.classical.monocyte"	0.222222222222222
"270"	"endothelial.cell.of.artery"	"endothelial.cell.of.artery"	0.212655601659751
"191"	"capillary.endothelial.cell"	"capillary.endothelial.cell"	0.206627680311891
"367"	"endothelial.cell.of.vascular.tree"	"lung.microvascular.endothelial.cell"	0.201754385964912
"150"	"smooth.muscle.cell"	"bronchial.smooth.muscle.cell"	0.200361010830325
"467"	"mature.nk.t.cell"	"nk.cell"	0.184691358024691
"57"	"tendon.cell"	"adventitial.cell"	0.17964824120603
"709"	"endothelial.cell.of.vascular.tree"	"vein.endothelial.cell"	0.177554438860972
"50"	"mesenchymal.stem.cell"	"adventitial.cell"	0.173690932311622
"332"	"macrophage"	"intermediate.monocyte"	0.166385135135135
"172"	"capillary.endothelial.cell"	"capillary.aerocyte"	0.164662349676226
"446"	"macrophage"	"neutrophil"	0.163626312880044
"124"	"mast.cell"	"basophil"	0.163502109704641
"69"	"mesenchymal.stem.cell"	"alveolar.fibroblast"	0.163341645885287
"218"	"macrophage"	"classical.monocyte"	0.160958904109589
"412"	"mesothelial.cell"	"mesothelial.cell"	0.157293497363796
"21"	"cd4.positive..alpha.beta.t.cell"	"cd4.positive..alpha.beta.t.cell"	0.152610441767068
"290"	"endothelial.cell.of.lymphatic.vessel"	"endothelial.cell.of.lymphatic.vessel"	0.147420147420147
"267"	"capillary.endothelial.cell"	"endothelial.cell.of.artery"	0.14431934493347
"76"	"tendon.cell"	"alveolar.fibroblast"	0.141317365269461
"37"	"t.cell"	"cd4.positive..alpha.beta.t.cell"	0.140722291407223
"11"	"mature.nk.t.cell"	"cd8.positive..alpha.beta.t.cell"	0.135220125786164
"698"	"pericyte.cell"	"vascular.associated.smooth.muscle.cell"	0.132420091324201
"18"	"t.cell"	"cd8.positive..alpha.beta.t.cell"	0.12906610703043
"701"	"smooth.muscle.cell"	"vascular.associated.smooth.muscle.cell"	0.128205128205128
"389"	"macrophage"	"macrophage"	0.121654501216545
"508"	"pericyte.cell"	"pericyte.cell"	0.116809116809117
"22"	"cd8.positive..alpha.beta.t.cell"	"cd4.positive..alpha.beta.t.cell"	0.115191986644407
"194"	"endothelial.cell.of.artery"	"capillary.endothelial.cell"	0.112165660051769
"158"	"endothelial.cell.of.vascular.tree"	"bronchial.vessel.endothelial.cell"	0.106639839034205
"474"	"t.cell"	"nk.cell"	0.104404567699837
"3"	"cd8.positive..alpha.beta.t.cell"	"cd8.positive..alpha.beta.t.cell"	0.101063829787234
"511"	"smooth.muscle.cell"	"pericyte.cell"	0.0896646132785763
"643"	"slow.muscle.cell"	"smooth.muscle.cell"	0.0884177869700103
"2"	"cd4.positive..alpha.beta.t.cell"	"cd8.positive..alpha.beta.t.cell"	0.0874074074074074
"567"	"slow.muscle.cell"	"pulmonary.ionocyte"	0.0864074443336657
"704"	"capillary.endothelial.cell"	"vein.endothelial.cell"	0.0837628865979381
"707"	"endothelial.cell.of.artery"	"vein.endothelial.cell"	0.0825242718446602
"256"	"macrophage"	"dendritic.cell"	0.0794044665012407
"175"	"endothelial.cell.of.artery"	"capillary.aerocyte"	0.0790774299835255
"147"	"pericyte.cell"	"bronchial.smooth.muscle.cell"	0.0778301886792453
"559"	"fast.muscle.cell"	"pulmonary.ionocyte"	0.0734240687679083
"635"	"fast.muscle.cell"	"smooth.muscle.cell"	0.0725570509069631
"543"	"mature.nk.t.cell"	"plasmacytoid.dendritic.cell"	0.0660051768766178
"196"	"endothelial.cell.of.vascular.tree"	"capillary.endothelial.cell"	0.0658914728682171
"365"	"endothelial.cell.of.artery"	"lung.microvascular.endothelial.cell"	0.0632603406326034
"459"	"cd8.positive..alpha.beta.t.cell"	"nk.cell"	0.0613095238095238
"659"	"mesothelial.cell"	"type.i.pneumocyte"	0.0580224985198342
"272"	"endothelial.cell.of.vascular.tree"	"endothelial.cell.of.artery"	0.0571736785329018
"167"	"skeletal.muscle.satellite.stem.cell"	"bronchial.vessel.endothelial.cell"	0.0546341463414634
"455"	"t.cell"	"neutrophil"	0.052760736196319
"362"	"capillary.endothelial.cell"	"lung.microvascular.endothelial.cell"	0.0510855683269476
"141"	"fast.muscle.cell"	"bronchial.smooth.muscle.cell"	0.0501792114695341
"644"	"smooth.muscle.cell"	"smooth.muscle.cell"	0.0494437577255871
"642"	"skeletal.muscle.satellite.stem.cell"	"smooth.muscle.cell"	0.048689138576779
"447"	"mast.cell"	"neutrophil"	0.0478334271243669
"149"	"slow.muscle.cell"	"bronchial.smooth.muscle.cell"	0.0476477683956574
"448"	"mature.nk.t.cell"	"neutrophil"	0.0467101958814666
"703"	"tendon.cell"	"vascular.associated.smooth.muscle.cell"	0.0448179271708683
"548"	"slow.muscle.cell"	"plasmacytoid.dendritic.cell"	0.0446816923685251
"541"	"macrophage"	"plasmacytoid.dendritic.cell"	0.0444258172673931
"355"	"mesothelial.cell"	"lung.ciliated.cell"	0.044181459566075
"316"	"mesenchymal.stem.cell"	"fibroblast"	0.0441292356185973
"72"	"skeletal.muscle.satellite.stem.cell"	"alveolar.fibroblast"	0.0430939226519337
"257"	"mast.cell"	"dendritic.cell"	0.0411764705882353
"153"	"capillary.endothelial.cell"	"bronchial.vessel.endothelial.cell"	0.0403361344537815
"678"	"mesothelial.cell"	"type.ii.pneumocyte"	0.0393765381460213
"176"	"endothelial.cell.of.lymphatic.vessel"	"capillary.aerocyte"	0.0392156862745098
"51"	"mesothelial.cell"	"adventitial.cell"	0.0390505359877489
"434"	"slow.muscle.cell"	"myofibroblast.cell"	0.0389294403892944
"506"	"mesenchymal.stem.cell"	"pericyte.cell"	0.0388663967611336
"168"	"slow.muscle.cell"	"bronchial.vessel.endothelial.cell"	0.0383720930232558
"564"	"mesothelial.cell"	"pulmonary.ionocyte"	0.0381811870878167
"696"	"mesenchymal.stem.cell"	"vascular.associated.smooth.muscle.cell"	0.0377714825306893
"286"	"capillary.endothelial.cell"	"endothelial.cell.of.lymphatic.vessel"	0.0374720357941834
"195"	"endothelial.cell.of.lymphatic.vessel"	"capillary.endothelial.cell"	0.0373134328358209
"156"	"endothelial.cell.of.artery"	"bronchial.vessel.endothelial.cell"	0.0370072405470636
"431"	"mesothelial.cell"	"myofibroblast.cell"	0.0363149847094801
"301"	"slow.muscle.cell"	"endothelial.cell.of.lymphatic.vessel"	0.036222509702458
"177"	"endothelial.cell.of.vascular.tree"	"capillary.aerocyte"	0.0350877192982456
"30"	"mature.nk.t.cell"	"cd4.positive..alpha.beta.t.cell"	0.0346494762288477
"568"	"smooth.muscle.cell"	"pulmonary.ionocyte"	0.0339595375722543
"542"	"mast.cell"	"plasmacytoid.dendritic.cell"	0.0335477941176471
"540"	"fast.muscle.cell"	"plasmacytoid.dendritic.cell"	0.033129904097646
"358"	"slow.muscle.cell"	"lung.ciliated.cell"	0.0328389830508475
"323"	"tendon.cell"	"fibroblast"	0.0320834943950522
"314"	"mast.cell"	"fibroblast"	0.0319333564734467
"562"	"mature.nk.t.cell"	"pulmonary.ionocyte"	0.0316350316350316
"646"	"tendon.cell"	"smooth.muscle.cell"	0.0314787701317716
"291"	"endothelial.cell.of.vascular.tree"	"endothelial.cell.of.lymphatic.vessel"	0.0312312312312312
"561"	"mast.cell"	"pulmonary.ionocyte"	0.0311939763356042
"350"	"fast.muscle.cell"	"lung.ciliated.cell"	0.0310921103769918
"650"	"endothelial.cell.of.artery"	"type.i.pneumocyte"	0.0309007232084155
"466"	"mast.cell"	"nk.cell"	0.0307765151515152
"700"	"slow.muscle.cell"	"vascular.associated.smooth.muscle.cell"	0.030664395229983
"550"	"t.cell"	"plasmacytoid.dendritic.cell"	0.0303772660460559
"78"	"cd4.positive..alpha.beta.t.cell"	"b.cell"	0.0302521008403361
"79"	"cd8.positive..alpha.beta.t.cell"	"b.cell"	0.0291120815138282
"308"	"endothelial.cell.of.artery"	"fibroblast"	0.0290530846484935
"320"	"slow.muscle.cell"	"fibroblast"	0.0290431060837664
"708"	"endothelial.cell.of.lymphatic.vessel"	"vein.endothelial.cell"	0.0289156626506024
"390"	"mast.cell"	"macrophage"	0.0288808664259928
"545"	"mesothelial.cell"	"plasmacytoid.dendritic.cell"	0.0287206266318538
"692"	"fast.muscle.cell"	"vascular.associated.smooth.muscle.cell"	0.0286666666666667
"435"	"smooth.muscle.cell"	"myofibroblast.cell"	0.0282755874153724
"428"	"mast.cell"	"myofibroblast.cell"	0.0281188118811881
"315"	"mature.nk.t.cell"	"fibroblast"	0.027992277992278
"321"	"smooth.muscle.cell"	"fibroblast"	0.0277874261896492
"647"	"capillary.endothelial.cell"	"type.i.pneumocyte"	0.0277777777777778
"651"	"endothelial.cell.of.lymphatic.vessel"	"type.i.pneumocyte"	0.0275352585627938
"302"	"smooth.muscle.cell"	"endothelial.cell.of.lymphatic.vessel"	0.0272774060730829
"94"	"t.cell"	"b.cell"	0.0268817204301075
"309"	"endothelial.cell.of.lymphatic.vessel"	"fibroblast"	0.0264684554024656
"641"	"pericyte.cell"	"smooth.muscle.cell"	0.0264211369095276
"429"	"mature.nk.t.cell"	"myofibroblast.cell"	0.0262199563000728
"70"	"mesothelial.cell"	"alveolar.fibroblast"	0.0261976047904192
"298"	"mesothelial.cell"	"endothelial.cell.of.lymphatic.vessel"	0.0260743602124578
"243"	"skeletal.muscle.satellite.stem.cell"	"club.cell"	0.0260492040520984
"110"	"skeletal.muscle.satellite.stem.cell"	"basal.cell"	0.0258855585831063
"662"	"slow.muscle.cell"	"type.i.pneumocyte"	0.0258320914058619
"654"	"fast.muscle.cell"	"type.i.pneumocyte"	0.0257437070938215
"426"	"fast.muscle.cell"	"myofibroblast.cell"	0.0256700641751604
"556"	"endothelial.cell.of.lymphatic.vessel"	"pulmonary.ionocyte"	0.0255063765941485
"458"	"cd4.positive..alpha.beta.t.cell"	"nk.cell"	0.0255009107468124
"535"	"cd8.positive..alpha.beta.t.cell"	"plasmacytoid.dendritic.cell"	0.025428413488115
"271"	"endothelial.cell.of.lymphatic.vessel"	"endothelial.cell.of.artery"	0.0253853127833182
"317"	"mesothelial.cell"	"fibroblast"	0.0252324037184595
"334"	"mature.nk.t.cell"	"intermediate.monocyte"	0.0248681235870384
"640"	"mesothelial.cell"	"smooth.muscle.cell"	0.0246775098149187
"436"	"t.cell"	"myofibroblast.cell"	0.0246758678377248
"499"	"endothelial.cell.of.lymphatic.vessel"	"pericyte.cell"	0.0244926522043387
"295"	"mast.cell"	"endothelial.cell.of.lymphatic.vessel"	0.0244648318042813
"638"	"mature.nk.t.cell"	"smooth.muscle.cell"	0.024364406779661
"160"	"fast.muscle.cell"	"bronchial.vessel.endothelial.cell"	0.0243572395128552
"241"	"mesothelial.cell"	"club.cell"	0.024346257889991
"108"	"mesothelial.cell"	"basal.cell"	0.0243055555555556
"322"	"t.cell"	"fibroblast"	0.0242753623188406
"627"	"tendon.cell"	"serous.cell.of.epithelium.of.bronchus"	0.0242718446601942
"53"	"skeletal.muscle.satellite.stem.cell"	"adventitial.cell"	0.0242290748898678
"433"	"skeletal.muscle.satellite.stem.cell"	"myofibroblast.cell"	0.0242152466367713
"495"	"capillary.endothelial.cell"	"pericyte.cell"	0.0239943542695836
"74"	"smooth.muscle.cell"	"alveolar.fibroblast"	0.0239076669414674
"437"	"tendon.cell"	"myofibroblast.cell"	0.0236607142857143
"289"	"endothelial.cell.of.artery"	"endothelial.cell.of.lymphatic.vessel"	0.0236305048335124
"359"	"smooth.muscle.cell"	"lung.ciliated.cell"	0.0235772357723577
"352"	"mast.cell"	"lung.ciliated.cell"	0.0234438156831043
"616"	"fast.muscle.cell"	"serous.cell.of.epithelium.of.bronchus"	0.0234059725585149
"415"	"slow.muscle.cell"	"mesothelial.cell"	0.0230917254650417
"602"	"mesothelial.cell"	"respiratory.mucous.cell"	0.0230708035003978
"319"	"skeletal.muscle.satellite.stem.cell"	"fibroblast"	0.0230680507497117
"165"	"mesothelial.cell"	"bronchial.vessel.endothelial.cell"	0.0230664857530529
"293"	"fast.muscle.cell"	"endothelial.cell.of.lymphatic.vessel"	0.0230436869899184
"440"	"cd8.positive..alpha.beta.t.cell"	"neutrophil"	0.0229965156794425
"220"	"mature.nk.t.cell"	"classical.monocyte"	0.0229885057471264
"157"	"endothelial.cell.of.lymphatic.vessel"	"bronchial.vessel.endothelial.cell"	0.0228945216680294
"663"	"smooth.muscle.cell"	"type.i.pneumocyte"	0.0228254164096237
"312"	"fast.muscle.cell"	"fibroblast"	0.0228099173553719
"658"	"mesenchymal.stem.cell"	"type.i.pneumocyte"	0.021969696969697
"347"	"endothelial.cell.of.lymphatic.vessel"	"lung.ciliated.cell"	0.0218041898247114
"294"	"macrophage"	"endothelial.cell.of.lymphatic.vessel"	0.0217687074829932
"498"	"endothelial.cell.of.artery"	"pericyte.cell"	0.0217687074829932
"560"	"macrophage"	"pulmonary.ionocyte"	0.0216180805764821
"633"	"endothelial.cell.of.vascular.tree"	"smooth.muscle.cell"	0.0215982721382289
"152"	"tendon.cell"	"bronchial.smooth.muscle.cell"	0.0215897939156035
"513"	"tendon.cell"	"pericyte.cell"	0.0211598746081505
"296"	"mature.nk.t.cell"	"endothelial.cell.of.lymphatic.vessel"	0.0210430009149131
"441"	"endothelial.cell.of.artery"	"neutrophil"	0.0209059233449477
"423"	"endothelial.cell.of.lymphatic.vessel"	"myofibroblast.cell"	0.0207986688851913
"258"	"mature.nk.t.cell"	"dendritic.cell"	0.0206677265500795
"414"	"skeletal.muscle.satellite.stem.cell"	"mesothelial.cell"	0.0206422018348624
"665"	"tendon.cell"	"type.i.pneumocyte"	0.0201192250372578
"673"	"fast.muscle.cell"	"type.ii.pneumocyte"	0.0200320512820513
"145"	"mesenchymal.stem.cell"	"bronchial.smooth.muscle.cell"	0.01998001998002
"305"	"capillary.endothelial.cell"	"fibroblast"	0.0199058993847267
"430"	"mesenchymal.stem.cell"	"myofibroblast.cell"	0.0197397936294302
"87"	"mature.nk.t.cell"	"b.cell"	0.0192604006163328
"549"	"smooth.muscle.cell"	"plasmacytoid.dendritic.cell"	0.0191518467852257
"304"	"tendon.cell"	"endothelial.cell.of.lymphatic.vessel"	0.0191044776119403
"509"	"skeletal.muscle.satellite.stem.cell"	"pericyte.cell"	0.0188976377952756
"111"	"slow.muscle.cell"	"basal.cell"	0.0188679245283019
"443"	"endothelial.cell.of.vascular.tree"	"neutrophil"	0.0188311688311688
"114"	"tendon.cell"	"basal.cell"	0.018716577540107
"569"	"t.cell"	"pulmonary.ionocyte"	0.0186567164179104
"253"	"endothelial.cell.of.vascular.tree"	"dendritic.cell"	0.0185430463576159
"534"	"cd4.positive..alpha.beta.t.cell"	"plasmacytoid.dendritic.cell"	0.0185078079814922
"86"	"mast.cell"	"b.cell"	0.0185013876040703
"71"	"pericyte.cell"	"alveolar.fibroblast"	0.0184956843403206
"681"	"slow.muscle.cell"	"type.ii.pneumocyte"	0.018457481872116
"62"	"endothelial.cell.of.lymphatic.vessel"	"alveolar.fibroblast"	0.0182815356489945
"123"	"macrophage"	"basophil"	0.0181543116490166
"217"	"fast.muscle.cell"	"classical.monocyte"	0.0181518151815182
"146"	"mesothelial.cell"	"bronchial.smooth.muscle.cell"	0.0181437543614794
"418"	"tendon.cell"	"mesothelial.cell"	0.0181200453001133
"103"	"fast.muscle.cell"	"basal.cell"	0.0180257510729614
"303"	"t.cell"	"endothelial.cell.of.lymphatic.vessel"	0.0180229382850901
"621"	"mesothelial.cell"	"serous.cell.of.epithelium.of.bronchus"	0.017741935483871
"313"	"macrophage"	"fibroblast"	0.0177215189873418
"407"	"fast.muscle.cell"	"mesothelial.cell"	0.0176923076923077
"656"	"mast.cell"	"type.i.pneumocyte"	0.0176506390748631
"346"	"endothelial.cell.of.artery"	"lung.ciliated.cell"	0.0176026823134954
"89"	"mesothelial.cell"	"b.cell"	0.0175732217573222
"512"	"t.cell"	"pericyte.cell"	0.0174216027874564
"555"	"endothelial.cell.of.artery"	"pulmonary.ionocyte"	0.0172477064220183
"697"	"mesothelial.cell"	"vascular.associated.smooth.muscle.cell"	0.0172071475843812
"442"	"endothelial.cell.of.lymphatic.vessel"	"neutrophil"	0.0171496156120639
"670"	"endothelial.cell.of.lymphatic.vessel"	"type.ii.pneumocyte"	0.0171198388721047
"655"	"macrophage"	"type.i.pneumocyte"	0.0169941582580988
"450"	"mesothelial.cell"	"neutrophil"	0.0169753086419753
"510"	"slow.muscle.cell"	"pericyte.cell"	0.0167853509664293
"675"	"mast.cell"	"type.ii.pneumocyte"	0.0167696381288614
"265"	"t.cell"	"dendritic.cell"	0.0166481687014428
"657"	"mature.nk.t.cell"	"type.i.pneumocyte"	0.0166398282340311
"637"	"mast.cell"	"smooth.muscle.cell"	0.0166270783847981
"427"	"macrophage"	"myofibroblast.cell"	0.0164697457930541
"504"	"mast.cell"	"pericyte.cell"	0.0164556962025316
"453"	"slow.muscle.cell"	"neutrophil"	0.0162235241099594
"233"	"endothelial.cell.of.lymphatic.vessel"	"club.cell"	0.0161849710982659
"360"	"t.cell"	"lung.ciliated.cell"	0.0161839863713799
"674"	"macrophage"	"type.ii.pneumocyte"	0.0160233066278223
"188"	"smooth.muscle.cell"	"capillary.aerocyte"	0.0159651669085631
"507"	"mesothelial.cell"	"pericyte.cell"	0.0159386068476978
"566"	"skeletal.muscle.satellite.stem.cell"	"pulmonary.ionocyte"	0.0158478605388273
"624"	"slow.muscle.cell"	"serous.cell.of.epithelium.of.bronchus"	0.0158311345646438
"570"	"tendon.cell"	"pulmonary.ionocyte"	0.0157915515199368
"55"	"smooth.muscle.cell"	"adventitial.cell"	0.0157154673283706
"699"	"skeletal.muscle.satellite.stem.cell"	"vascular.associated.smooth.muscle.cell"	0.0155535224153705
"212"	"cd8.positive..alpha.beta.t.cell"	"classical.monocyte"	0.0155367231638418
"219"	"mast.cell"	"classical.monocyte"	0.0155109489051095
"225"	"slow.muscle.cell"	"classical.monocyte"	0.0155091031692515
"232"	"endothelial.cell.of.artery"	"club.cell"	0.0155038759689922
"438"	"capillary.endothelial.cell"	"neutrophil"	0.0154669839381321
"381"	"capillary.endothelial.cell"	"macrophage"	0.0154639175257732
"112"	"smooth.muscle.cell"	"basal.cell"	0.0154589371980676
"299"	"pericyte.cell"	"endothelial.cell.of.lymphatic.vessel"	0.0154241645244216
"664"	"t.cell"	"type.i.pneumocyte"	0.0153027278775782
"593"	"endothelial.cell.of.artery"	"respiratory.mucous.cell"	0.0152235965746908
"583"	"mesothelial.cell"	"respiratory.goblet.cell"	0.0151946818613485
"411"	"mesenchymal.stem.cell"	"mesothelial.cell"	0.0150115473441109
"61"	"endothelial.cell.of.artery"	"alveolar.fibroblast"	0.0149779735682819
"46"	"fast.muscle.cell"	"adventitial.cell"	0.0148920327624721
"183"	"mesenchymal.stem.cell"	"capillary.aerocyte"	0.0148837209302326
"43"	"endothelial.cell.of.lymphatic.vessel"	"adventitial.cell"	0.014760147601476
"652"	"endothelial.cell.of.vascular.tree"	"type.i.pneumocyte"	0.0147167034584253
"502"	"fast.muscle.cell"	"pericyte.cell"	0.0146886016451234
"536"	"endothelial.cell.of.artery"	"plasmacytoid.dendritic.cell"	0.0146641438032167
"357"	"skeletal.muscle.satellite.stem.cell"	"lung.ciliated.cell"	0.0146252285191956
"472"	"slow.muscle.cell"	"nk.cell"	0.0146071851559416
"396"	"slow.muscle.cell"	"macrophage"	0.014559894109861
"125"	"mature.nk.t.cell"	"basophil"	0.0145482388973966
"240"	"mesenchymal.stem.cell"	"club.cell"	0.0145348837209302
"533"	"capillary.endothelial.cell"	"plasmacytoid.dendritic.cell"	0.0145348837209302
"405"	"endothelial.cell.of.vascular.tree"	"mesothelial.cell"	0.0145089285714286
"297"	"mesenchymal.stem.cell"	"endothelial.cell.of.lymphatic.vessel"	0.0144317498496693
"685"	"capillary.endothelial.cell"	"vascular.associated.smooth.muscle.cell"	0.0144115292233787
"353"	"mature.nk.t.cell"	"lung.ciliated.cell"	0.0143646408839779
"574"	"endothelial.cell.of.artery"	"respiratory.goblet.cell"	0.0143198090692124
"421"	"cd8.positive..alpha.beta.t.cell"	"myofibroblast.cell"	0.0142791340396131
"54"	"slow.muscle.cell"	"adventitial.cell"	0.0142679900744417
"333"	"mast.cell"	"intermediate.monocyte"	0.0142602495543672
"661"	"skeletal.muscle.satellite.stem.cell"	"type.i.pneumocyte"	0.0141685309470544
"547"	"skeletal.muscle.satellite.stem.cell"	"plasmacytoid.dendritic.cell"	0.0141361256544503
"184"	"mesothelial.cell"	"capillary.aerocyte"	0.0139257294429708
"639"	"mesenchymal.stem.cell"	"smooth.muscle.cell"	0.0138686131386861
"594"	"endothelial.cell.of.lymphatic.vessel"	"respiratory.mucous.cell"	0.0137931034482759
"503"	"macrophage"	"pericyte.cell"	0.0137061403508772
"107"	"mesenchymal.stem.cell"	"basal.cell"	0.0136612021857923
"227"	"t.cell"	"classical.monocyte"	0.0136268343815514
"366"	"endothelial.cell.of.lymphatic.vessel"	"lung.microvascular.endothelial.cell"	0.0133333333333333
"505"	"mature.nk.t.cell"	"pericyte.cell"	0.0133037694013304
"439"	"cd4.positive..alpha.beta.t.cell"	"neutrophil"	0.0132743362831858
"202"	"mesenchymal.stem.cell"	"capillary.endothelial.cell"	0.0132575757575758
"310"	"endothelial.cell.of.vascular.tree"	"fibroblast"	0.0132325141776938
"163"	"mature.nk.t.cell"	"bronchial.vessel.endothelial.cell"	0.0131744040150565
"300"	"skeletal.muscle.satellite.stem.cell"	"endothelial.cell.of.lymphatic.vessel"	0.013126491646778
"200"	"mast.cell"	"capillary.endothelial.cell"	0.0130909090909091
"137"	"endothelial.cell.of.artery"	"bronchial.smooth.muscle.cell"	0.0130718954248366
"452"	"skeletal.muscle.satellite.stem.cell"	"neutrophil"	0.0130718954248366
"422"	"endothelial.cell.of.artery"	"myofibroblast.cell"	0.0130081300813008
"47"	"macrophage"	"adventitial.cell"	0.0129604365620737
"636"	"macrophage"	"smooth.muscle.cell"	0.0129533678756477
"181"	"mast.cell"	"capillary.aerocyte"	0.0128939828080229
"187"	"slow.muscle.cell"	"capillary.aerocyte"	0.0128923766816144
"117"	"cd8.positive..alpha.beta.t.cell"	"basophil"	0.0128571428571429
"216"	"erythrocyte"	"classical.monocyte"	0.0127659574468085
"203"	"mesothelial.cell"	"capillary.endothelial.cell"	0.012760241773002
"552"	"capillary.endothelial.cell"	"pulmonary.ionocyte"	0.012653516933383
"409"	"mast.cell"	"mesothelial.cell"	0.012636899747262
"432"	"pericyte.cell"	"myofibroblast.cell"	0.0126227208976157
"454"	"smooth.muscle.cell"	"neutrophil"	0.0126027397260274
"339"	"slow.muscle.cell"	"intermediate.monocyte"	0.0125661375661376
"669"	"endothelial.cell.of.artery"	"type.ii.pneumocyte"	0.01256038647343
"52"	"pericyte.cell"	"adventitial.cell"	0.0124688279301746
"575"	"endothelial.cell.of.lymphatic.vessel"	"respiratory.goblet.cell"	0.0124688279301746
"404"	"endothelial.cell.of.lymphatic.vessel"	"mesothelial.cell"	0.0124164278892073
"122"	"fast.muscle.cell"	"basophil"	0.0124069478908189
"249"	"cd4.positive..alpha.beta.t.cell"	"dendritic.cell"	0.0123456790123457
"688"	"endothelial.cell.of.artery"	"vascular.associated.smooth.muscle.cell"	0.0122887864823349
"341"	"t.cell"	"intermediate.monocyte"	0.0122448979591837
"554"	"cd8.positive..alpha.beta.t.cell"	"pulmonary.ionocyte"	0.0122349102773246
"660"	"pericyte.cell"	"type.i.pneumocyte"	0.0122249388753056
"677"	"mesenchymal.stem.cell"	"type.ii.pneumocyte"	0.0122100122100122
"307"	"cd8.positive..alpha.beta.t.cell"	"fibroblast"	0.0121664050235479
"465"	"macrophage"	"nk.cell"	0.0121288163948139
"250"	"cd8.positive..alpha.beta.t.cell"	"dendritic.cell"	0.0121212121212121
"599"	"mast.cell"	"respiratory.mucous.cell"	0.0121002592912705
"399"	"tendon.cell"	"macrophage"	0.0120918984280532
"680"	"skeletal.muscle.satellite.stem.cell"	"type.ii.pneumocyte"	0.0120481927710843
"374"	"mesothelial.cell"	"lung.microvascular.endothelial.cell"	0.012037037037037
"537"	"endothelial.cell.of.lymphatic.vessel"	"plasmacytoid.dendritic.cell"	0.0120076849183477
"280"	"pericyte.cell"	"endothelial.cell.of.artery"	0.0120048019207683
"403"	"endothelial.cell.of.artery"	"mesothelial.cell"	0.0119815668202765
"182"	"mature.nk.t.cell"	"capillary.aerocyte"	0.0117501546072975
"169"	"smooth.muscle.cell"	"bronchial.vessel.endothelial.cell"	0.0117388114453412
"384"	"endothelial.cell.of.artery"	"macrophage"	0.01171875
"617"	"macrophage"	"serous.cell.of.epithelium.of.bronchus"	0.0116448326055313
"132"	"t.cell"	"basophil"	0.0116279069767442
"180"	"macrophage"	"capillary.aerocyte"	0.0115995115995116
"166"	"pericyte.cell"	"bronchial.vessel.endothelial.cell"	0.0115546218487395
"91"	"skeletal.muscle.satellite.stem.cell"	"b.cell"	0.0115384615384615
"595"	"endothelial.cell.of.vascular.tree"	"respiratory.mucous.cell"	0.0115207373271889
"361"	"tendon.cell"	"lung.ciliated.cell"	0.0113430127041742
"85"	"macrophage"	"b.cell"	0.0112866817155756
"582"	"mesenchymal.stem.cell"	"respiratory.goblet.cell"	0.0112179487179487
"385"	"endothelial.cell.of.lymphatic.vessel"	"macrophage"	0.011144883485309
"199"	"macrophage"	"capillary.endothelial.cell"	0.0111248454882571
"416"	"smooth.muscle.cell"	"mesothelial.cell"	0.011063829787234
"245"	"smooth.muscle.cell"	"club.cell"	0.0110441767068273
"100"	"endothelial.cell.of.lymphatic.vessel"	"basal.cell"	0.0109529025191676
"190"	"tendon.cell"	"capillary.aerocyte"	0.010919017288444
"623"	"skeletal.muscle.satellite.stem.cell"	"serous.cell.of.epithelium.of.bronchus"	0.0108958837772397
"486"	"mature.nk.t.cell"	"non.classical.monocyte"	0.0108949416342412
"496"	"cd4.positive..alpha.beta.t.cell"	"pericyte.cell"	0.0108499095840868
"148"	"skeletal.muscle.satellite.stem.cell"	"bronchial.smooth.muscle.cell"	0.0107737512242899
"10"	"mast.cell"	"cd8.positive..alpha.beta.t.cell"	0.010752688172043
"601"	"mesenchymal.stem.cell"	"respiratory.mucous.cell"	0.0107270560190703
"201"	"mature.nk.t.cell"	"capillary.endothelial.cell"	0.0106382978723404
"251"	"endothelial.cell.of.artery"	"dendritic.cell"	0.0105485232067511
"208"	"t.cell"	"capillary.endothelial.cell"	0.0105348460291734
"99"	"endothelial.cell.of.artery"	"basal.cell"	0.010515247108307
"715"	"mesenchymal.stem.cell"	"vein.endothelial.cell"	0.0105105105105105
"161"	"macrophage"	"bronchial.vessel.endothelial.cell"	0.0105003088326127
"608"	"tendon.cell"	"respiratory.mucous.cell"	0.010477299185099
"331"	"fast.muscle.cell"	"intermediate.monocyte"	0.0104333868378812
"461"	"endothelial.cell.of.lymphatic.vessel"	"nk.cell"	0.0104270109235353
"388"	"fast.muscle.cell"	"macrophage"	0.0104166666666667
"391"	"mature.nk.t.cell"	"macrophage"	0.0103857566765579
"628"	"capillary.endothelial.cell"	"smooth.muscle.cell"	0.0103828682673589
"189"	"t.cell"	"capillary.aerocyte"	0.0103585657370518
"419"	"capillary.endothelial.cell"	"myofibroblast.cell"	0.0103476821192053
"619"	"mature.nk.t.cell"	"serous.cell.of.epithelium.of.bronchus"	0.0103321033210332
"538"	"endothelial.cell.of.vascular.tree"	"plasmacytoid.dendritic.cell"	0.0103305785123967
"144"	"mature.nk.t.cell"	"bronchial.smooth.muscle.cell"	0.0103225806451613
"485"	"mast.cell"	"non.classical.monocyte"	0.0103189493433396
"563"	"mesenchymal.stem.cell"	"pulmonary.ionocyte"	0.0102888800949743
"473"	"smooth.muscle.cell"	"nk.cell"	0.0102755721625409
"351"	"macrophage"	"lung.ciliated.cell"	0.010192937750273
"424"	"endothelial.cell.of.vascular.tree"	"myofibroblast.cell"	0.0100877192982456
"186"	"skeletal.muscle.satellite.stem.cell"	"capillary.aerocyte"	0.0100824931255729
"613"	"endothelial.cell.of.lymphatic.vessel"	"serous.cell.of.epithelium.of.bronchus"	0.0100502512562814
"615"	"erythrocyte"	"serous.cell.of.epithelium.of.bronchus"	0.0099009900990099
"238"	"mast.cell"	"club.cell"	0.00989119683481701
"340"	"smooth.muscle.cell"	"intermediate.monocyte"	0.00988319856244385
"116"	"cd4.positive..alpha.beta.t.cell"	"basophil"	0.00985221674876847
"620"	"mesenchymal.stem.cell"	"serous.cell.of.epithelium.of.bronchus"	0.00980392156862745
"625"	"smooth.muscle.cell"	"serous.cell.of.epithelium.of.bronchus"	0.00980392156862745
"395"	"skeletal.muscle.satellite.stem.cell"	"macrophage"	0.00975609756097561
"586"	"slow.muscle.cell"	"respiratory.goblet.cell"	0.00974512743628186
"460"	"endothelial.cell.of.artery"	"nk.cell"	0.00974184120798831
"236"	"fast.muscle.cell"	"club.cell"	0.00972590627763042
"469"	"mesothelial.cell"	"nk.cell"	0.00969162995594714
"336"	"mesothelial.cell"	"intermediate.monocyte"	0.0096696212731668
"44"	"endothelial.cell.of.vascular.tree"	"adventitial.cell"	0.00957446808510638
"259"	"mesenchymal.stem.cell"	"dendritic.cell"	0.00956284153005465
"386"	"endothelial.cell.of.vascular.tree"	"macrophage"	0.00953516090584029
"318"	"pericyte.cell"	"fibroblast"	0.00952759031361651
"207"	"smooth.muscle.cell"	"capillary.endothelial.cell"	0.00951683748169839
"684"	"tendon.cell"	"type.ii.pneumocyte"	0.00951248513674197
"29"	"mast.cell"	"cd4.positive..alpha.beta.t.cell"	0.00950570342205323
"105"	"mast.cell"	"basal.cell"	0.00947867298578199
"689"	"endothelial.cell.of.lymphatic.vessel"	"vascular.associated.smooth.muscle.cell"	0.00946372239747634
"204"	"pericyte.cell"	"capillary.endothelial.cell"	0.00943396226415094
"66"	"macrophage"	"alveolar.fibroblast"	0.00942760942760943
"162"	"mast.cell"	"bronchial.vessel.endothelial.cell"	0.00942028985507246
"611"	"cd8.positive..alpha.beta.t.cell"	"serous.cell.of.epithelium.of.bronchus"	0.00938337801608579
"344"	"cd4.positive..alpha.beta.t.cell"	"lung.ciliated.cell"	0.00938271604938272
"648"	"cd4.positive..alpha.beta.t.cell"	"type.i.pneumocyte"	0.00937766410912191
"39"	"capillary.endothelial.cell"	"adventitial.cell"	0.00928505106778087
"185"	"pericyte.cell"	"capillary.aerocyte"	0.00923076923076923
"471"	"skeletal.muscle.satellite.stem.cell"	"nk.cell"	0.0091991341991342
"610"	"cd4.positive..alpha.beta.t.cell"	"serous.cell.of.epithelium.of.bronchus"	0.00918836140888208
"482"	"erythrocyte"	"non.classical.monocyte"	0.00917431192660551
"445"	"fast.muscle.cell"	"neutrophil"	0.00916030534351145
"576"	"endothelial.cell.of.vascular.tree"	"respiratory.goblet.cell"	0.00916030534351145
"101"	"endothelial.cell.of.vascular.tree"	"basal.cell"	0.00915032679738562
"398"	"t.cell"	"macrophage"	0.00913705583756345
"420"	"cd4.positive..alpha.beta.t.cell"	"myofibroblast.cell"	0.00909526089037817
"155"	"cd8.positive..alpha.beta.t.cell"	"bronchial.vessel.endothelial.cell"	0.00909090909090909
"376"	"skeletal.muscle.satellite.stem.cell"	"lung.microvascular.endothelial.cell"	0.00909090909090909
"282"	"slow.muscle.cell"	"endothelial.cell.of.artery"	0.00908540278619019
"632"	"endothelial.cell.of.lymphatic.vessel"	"smooth.muscle.cell"	0.0089974293059126
"397"	"smooth.muscle.cell"	"macrophage"	0.00896057347670251
"690"	"endothelial.cell.of.vascular.tree"	"vascular.associated.smooth.muscle.cell"	0.00893655049151028
"406"	"erythrocyte"	"mesothelial.cell"	0.00892857142857143
"718"	"skeletal.muscle.satellite.stem.cell"	"vein.endothelial.cell"	0.00884955752212389
"393"	"mesothelial.cell"	"macrophage"	0.00884244372990354
"283"	"smooth.muscle.cell"	"endothelial.cell.of.artery"	0.00881410256410256
"676"	"mature.nk.t.cell"	"type.ii.pneumocyte"	0.00881057268722467
"631"	"endothelial.cell.of.artery"	"smooth.muscle.cell"	0.00878293601003764
"464"	"fast.muscle.cell"	"nk.cell"	0.00877963125548727
"277"	"mature.nk.t.cell"	"endothelial.cell.of.artery"	0.0087719298245614
"130"	"slow.muscle.cell"	"basophil"	0.00876601483479434
"82"	"endothelial.cell.of.vascular.tree"	"b.cell"	0.00873907615480649
"493"	"t.cell"	"non.classical.monocyte"	0.00866738894907909
"121"	"erythrocyte"	"basophil"	0.00865800865800866
"392"	"mesenchymal.stem.cell"	"macrophage"	0.00864197530864197
"598"	"macrophage"	"respiratory.mucous.cell"	0.00855920114122682
"449"	"mesenchymal.stem.cell"	"neutrophil"	0.00851900393184797
"134"	"capillary.endothelial.cell"	"bronchial.smooth.muscle.cell"	0.00848176420695505
"578"	"fast.muscle.cell"	"respiratory.goblet.cell"	0.00844277673545966
"81"	"endothelial.cell.of.lymphatic.vessel"	"b.cell"	0.00841219768664564
"171"	"tendon.cell"	"bronchial.vessel.endothelial.cell"	0.00832562442183164
"209"	"tendon.cell"	"capillary.endothelial.cell"	0.00832562442183164
"285"	"tendon.cell"	"endothelial.cell.of.artery"	0.00831600831600832
"551"	"tendon.cell"	"plasmacytoid.dendritic.cell"	0.00829015544041451
"143"	"mast.cell"	"bronchial.smooth.muscle.cell"	0.00825206301575394
"84"	"fast.muscle.cell"	"b.cell"	0.00825082508250825
"354"	"mesenchymal.stem.cell"	"lung.ciliated.cell"	0.00821542674577818
"229"	"capillary.endothelial.cell"	"club.cell"	0.00814901047729918
"211"	"cd4.positive..alpha.beta.t.cell"	"classical.monocyte"	0.00806451612903226
"246"	"t.cell"	"club.cell"	0.00806451612903226
"65"	"fast.muscle.cell"	"alveolar.fibroblast"	0.00805270863836018
"330"	"erythrocyte"	"intermediate.monocyte"	0.00804828973843058
"618"	"mast.cell"	"serous.cell.of.epithelium.of.bronchus"	0.00790861159929701
"490"	"skeletal.muscle.satellite.stem.cell"	"non.classical.monocyte"	0.00790513833992095
"235"	"erythrocyte"	"club.cell"	0.0078740157480315
"532"	"tendon.cell"	"plasma.cell"	0.00784313725490196
"597"	"fast.muscle.cell"	"respiratory.mucous.cell"	0.0078003120124805
"694"	"mast.cell"	"vascular.associated.smooth.muscle.cell"	0.00779588944011339
"592"	"cd8.positive..alpha.beta.t.cell"	"respiratory.mucous.cell"	0.00778210116731518
"524"	"mature.nk.t.cell"	"plasma.cell"	0.00775945683802134
"589"	"tendon.cell"	"respiratory.goblet.cell"	0.00773993808049536
"605"	"slow.muscle.cell"	"respiratory.mucous.cell"	0.0077319587628866
"612"	"endothelial.cell.of.artery"	"serous.cell.of.epithelium.of.bronchus"	0.00772946859903382
"32"	"mesothelial.cell"	"cd4.positive..alpha.beta.t.cell"	0.00770547945205479
"260"	"mesothelial.cell"	"dendritic.cell"	0.00770547945205479
"264"	"smooth.muscle.cell"	"dendritic.cell"	0.00769230769230769
"373"	"mesenchymal.stem.cell"	"lung.microvascular.endothelial.cell"	0.00769230769230769
"252"	"endothelial.cell.of.lymphatic.vessel"	"dendritic.cell"	0.00766703176341731
"255"	"fast.muscle.cell"	"dendritic.cell"	0.00766609880749574
"686"	"cd4.positive..alpha.beta.t.cell"	"vascular.associated.smooth.muscle.cell"	0.0075512405609493
"128"	"pericyte.cell"	"basophil"	0.00748502994011976
"288"	"cd8.positive..alpha.beta.t.cell"	"endothelial.cell.of.lymphatic.vessel"	0.00748129675810474
"205"	"skeletal.muscle.satellite.stem.cell"	"capillary.endothelial.cell"	0.00745573159366263
"557"	"endothelial.cell.of.vascular.tree"	"pulmonary.ionocyte"	0.00741029641185647
"131"	"smooth.muscle.cell"	"basophil"	0.00740055504162812
"375"	"pericyte.cell"	"lung.microvascular.endothelial.cell"	0.00735294117647059
"695"	"mature.nk.t.cell"	"vascular.associated.smooth.muscle.cell"	0.00735294117647059
"206"	"slow.muscle.cell"	"capillary.endothelial.cell"	0.00733220530174845
"58"	"capillary.endothelial.cell"	"alveolar.fibroblast"	0.00731930466605672
"275"	"macrophage"	"endothelial.cell.of.artery"	0.00730897009966777
"48"	"mast.cell"	"adventitial.cell"	0.0072992700729927
"279"	"mesothelial.cell"	"endothelial.cell.of.artery"	0.00725689404934688
"179"	"fast.muscle.cell"	"capillary.aerocyte"	0.00721784776902887
"682"	"smooth.muscle.cell"	"type.ii.pneumocyte"	0.00707964601769911
"328"	"endothelial.cell.of.lymphatic.vessel"	"intermediate.monocyte"	0.0070778564206269
"410"	"mature.nk.t.cell"	"mesothelial.cell"	0.00707213578500707
"666"	"capillary.endothelial.cell"	"type.ii.pneumocyte"	0.00707070707070707
"345"	"cd8.positive..alpha.beta.t.cell"	"lung.ciliated.cell"	0.00706547338671691
"671"	"endothelial.cell.of.vascular.tree"	"type.ii.pneumocyte"	0.00703399765533412
"97"	"cd4.positive..alpha.beta.t.cell"	"basal.cell"	0.00698080279232112
"679"	"pericyte.cell"	"type.ii.pneumocyte"	0.00697350069735007
"590"	"capillary.endothelial.cell"	"respiratory.mucous.cell"	0.00693756194251734
"234"	"endothelial.cell.of.vascular.tree"	"club.cell"	0.00691562932226833
"630"	"cd8.positive..alpha.beta.t.cell"	"smooth.muscle.cell"	0.00687547746371276
"477"	"cd4.positive..alpha.beta.t.cell"	"non.classical.monocyte"	0.00683760683760684
"242"	"pericyte.cell"	"club.cell"	0.00681431005110733
"653"	"erythrocyte"	"type.i.pneumocyte"	0.00680933852140078
"343"	"capillary.endothelial.cell"	"lung.ciliated.cell"	0.00677678949597628
"138"	"endothelial.cell.of.lymphatic.vessel"	"bronchial.smooth.muscle.cell"	0.0067001675041876
"248"	"capillary.endothelial.cell"	"dendritic.cell"	0.00665926748057714
"15"	"skeletal.muscle.satellite.stem.cell"	"cd8.positive..alpha.beta.t.cell"	0.00663716814159292
"292"	"erythrocyte"	"endothelial.cell.of.lymphatic.vessel"	0.00659824046920821
"444"	"erythrocyte"	"neutrophil"	0.00657354149548069
"413"	"pericyte.cell"	"mesothelial.cell"	0.00651890482398957
"274"	"fast.muscle.cell"	"endothelial.cell.of.artery"	0.00649819494584838
"457"	"capillary.endothelial.cell"	"nk.cell"	0.00647088103534097
"231"	"cd8.positive..alpha.beta.t.cell"	"club.cell"	0.00642054574638844
"67"	"mast.cell"	"alveolar.fibroblast"	0.00641025641025641
"244"	"slow.muscle.cell"	"club.cell"	0.00640569395017794
"221"	"mesenchymal.stem.cell"	"classical.monocyte"	0.00636942675159236
"129"	"skeletal.muscle.satellite.stem.cell"	"basophil"	0.00636132315521628
"451"	"pericyte.cell"	"neutrophil"	0.00632466619817287
"276"	"mast.cell"	"endothelial.cell.of.artery"	0.00632411067193676
"553"	"cd4.positive..alpha.beta.t.cell"	"pulmonary.ionocyte"	0.00632111251580278
"348"	"endothelial.cell.of.vascular.tree"	"lung.ciliated.cell"	0.00629213483146067
"119"	"endothelial.cell.of.lymphatic.vessel"	"basophil"	0.00628272251308901
"585"	"skeletal.muscle.satellite.stem.cell"	"respiratory.goblet.cell"	0.00626959247648903
"378"	"smooth.muscle.cell"	"lung.microvascular.endothelial.cell"	0.00626304801670146
"356"	"pericyte.cell"	"lung.ciliated.cell"	0.00622307324078506
"120"	"endothelial.cell.of.vascular.tree"	"basophil"	0.0062111801242236
"49"	"mature.nk.t.cell"	"adventitial.cell"	0.00618556701030928
"371"	"mast.cell"	"lung.microvascular.endothelial.cell"	0.00617283950617284
"215"	"endothelial.cell.of.vascular.tree"	"classical.monocyte"	0.00613496932515337
"338"	"skeletal.muscle.satellite.stem.cell"	"intermediate.monocyte"	0.00609013398294762
"306"	"cd4.positive..alpha.beta.t.cell"	"fibroblast"	0.00607287449392713
"80"	"endothelial.cell.of.artery"	"b.cell"	0.00605449041372351
"118"	"endothelial.cell.of.artery"	"basophil"	0.00604229607250755
"387"	"erythrocyte"	"macrophage"	0.006
"683"	"t.cell"	"type.ii.pneumocyte"	0.006
"488"	"mesothelial.cell"	"non.classical.monocyte"	0.00590717299578059
"591"	"cd4.positive..alpha.beta.t.cell"	"respiratory.mucous.cell"	0.00589101620029455
"607"	"t.cell"	"respiratory.mucous.cell"	0.00588812561334642
"579"	"macrophage"	"respiratory.goblet.cell"	0.00588235294117647
"377"	"slow.muscle.cell"	"lung.microvascular.endothelial.cell"	0.00586940572267058
"604"	"skeletal.muscle.satellite.stem.cell"	"respiratory.mucous.cell"	0.00585480093676815
"127"	"mesothelial.cell"	"basophil"	0.00578034682080925
"600"	"mature.nk.t.cell"	"respiratory.mucous.cell"	0.00577617328519856
"584"	"pericyte.cell"	"respiratory.goblet.cell"	0.00575815738963532
"394"	"pericyte.cell"	"macrophage"	0.0056657223796034
"622"	"pericyte.cell"	"serous.cell.of.epithelium.of.bronchus"	0.00561009817671809
"247"	"tendon.cell"	"club.cell"	0.00560224089635854
"520"	"erythrocyte"	"plasma.cell"	0.00558659217877095
"237"	"macrophage"	"club.cell"	0.00556881463802705
"263"	"slow.muscle.cell"	"dendritic.cell"	0.0055286800276434
"649"	"cd8.positive..alpha.beta.t.cell"	"type.i.pneumocyte"	0.00550747442958301
"226"	"smooth.muscle.cell"	"classical.monocyte"	0.00548947849954254
"113"	"t.cell"	"basal.cell"	0.00547045951859956
"716"	"mesothelial.cell"	"vein.endothelial.cell"	0.00542986425339366
"603"	"pericyte.cell"	"respiratory.mucous.cell"	0.00542740841248304
"326"	"cd8.positive..alpha.beta.t.cell"	"intermediate.monocyte"	0.00540540540540541
"526"	"mesothelial.cell"	"plasma.cell"	0.00539374325782093
"383"	"cd8.positive..alpha.beta.t.cell"	"macrophage"	0.00539083557951483
"480"	"endothelial.cell.of.lymphatic.vessel"	"non.classical.monocyte"	0.00537634408602151
"500"	"endothelial.cell.of.vascular.tree"	"pericyte.cell"	0.00535987748851455
"668"	"cd8.positive..alpha.beta.t.cell"	"type.ii.pneumocyte"	0.00530503978779841
"278"	"mesenchymal.stem.cell"	"endothelial.cell.of.artery"	0.00529100529100529
"59"	"cd4.positive..alpha.beta.t.cell"	"alveolar.fibroblast"	0.00523560209424084
"281"	"skeletal.muscle.satellite.stem.cell"	"endothelial.cell.of.artery"	0.00523012552301255
"606"	"smooth.muscle.cell"	"respiratory.mucous.cell"	0.0052128583840139
"527"	"pericyte.cell"	"plasma.cell"	0.00519480519480519
"7"	"erythrocyte"	"cd8.positive..alpha.beta.t.cell"	0.00515463917525773
"27"	"fast.muscle.cell"	"cd4.positive..alpha.beta.t.cell"	0.00509770603228547
"609"	"capillary.endothelial.cell"	"serous.cell.of.epithelium.of.bronchus"	0.00506585612968592
"539"	"erythrocyte"	"plasmacytoid.dendritic.cell"	0.00498753117206983
"497"	"cd8.positive..alpha.beta.t.cell"	"pericyte.cell"	0.00497512437810945
"546"	"pericyte.cell"	"plasmacytoid.dendritic.cell"	0.00497237569060773
"222"	"mesothelial.cell"	"classical.monocyte"	0.00490998363338789
"73"	"slow.muscle.cell"	"alveolar.fibroblast"	0.0048750761730652
"408"	"macrophage"	"mesothelial.cell"	0.00486787204450626
"9"	"macrophage"	"cd8.positive..alpha.beta.t.cell"	0.00480109739368999
"261"	"pericyte.cell"	"dendritic.cell"	0.00476947535771065
"92"	"slow.muscle.cell"	"b.cell"	0.0047074646940148
"614"	"endothelial.cell.of.vascular.tree"	"serous.cell.of.epithelium.of.bronchus"	0.00470588235294118
"634"	"erythrocyte"	"smooth.muscle.cell"	0.00467289719626168
"489"	"pericyte.cell"	"non.classical.monocyte"	0.0046583850931677
"198"	"fast.muscle.cell"	"capillary.endothelial.cell"	0.0046449900464499
"382"	"cd4.positive..alpha.beta.t.cell"	"macrophage"	0.00462249614791988
"93"	"smooth.muscle.cell"	"b.cell"	0.00462107208872458
"287"	"cd4.positive..alpha.beta.t.cell"	"endothelial.cell.of.lymphatic.vessel"	0.00462046204620462
"75"	"t.cell"	"alveolar.fibroblast"	0.00452488687782805
"531"	"t.cell"	"plasma.cell"	0.00449101796407186
"645"	"t.cell"	"smooth.muscle.cell"	0.00449005772931366
"8"	"fast.muscle.cell"	"cd8.positive..alpha.beta.t.cell"	0.00448765893792072
"284"	"t.cell"	"endothelial.cell.of.artery"	0.00445632798573975
"154"	"cd4.positive..alpha.beta.t.cell"	"bronchial.vessel.endothelial.cell"	0.00443951165371809
"192"	"cd4.positive..alpha.beta.t.cell"	"capillary.endothelial.cell"	0.00443951165371809
"42"	"endothelial.cell.of.artery"	"adventitial.cell"	0.00441306266548985
"16"	"slow.muscle.cell"	"cd8.positive..alpha.beta.t.cell"	0.00435323383084577
"173"	"cd4.positive..alpha.beta.t.cell"	"capillary.aerocyte"	0.00433839479392625
"140"	"erythrocyte"	"bronchial.smooth.muscle.cell"	0.00426136363636364
"77"	"capillary.endothelial.cell"	"b.cell"	0.00424628450106157
"115"	"capillary.endothelial.cell"	"basophil"	0.00423728813559322
"401"	"cd4.positive..alpha.beta.t.cell"	"mesothelial.cell"	0.00421940928270042
"210"	"capillary.endothelial.cell"	"classical.monocyte"	0.00419287211740042
"63"	"endothelial.cell.of.vascular.tree"	"alveolar.fibroblast"	0.00417101147028154
"565"	"pericyte.cell"	"pulmonary.ionocyte"	0.00410509031198686
"324"	"capillary.endothelial.cell"	"intermediate.monocyte"	0.00408580183861083
"34"	"skeletal.muscle.satellite.stem.cell"	"cd4.positive..alpha.beta.t.cell"	0.00401606425702811
"626"	"t.cell"	"serous.cell.of.epithelium.of.bronchus"	0.00401203610832497
"159"	"erythrocyte"	"bronchial.vessel.endothelial.cell"	0.00398406374501992
"705"	"cd4.positive..alpha.beta.t.cell"	"vein.endothelial.cell"	0.00395256916996047
"106"	"mature.nk.t.cell"	"basal.cell"	0.00390015600624025
"672"	"erythrocyte"	"type.ii.pneumocyte"	0.00389863547758285
"494"	"tendon.cell"	"non.classical.monocyte"	0.00389105058365759
"88"	"mesenchymal.stem.cell"	"b.cell"	0.00387096774193548
"139"	"endothelial.cell.of.vascular.tree"	"bronchial.smooth.muscle.cell"	0.00382043935052531
"14"	"pericyte.cell"	"cd8.positive..alpha.beta.t.cell"	0.00380228136882129
"522"	"macrophage"	"plasma.cell"	0.00378787878787879
"492"	"smooth.muscle.cell"	"non.classical.monocyte"	0.00377714825306893
"571"	"capillary.endothelial.cell"	"respiratory.goblet.cell"	0.00376884422110553
"133"	"tendon.cell"	"basophil"	0.00376411543287327
"1"	"capillary.endothelial.cell"	"cd8.positive..alpha.beta.t.cell"	0.00376293508936971
"224"	"skeletal.muscle.satellite.stem.cell"	"classical.monocyte"	0.0037593984962406
"402"	"cd8.positive..alpha.beta.t.cell"	"mesothelial.cell"	0.00372670807453416
"335"	"mesenchymal.stem.cell"	"intermediate.monocyte"	0.00369458128078818
"523"	"mast.cell"	"plasma.cell"	0.00368550368550369
"711"	"fast.muscle.cell"	"vein.endothelial.cell"	0.00359389038634322
"4"	"endothelial.cell.of.artery"	"cd8.positive..alpha.beta.t.cell"	0.00359066427289048
"558"	"erythrocyte"	"pulmonary.ionocyte"	0.00358583594800538
"717"	"pericyte.cell"	"vein.endothelial.cell"	0.00354609929078014
"721"	"t.cell"	"vein.endothelial.cell"	0.00354191263282172
"60"	"cd8.positive..alpha.beta.t.cell"	"alveolar.fibroblast"	0.00349243306169965
"491"	"slow.muscle.cell"	"non.classical.monocyte"	0.00341296928327645
"96"	"capillary.endothelial.cell"	"basal.cell"	0.00330760749724366
"476"	"capillary.endothelial.cell"	"non.classical.monocyte"	0.00326441784548422
"463"	"erythrocyte"	"nk.cell"	0.00325732899022801
"6"	"endothelial.cell.of.vascular.tree"	"cd8.positive..alpha.beta.t.cell"	0.00323974082073434
"239"	"mature.nk.t.cell"	"club.cell"	0.00322841000807102
"170"	"t.cell"	"bronchial.vessel.endothelial.cell"	0.00321802091713596
"475"	"tendon.cell"	"nk.cell"	0.00321199143468951
"587"	"smooth.muscle.cell"	"respiratory.goblet.cell"	0.0032017075773746
"462"	"endothelial.cell.of.vascular.tree"	"nk.cell"	0.00319488817891374
"33"	"pericyte.cell"	"cd4.positive..alpha.beta.t.cell"	0.00317460317460317
"136"	"cd8.positive..alpha.beta.t.cell"	"bronchial.smooth.muscle.cell"	0.00316789862724393
"577"	"erythrocyte"	"respiratory.goblet.cell"	0.00316455696202532
"142"	"macrophage"	"bronchial.smooth.muscle.cell"	0.00316055625790139
"580"	"mast.cell"	"respiratory.goblet.cell"	0.00315457413249211
"702"	"t.cell"	"vascular.associated.smooth.muscle.cell"	0.00314465408805031
"23"	"endothelial.cell.of.artery"	"cd4.positive..alpha.beta.t.cell"	0.0031413612565445
"544"	"mesenchymal.stem.cell"	"plasmacytoid.dendritic.cell"	0.003125
"501"	"erythrocyte"	"pericyte.cell"	0.0031055900621118
"214"	"endothelial.cell.of.lymphatic.vessel"	"classical.monocyte"	0.00309917355371901
"479"	"endothelial.cell.of.artery"	"non.classical.monocyte"	0.00309278350515464
"325"	"cd4.positive..alpha.beta.t.cell"	"intermediate.monocyte"	0.00308641975308642
"720"	"smooth.muscle.cell"	"vein.endothelial.cell"	0.00306435137895812
"515"	"cd4.positive..alpha.beta.t.cell"	"plasma.cell"	0.00304878048780488
"380"	"tendon.cell"	"lung.microvascular.endothelial.cell"	0.00297176820208024
"174"	"cd8.positive..alpha.beta.t.cell"	"capillary.aerocyte"	0.00294985250737463
"478"	"cd8.positive..alpha.beta.t.cell"	"non.classical.monocyte"	0.00293685756240822
"722"	"tendon.cell"	"vein.endothelial.cell"	0.00289435600578871
"719"	"slow.muscle.cell"	"vein.endothelial.cell"	0.00288808664259928
"470"	"pericyte.cell"	"nk.cell"	0.00287026406429392
"35"	"slow.muscle.cell"	"cd4.positive..alpha.beta.t.cell"	0.00275671950379049
"369"	"fast.muscle.cell"	"lung.microvascular.endothelial.cell"	0.00273722627737226
"262"	"skeletal.muscle.satellite.stem.cell"	"dendritic.cell"	0.00267379679144385
"487"	"mesenchymal.stem.cell"	"non.classical.monocyte"	0.00265957446808511
"266"	"tendon.cell"	"dendritic.cell"	0.00264200792602378
"25"	"endothelial.cell.of.vascular.tree"	"cd4.positive..alpha.beta.t.cell"	0.00260756192959583
"456"	"tendon.cell"	"neutrophil"	0.00257234726688103
"481"	"endothelial.cell.of.vascular.tree"	"non.classical.monocyte"	0.00255754475703325
"581"	"mature.nk.t.cell"	"respiratory.goblet.cell"	0.00255754475703325
"268"	"cd4.positive..alpha.beta.t.cell"	"endothelial.cell.of.artery"	0.00255427841634738
"483"	"fast.muscle.cell"	"non.classical.monocyte"	0.00251046025104603
"629"	"cd4.positive..alpha.beta.t.cell"	"smooth.muscle.cell"	0.00245700245700246
"379"	"t.cell"	"lung.microvascular.endothelial.cell"	0.00240963855421687
"693"	"macrophage"	"vascular.associated.smooth.muscle.cell"	0.00240818783865141
"329"	"endothelial.cell.of.vascular.tree"	"intermediate.monocyte"	0.00237247924080664
"516"	"cd8.positive..alpha.beta.t.cell"	"plasma.cell"	0.0023696682464455
"26"	"erythrocyte"	"cd4.positive..alpha.beta.t.cell"	0.00235849056603774
"102"	"erythrocyte"	"basal.cell"	0.00234192037470726
"28"	"macrophage"	"cd4.positive..alpha.beta.t.cell"	0.00230414746543779
"13"	"mesothelial.cell"	"cd8.positive..alpha.beta.t.cell"	0.00224887556221889
"24"	"endothelial.cell.of.lymphatic.vessel"	"cd4.positive..alpha.beta.t.cell"	0.00217864923747277
"468"	"mesenchymal.stem.cell"	"nk.cell"	0.00216216216216216
"83"	"erythrocyte"	"b.cell"	0.00215982721382289
"521"	"fast.muscle.cell"	"plasma.cell"	0.00213675213675214
"349"	"erythrocyte"	"lung.ciliated.cell"	0.00211528291909043
"425"	"erythrocyte"	"myofibroblast.cell"	0.0020460358056266
"363"	"cd4.positive..alpha.beta.t.cell"	"lung.microvascular.endothelial.cell"	0.00204498977505112
"525"	"mesenchymal.stem.cell"	"plasma.cell"	0.00202839756592292
"713"	"mast.cell"	"vein.endothelial.cell"	0.00201207243460765
"193"	"cd8.positive..alpha.beta.t.cell"	"capillary.endothelial.cell"	0.00200601805416249
"687"	"cd8.positive..alpha.beta.t.cell"	"vascular.associated.smooth.muscle.cell"	0.00194931773879142
"400"	"capillary.endothelial.cell"	"mesothelial.cell"	0.00191387559808612
"417"	"t.cell"	"mesothelial.cell"	0.00189753320683112
"230"	"cd4.positive..alpha.beta.t.cell"	"club.cell"	0.0018796992481203
"164"	"mesenchymal.stem.cell"	"bronchial.vessel.endothelial.cell"	0.00187265917602996
"56"	"t.cell"	"adventitial.cell"	0.00182815356489945
"573"	"cd8.positive..alpha.beta.t.cell"	"respiratory.goblet.cell"	0.00178890876565295
"151"	"t.cell"	"bronchial.smooth.muscle.cell"	0.00167224080267559
"45"	"erythrocyte"	"adventitial.cell"	0.00165562913907285
"529"	"slow.muscle.cell"	"plasma.cell"	0.00165562913907285
"714"	"mature.nk.t.cell"	"vein.endothelial.cell"	0.00164473684210526
"64"	"erythrocyte"	"alveolar.fibroblast"	0.00161812297734628
"712"	"macrophage"	"vein.endothelial.cell"	0.00161681487469685
"273"	"erythrocyte"	"endothelial.cell.of.artery"	0.0015748031496063
"514"	"capillary.endothelial.cell"	"plasma.cell"	0.00151285930408472
"98"	"cd8.positive..alpha.beta.t.cell"	"basal.cell"	0.00149253731343284
"518"	"endothelial.cell.of.lymphatic.vessel"	"plasma.cell"	0.00148367952522255
"223"	"pericyte.cell"	"classical.monocyte"	0.00146627565982405
"337"	"pericyte.cell"	"intermediate.monocyte"	0.00141442715700141
"178"	"erythrocyte"	"capillary.aerocyte"	0.00128865979381443
"311"	"erythrocyte"	"fibroblast"	0.00128589798542649
"126"	"mesenchymal.stem.cell"	"basophil"	0.00128369704749679
"691"	"erythrocyte"	"vascular.associated.smooth.muscle.cell"	0.00127551020408163
"95"	"tendon.cell"	"b.cell"	0.00125470514429109
"530"	"smooth.muscle.cell"	"plasma.cell"	0.00124688279301746
"588"	"t.cell"	"respiratory.goblet.cell"	0.00123915737298637
"228"	"tendon.cell"	"classical.monocyte"	0.00123609394313968
"41"	"cd8.positive..alpha.beta.t.cell"	"adventitial.cell"	0.00118063754427391
"135"	"cd4.positive..alpha.beta.t.cell"	"bronchial.smooth.muscle.cell"	0.00116959064327485
"12"	"mesenchymal.stem.cell"	"cd8.positive..alpha.beta.t.cell"	0.00111358574610245
"20"	"capillary.endothelial.cell"	"cd4.positive..alpha.beta.t.cell"	0.0011037527593819
"372"	"mature.nk.t.cell"	"lung.microvascular.endothelial.cell"	0.000834028356964137
"370"	"macrophage"	"lung.microvascular.endothelial.cell"	0.000819672131147541
"104"	"macrophage"	"basal.cell"	0.000765110941086458
"68"	"mature.nk.t.cell"	"alveolar.fibroblast"	0.000677048070412999
"5"	"endothelial.cell.of.lymphatic.vessel"	"cd8.positive..alpha.beta.t.cell"	0
"17"	"smooth.muscle.cell"	"cd8.positive..alpha.beta.t.cell"	0
"19"	"tendon.cell"	"cd8.positive..alpha.beta.t.cell"	0
"31"	"mesenchymal.stem.cell"	"cd4.positive..alpha.beta.t.cell"	0
"36"	"smooth.muscle.cell"	"cd4.positive..alpha.beta.t.cell"	0
"38"	"tendon.cell"	"cd4.positive..alpha.beta.t.cell"	0
"40"	"cd4.positive..alpha.beta.t.cell"	"adventitial.cell"	0
"90"	"pericyte.cell"	"b.cell"	0
"109"	"pericyte.cell"	"basal.cell"	0
"197"	"erythrocyte"	"capillary.endothelial.cell"	0
"213"	"endothelial.cell.of.artery"	"classical.monocyte"	0
"254"	"erythrocyte"	"dendritic.cell"	0
"269"	"cd8.positive..alpha.beta.t.cell"	"endothelial.cell.of.artery"	0
"327"	"endothelial.cell.of.artery"	"intermediate.monocyte"	0
"342"	"tendon.cell"	"intermediate.monocyte"	0
"364"	"cd8.positive..alpha.beta.t.cell"	"lung.microvascular.endothelial.cell"	0
"368"	"erythrocyte"	"lung.microvascular.endothelial.cell"	0
"517"	"endothelial.cell.of.artery"	"plasma.cell"	0
"519"	"endothelial.cell.of.vascular.tree"	"plasma.cell"	0
"528"	"skeletal.muscle.satellite.stem.cell"	"plasma.cell"	0
"572"	"cd4.positive..alpha.beta.t.cell"	"respiratory.goblet.cell"	0
"596"	"erythrocyte"	"respiratory.mucous.cell"	0
"667"	"cd4.positive..alpha.beta.t.cell"	"type.ii.pneumocyte"	0
"706"	"cd8.positive..alpha.beta.t.cell"	"vein.endothelial.cell"	0
"710"	"erythrocyte"	"vein.endothelial.cell"	0
