"Spleen"	"Trachea"	"value"
"354"	"neutrophil"	"neutrophil"	0.485047410649161
"39"	"naive.b.cell"	"b.cell"	0.286245353159851
"380"	"plasma.cell"	"plasma.cell"	0.26647564469914
"276"	"macrophage"	"macrophage"	0.218836565096953
"38"	"memory.b.cell"	"b.cell"	0.19205298013245
"199"	"endothelial.cell"	"endothelial.cell"	0.178714130039956
"270"	"classical.monocyte"	"macrophage"	0.158273381294964
"347"	"intermediate.monocyte"	"neutrophil"	0.129148629148629
"151"	"endothelial.cell"	"connective.tissue.cell"	0.097941567065073
"95"	"regulatory.t.cell"	"cd4.positive..alpha.beta.t.cell"	0.0907216494845361
"115"	"nk.cell"	"cd8.positive..alpha.beta.t.cell"	0.0881578947368421
"120"	"type.i.nk.t.cell"	"cd8.positive..alpha.beta.t.cell"	0.0833333333333333
"269"	"cd141.positive.myeloid.dendritic.cell"	"macrophage"	0.0811764705882353
"381"	"plasmacytoid.dendritic.cell"	"plasma.cell"	0.0705128205128205
"172"	"cd8.positive..alpha.beta.t.cell"	"double.positive..alpha.beta.thymocyte"	0.0691797845898923
"247"	"endothelial.cell"	"ionocyte"	0.0681875792141952
"109"	"mature.nk.t.cell"	"cd8.positive..alpha.beta.t.cell"	0.067741935483871
"244"	"cd8.positive..alpha.beta.t.cell"	"ionocyte"	0.0608365019011407
"88"	"naive.thymus.derived.cd4.positive..alpha.beta.t.cell"	"cd4.positive..alpha.beta.t.cell"	0.0606936416184971
"127"	"endothelial.cell"	"ciliated.cell"	0.0599089989888777
"262"	"platelet"	"ionocyte"	0.0595783684692942
"113"	"naive.thymus.derived.cd8.positive..alpha.beta.t.cell"	"cd8.positive..alpha.beta.t.cell"	0.0562180579216354
"20"	"plasma.cell"	"goblet.cell"	0.0549084858569052
"74"	"cd4.positive..alpha.beta.memory.t.cell"	"cd4.positive..alpha.beta.t.cell"	0.0532915360501567
"214"	"platelet"	"endothelial.cell"	0.0522105263157895
"275"	"intermediate.monocyte"	"macrophage"	0.0485689505637468
"454"	"platelet"	"smooth.muscle.cell"	0.0460558549730524
"76"	"cd8.positive..alpha.beta.t.cell"	"cd4.positive..alpha.beta.t.cell"	0.0454201362604088
"475"	"nk.cell"	"t.cell"	0.0451745379876797
"119"	"regulatory.t.cell"	"cd8.positive..alpha.beta.t.cell"	0.0449101796407186
"29"	"cd141.positive.myeloid.dendritic.cell"	"b.cell"	0.0439393939393939
"342"	"classical.monocyte"	"neutrophil"	0.0425867507886435
"480"	"type.i.nk.t.cell"	"t.cell"	0.0422960725075529
"57"	"hematopoietic.stem.cell"	"basal.cell"	0.042022792022792
"142"	"platelet"	"ciliated.cell"	0.0420193470374849
"310"	"platelet"	"mast.cell"	0.0419790104947526
"439"	"endothelial.cell"	"smooth.muscle.cell"	0.0419529837251356
"358"	"platelet"	"neutrophil"	0.0413676656817222
"249"	"hematopoietic.stem.cell"	"ionocyte"	0.0411807580174927
"21"	"plasmacytoid.dendritic.cell"	"goblet.cell"	0.0405268490374873
"223"	"endothelial.cell"	"fibroblast"	0.0402124430955994
"298"	"innate.lymphoid.cell"	"mast.cell"	0.04
"190"	"platelet"	"double.positive..alpha.beta.thymocyte"	0.0386894388288602
"166"	"platelet"	"connective.tissue.cell"	0.0385239253852393
"187"	"nk.cell"	"double.positive..alpha.beta.thymocyte"	0.0356744704570792
"156"	"macrophage"	"connective.tissue.cell"	0.0338785046728972
"153"	"hematopoietic.stem.cell"	"connective.tissue.cell"	0.0333863275039746
"348"	"macrophage"	"neutrophil"	0.0332922318125771
"458"	"cd4.positive..alpha.beta.memory.t.cell"	"t.cell"	0.0331491712707182
"469"	"mature.nk.t.cell"	"t.cell"	0.033033033033033
"297"	"hematopoietic.stem.cell"	"mast.cell"	0.0322128851540616
"307"	"nk.cell"	"mast.cell"	0.0321543408360129
"300"	"macrophage"	"mast.cell"	0.0318979266347687
"261"	"plasmacytoid.dendritic.cell"	"ionocyte"	0.0314589068029886
"204"	"macrophage"	"endothelial.cell"	0.0314009661835749
"175"	"endothelial.cell"	"double.positive..alpha.beta.thymocyte"	0.0312759479656795
"252"	"macrophage"	"ionocyte"	0.0308047747400847
"98"	"cd4.positive..alpha.beta.memory.t.cell"	"cd8.positive..alpha.beta.t.cell"	0.0306122448979592
"189"	"plasmacytoid.dendritic.cell"	"double.positive..alpha.beta.thymocyte"	0.0304054054054054
"178"	"innate.lymphoid.cell"	"double.positive..alpha.beta.thymocyte"	0.0303183425972713
"282"	"neutrophil"	"macrophage"	0.0300429184549356
"202"	"innate.lymphoid.cell"	"endothelial.cell"	0.0297422339722406
"177"	"hematopoietic.stem.cell"	"double.positive..alpha.beta.thymocyte"	0.028658271819366
"106"	"innate.lymphoid.cell"	"cd8.positive..alpha.beta.t.cell"	0.0285714285714286
"192"	"type.i.nk.t.cell"	"double.positive..alpha.beta.thymocyte"	0.0285367334547662
"472"	"naive.thymus.derived.cd4.positive..alpha.beta.t.cell"	"t.cell"	0.0283018867924528
"295"	"endothelial.cell"	"mast.cell"	0.0279593318809005
"154"	"innate.lymphoid.cell"	"connective.tissue.cell"	0.0279187817258883
"129"	"hematopoietic.stem.cell"	"ciliated.cell"	0.0279086625588982
"250"	"innate.lymphoid.cell"	"ionocyte"	0.0276535176901179
"191"	"regulatory.t.cell"	"double.positive..alpha.beta.thymocyte"	0.0273321449792038
"473"	"naive.thymus.derived.cd8.positive..alpha.beta.t.cell"	"t.cell"	0.0272108843537415
"130"	"innate.lymphoid.cell"	"ciliated.cell"	0.0270491803278689
"273"	"hematopoietic.stem.cell"	"macrophage"	0.026694045174538
"306"	"neutrophil"	"mast.cell"	0.026691495965239
"286"	"platelet"	"macrophage"	0.0262518230432669
"248"	"erythrocyte"	"ionocyte"	0.0261096605744125
"100"	"cd8.positive..alpha.beta.t.cell"	"cd8.positive..alpha.beta.t.cell"	0.0258107213765718
"124"	"cd8.positive..alpha.beta.t.cell"	"ciliated.cell"	0.0255720053835801
"99"	"cd8.positive..alpha.beta.memory.t.cell"	"cd8.positive..alpha.beta.t.cell"	0.0253164556962025
"293"	"cd141.positive.myeloid.dendritic.cell"	"mast.cell"	0.0252583237657865
"299"	"intermediate.monocyte"	"mast.cell"	0.0251299826689775
"375"	"naive.b.cell"	"plasma.cell"	0.0250521920668058
"181"	"mature.nk.t.cell"	"double.positive..alpha.beta.thymocyte"	0.024818401937046
"228"	"macrophage"	"fibroblast"	0.0246598639455782
"417"	"hematopoietic.stem.cell"	"serous.cell.of.epithelium.of.trachea"	0.0245310245310245
"444"	"macrophage"	"smooth.muscle.cell"	0.024390243902439
"241"	"cd1c.positive.myeloid.dendritic.cell"	"ionocyte"	0.0242504409171076
"415"	"endothelial.cell"	"serous.cell.of.epithelium.of.trachea"	0.0239675516224189
"55"	"endothelial.cell"	"basal.cell"	0.0235934664246824
"91"	"nk.cell"	"cd4.positive..alpha.beta.t.cell"	0.0233281493001555
"49"	"cd1c.positive.myeloid.dendritic.cell"	"basal.cell"	0.0231277533039648
"436"	"cd8.positive..alpha.beta.t.cell"	"smooth.muscle.cell"	0.0223792697290931
"296"	"erythrocyte"	"mast.cell"	0.0220125786163522
"52"	"cd8.positive..alpha.beta.t.cell"	"basal.cell"	0.0219646125686394
"70"	"platelet"	"basal.cell"	0.0216748768472906
"179"	"intermediate.monocyte"	"double.positive..alpha.beta.thymocyte"	0.0216322517207473
"222"	"classical.monocyte"	"fibroblast"	0.021608643457383
"236"	"plasma.cell"	"fibroblast"	0.0215633423180593
"479"	"regulatory.t.cell"	"t.cell"	0.021505376344086
"238"	"platelet"	"fibroblast"	0.0214943705220061
"186"	"neutrophil"	"double.positive..alpha.beta.thymocyte"	0.0200080032012805
"258"	"neutrophil"	"ionocyte"	0.0198119543317663
"319"	"endothelial.cell"	"mucus.secreting.cell"	0.0197292069632495
"45"	"plasmacytoid.dendritic.cell"	"b.cell"	0.0196850393700787
"433"	"cd1c.positive.myeloid.dendritic.cell"	"smooth.muscle.cell"	0.01956745623069
"9"	"hematopoietic.stem.cell"	"goblet.cell"	0.0194017784963622
"203"	"intermediate.monocyte"	"endothelial.cell"	0.01914486279515
"312"	"type.i.nk.t.cell"	"mast.cell"	0.0191326530612245
"321"	"hematopoietic.stem.cell"	"mucus.secreting.cell"	0.0191235059760956
"265"	"cd1c.positive.myeloid.dendritic.cell"	"macrophage"	0.0189873417721519
"210"	"neutrophil"	"endothelial.cell"	0.0187192118226601
"374"	"memory.b.cell"	"plasma.cell"	0.018018018018018
"25"	"cd1c.positive.myeloid.dendritic.cell"	"b.cell"	0.0179806362378976
"185"	"naive.thymus.derived.cd8.positive..alpha.beta.t.cell"	"double.positive..alpha.beta.thymocyte"	0.0178791615289766
"301"	"mature.nk.t.cell"	"mast.cell"	0.0178571428571429
"418"	"innate.lymphoid.cell"	"serous.cell.of.epithelium.of.trachea"	0.0177404295051354
"237"	"plasmacytoid.dendritic.cell"	"fibroblast"	0.017683465959328
"200"	"erythrocyte"	"endothelial.cell"	0.0175824175824176
"251"	"intermediate.monocyte"	"ionocyte"	0.0174464710547185
"128"	"erythrocyte"	"ciliated.cell"	0.0174140182847192
"176"	"erythrocyte"	"double.positive..alpha.beta.thymocyte"	0.0174102285092492
"441"	"hematopoietic.stem.cell"	"smooth.muscle.cell"	0.0173564753004005
"294"	"classical.monocyte"	"mast.cell"	0.0173160173160173
"155"	"intermediate.monocyte"	"connective.tissue.cell"	0.0171673819742489
"292"	"cd8.positive..alpha.beta.t.cell"	"mast.cell"	0.0168878166465621
"150"	"classical.monocyte"	"connective.tissue.cell"	0.0165111270638909
"259"	"nk.cell"	"ionocyte"	0.0164644714038128
"323"	"intermediate.monocyte"	"mucus.secreting.cell"	0.0164609053497942
"132"	"macrophage"	"ciliated.cell"	0.0164561806352851
"246"	"classical.monocyte"	"ionocyte"	0.0161854768153981
"138"	"neutrophil"	"ciliated.cell"	0.0161725067385445
"53"	"cd141.positive.myeloid.dendritic.cell"	"basal.cell"	0.0161290322580645
"409"	"cd1c.positive.myeloid.dendritic.cell"	"serous.cell.of.epithelium.of.trachea"	0.0160550458715596
"430"	"platelet"	"serous.cell.of.epithelium.of.trachea"	0.016008004002001
"165"	"plasmacytoid.dendritic.cell"	"connective.tissue.cell"	0.0159857904085258
"89"	"naive.thymus.derived.cd8.positive..alpha.beta.t.cell"	"cd4.positive..alpha.beta.t.cell"	0.0157657657657658
"82"	"innate.lymphoid.cell"	"cd4.positive..alpha.beta.t.cell"	0.0157384987893462
"460"	"cd8.positive..alpha.beta.t.cell"	"t.cell"	0.0156636438582028
"141"	"plasmacytoid.dendritic.cell"	"ciliated.cell"	0.0156128024980484
"7"	"endothelial.cell"	"goblet.cell"	0.0155159038013964
"1"	"cd1c.positive.myeloid.dendritic.cell"	"goblet.cell"	0.0153631284916201
"131"	"intermediate.monocyte"	"ciliated.cell"	0.0151575588352613
"60"	"macrophage"	"basal.cell"	0.0150316455696203
"453"	"plasmacytoid.dendritic.cell"	"smooth.muscle.cell"	0.014948859166011
"5"	"cd141.positive.myeloid.dendritic.cell"	"goblet.cell"	0.0149253731343284
"271"	"endothelial.cell"	"macrophage"	0.0149200710479574
"440"	"erythrocyte"	"smooth.muscle.cell"	0.0148514851485149
"197"	"cd141.positive.myeloid.dendritic.cell"	"endothelial.cell"	0.0147515527950311
"59"	"intermediate.monocyte"	"basal.cell"	0.0147186147186147
"429"	"plasmacytoid.dendritic.cell"	"serous.cell.of.epithelium.of.trachea"	0.0145423438836612
"438"	"classical.monocyte"	"smooth.muscle.cell"	0.014344262295082
"148"	"cd8.positive..alpha.beta.t.cell"	"connective.tissue.cell"	0.0140712945590994
"118"	"platelet"	"cd8.positive..alpha.beta.t.cell"	0.014047866805411
"201"	"hematopoietic.stem.cell"	"endothelial.cell"	0.0139634801288937
"36"	"macrophage"	"b.cell"	0.013953488372093
"334"	"platelet"	"mucus.secreting.cell"	0.0139484978540773
"245"	"cd141.positive.myeloid.dendritic.cell"	"ionocyte"	0.0138084632516704
"442"	"innate.lymphoid.cell"	"smooth.muscle.cell"	0.0135823429541596
"355"	"nk.cell"	"neutrophil"	0.0135644310474755
"341"	"cd141.positive.myeloid.dendritic.cell"	"neutrophil"	0.0135135135135135
"152"	"erythrocyte"	"connective.tissue.cell"	0.013268156424581
"361"	"cd1c.positive.myeloid.dendritic.cell"	"plasma.cell"	0.0132575757575758
"263"	"regulatory.t.cell"	"ionocyte"	0.013254113345521
"112"	"naive.thymus.derived.cd4.positive..alpha.beta.t.cell"	"cd8.positive..alpha.beta.t.cell"	0.0132325141776938
"225"	"hematopoietic.stem.cell"	"fibroblast"	0.0131675201170446
"420"	"macrophage"	"serous.cell.of.epithelium.of.trachea"	0.0130718954248366
"343"	"endothelial.cell"	"neutrophil"	0.0129255989911728
"437"	"cd141.positive.myeloid.dendritic.cell"	"smooth.muscle.cell"	0.0128893662728249
"42"	"neutrophil"	"b.cell"	0.0125698324022346
"11"	"intermediate.monocyte"	"goblet.cell"	0.0125260960334029
"211"	"nk.cell"	"endothelial.cell"	0.0125
"393"	"hematopoietic.stem.cell"	"secretory.cell"	0.0125
"226"	"innate.lymphoid.cell"	"fibroblast"	0.0124760076775432
"162"	"neutrophil"	"connective.tissue.cell"	0.0123574144486692
"69"	"plasmacytoid.dendritic.cell"	"basal.cell"	0.0123558484349259
"311"	"regulatory.t.cell"	"mast.cell"	0.0121359223300971
"416"	"erythrocyte"	"serous.cell.of.epithelium.of.trachea"	0.0120879120879121
"459"	"cd8.positive..alpha.beta.memory.t.cell"	"t.cell"	0.0120481927710843
"43"	"nk.cell"	"b.cell"	0.012
"285"	"plasmacytoid.dendritic.cell"	"macrophage"	0.0119904076738609
"198"	"classical.monocyte"	"endothelial.cell"	0.0119581464872945
"289"	"cd1c.positive.myeloid.dendritic.cell"	"mast.cell"	0.0118406889128095
"32"	"erythrocyte"	"b.cell"	0.0118110236220472
"322"	"innate.lymphoid.cell"	"mucus.secreting.cell"	0.011727078891258
"180"	"macrophage"	"double.positive..alpha.beta.thymocyte"	0.0115526802218115
"56"	"erythrocyte"	"basal.cell"	0.0115424973767051
"145"	"cd1c.positive.myeloid.dendritic.cell"	"connective.tissue.cell"	0.0114285714285714
"46"	"platelet"	"b.cell"	0.0112903225806452
"303"	"naive.b.cell"	"mast.cell"	0.0112866817155756
"149"	"cd141.positive.myeloid.dendritic.cell"	"connective.tissue.cell"	0.0110782865583456
"313"	"cd1c.positive.myeloid.dendritic.cell"	"mucus.secreting.cell"	0.0108548168249661
"40"	"naive.thymus.derived.cd4.positive..alpha.beta.t.cell"	"b.cell"	0.0107991360691145
"419"	"intermediate.monocyte"	"serous.cell.of.epithelium.of.trachea"	0.0107430617726052
"58"	"innate.lymphoid.cell"	"basal.cell"	0.0107047279214987
"80"	"erythrocyte"	"cd4.positive..alpha.beta.t.cell"	0.0105580693815988
"330"	"neutrophil"	"mucus.secreting.cell"	0.010387811634349
"81"	"hematopoietic.stem.cell"	"cd4.positive..alpha.beta.t.cell"	0.010371650821089
"234"	"neutrophil"	"fibroblast"	0.0103292446739832
"12"	"macrophage"	"goblet.cell"	0.0102803738317757
"87"	"naive.b.cell"	"cd4.positive..alpha.beta.t.cell"	0.0102564102564103
"384"	"type.i.nk.t.cell"	"plasma.cell"	0.0102564102564103
"283"	"nk.cell"	"macrophage"	0.0102145045965271
"428"	"plasma.cell"	"serous.cell.of.epithelium.of.trachea"	0.0101910828025478
"227"	"intermediate.monocyte"	"fibroblast"	0.0101569713758079
"450"	"neutrophil"	"smooth.muscle.cell"	0.010077059869591
"221"	"cd141.positive.myeloid.dendritic.cell"	"fibroblast"	0.0100502512562814
"325"	"mature.nk.t.cell"	"mucus.secreting.cell"	0.0100502512562814
"139"	"nk.cell"	"ciliated.cell"	0.00999131190269331
"169"	"cd1c.positive.myeloid.dendritic.cell"	"double.positive..alpha.beta.thymocyte"	0.00990643918547056
"174"	"classical.monocyte"	"double.positive..alpha.beta.thymocyte"	0.00990643918547056
"279"	"naive.b.cell"	"macrophage"	0.00985761226725082
"340"	"cd8.positive..alpha.beta.t.cell"	"neutrophil"	0.009765625
"255"	"naive.b.cell"	"ionocyte"	0.00974745237040319
"413"	"cd141.positive.myeloid.dendritic.cell"	"serous.cell.of.epithelium.of.trachea"	0.00962695547533093
"47"	"regulatory.t.cell"	"b.cell"	0.00961538461538462
"388"	"cd8.positive..alpha.beta.t.cell"	"secretory.cell"	0.00957701516360734
"209"	"naive.thymus.derived.cd8.positive..alpha.beta.t.cell"	"endothelial.cell"	0.0094909404659189
"217"	"cd1c.positive.myeloid.dendritic.cell"	"fibroblast"	0.00948991696322657
"135"	"naive.b.cell"	"ciliated.cell"	0.00938757264193116
"144"	"type.i.nk.t.cell"	"ciliated.cell"	0.00934142923867352
"8"	"erythrocyte"	"goblet.cell"	0.00927152317880795
"230"	"memory.b.cell"	"fibroblast"	0.00924499229583975
"121"	"cd1c.positive.myeloid.dendritic.cell"	"ciliated.cell"	0.00920648838228847
"331"	"nk.cell"	"mucus.secreting.cell"	0.00919842312746386
"117"	"plasmacytoid.dendritic.cell"	"cd8.positive..alpha.beta.t.cell"	0.00914076782449726
"455"	"regulatory.t.cell"	"smooth.muscle.cell"	0.0091324200913242
"196"	"cd8.positive..alpha.beta.t.cell"	"endothelial.cell"	0.00913022585295531
"414"	"classical.monocyte"	"serous.cell.of.epithelium.of.trachea"	0.00911161731207289
"392"	"erythrocyte"	"secretory.cell"	0.00910746812386157
"320"	"erythrocyte"	"mucus.secreting.cell"	0.00905562742561449
"452"	"plasma.cell"	"smooth.muscle.cell"	0.00899887514060742
"329"	"naive.thymus.derived.cd8.positive..alpha.beta.t.cell"	"mucus.secreting.cell"	0.00899280575539568
"451"	"nk.cell"	"smooth.muscle.cell"	0.00896414342629482
"344"	"erythrocyte"	"neutrophil"	0.00892193308550186
"33"	"hematopoietic.stem.cell"	"b.cell"	0.00873709293089754
"188"	"plasma.cell"	"double.positive..alpha.beta.thymocyte"	0.00868558193398958
"93"	"plasmacytoid.dendritic.cell"	"cd4.positive..alpha.beta.t.cell"	0.00862998921251348
"22"	"platelet"	"goblet.cell"	0.00862068965517241
"389"	"cd141.positive.myeloid.dendritic.cell"	"secretory.cell"	0.00854700854700855
"447"	"naive.b.cell"	"smooth.muscle.cell"	0.00852878464818763
"207"	"naive.b.cell"	"endothelial.cell"	0.00846805234795997
"183"	"naive.b.cell"	"double.positive..alpha.beta.thymocyte"	0.00844594594594595
"6"	"classical.monocyte"	"goblet.cell"	0.00832177531206657
"220"	"cd8.positive..alpha.beta.t.cell"	"fibroblast"	0.00820707070707071
"426"	"neutrophil"	"serous.cell.of.epithelium.of.trachea"	0.00819155639571519
"193"	"cd1c.positive.myeloid.dendritic.cell"	"endothelial.cell"	0.00819061801935964
"96"	"type.i.nk.t.cell"	"cd4.positive..alpha.beta.t.cell"	0.00816326530612245
"309"	"plasmacytoid.dendritic.cell"	"mast.cell"	0.00813008130081301
"421"	"mature.nk.t.cell"	"serous.cell.of.epithelium.of.trachea"	0.00813008130081301
"125"	"cd141.positive.myeloid.dendritic.cell"	"ciliated.cell"	0.00804649083594099
"412"	"cd8.positive..alpha.beta.t.cell"	"serous.cell.of.epithelium.of.trachea"	0.0080296479308215
"63"	"naive.b.cell"	"basal.cell"	0.00797266514806378
"224"	"erythrocyte"	"fibroblast"	0.00796359499431172
"395"	"intermediate.monocyte"	"secretory.cell"	0.00793650793650794
"346"	"innate.lymphoid.cell"	"neutrophil"	0.00792602377807133
"44"	"plasma.cell"	"b.cell"	0.00783699059561128
"143"	"regulatory.t.cell"	"ciliated.cell"	0.007801743919229
"427"	"nk.cell"	"serous.cell.of.epithelium.of.trachea"	0.00776053215077605
"274"	"innate.lymphoid.cell"	"macrophage"	0.00775193798449612
"333"	"plasmacytoid.dendritic.cell"	"mucus.secreting.cell"	0.0077145612343298
"163"	"nk.cell"	"connective.tissue.cell"	0.007703081232493
"61"	"mature.nk.t.cell"	"basal.cell"	0.00768245838668374
"64"	"naive.thymus.derived.cd4.positive..alpha.beta.t.cell"	"basal.cell"	0.00762195121951219
"17"	"naive.thymus.derived.cd8.positive..alpha.beta.t.cell"	"goblet.cell"	0.00742115027829314
"15"	"naive.b.cell"	"goblet.cell"	0.00737463126843658
"161"	"naive.thymus.derived.cd8.positive..alpha.beta.t.cell"	"connective.tissue.cell"	0.00735895339329518
"443"	"intermediate.monocyte"	"smooth.muscle.cell"	0.00735294117647059
"71"	"regulatory.t.cell"	"basal.cell"	0.00734394124847001
"159"	"naive.b.cell"	"connective.tissue.cell"	0.00734214390602056
"213"	"plasmacytoid.dendritic.cell"	"endothelial.cell"	0.00730816077953715
"466"	"innate.lymphoid.cell"	"t.cell"	0.0072992700729927
"317"	"cd141.positive.myeloid.dendritic.cell"	"mucus.secreting.cell"	0.00721500721500722
"104"	"erythrocyte"	"cd8.positive..alpha.beta.t.cell"	0.00720288115246098
"382"	"platelet"	"plasma.cell"	0.00719424460431655
"423"	"naive.b.cell"	"serous.cell.of.epithelium.of.trachea"	0.00717703349282297
"157"	"mature.nk.t.cell"	"connective.tissue.cell"	0.00711462450592885
"229"	"mature.nk.t.cell"	"fibroblast"	0.00710227272727273
"184"	"naive.thymus.derived.cd4.positive..alpha.beta.t.cell"	"double.positive..alpha.beta.thymocyte"	0.0070694087403599
"345"	"hematopoietic.stem.cell"	"neutrophil"	0.00705371676614216
"383"	"regulatory.t.cell"	"plasma.cell"	0.00704225352112676
"287"	"regulatory.t.cell"	"macrophage"	0.00702576112412178
"126"	"classical.monocyte"	"ciliated.cell"	0.00699912510936133
"18"	"neutrophil"	"goblet.cell"	0.00698812019566737
"253"	"mature.nk.t.cell"	"ionocyte"	0.00692520775623269
"13"	"mature.nk.t.cell"	"goblet.cell"	0.00688468158347676
"62"	"memory.b.cell"	"basal.cell"	0.00686813186813187
"357"	"plasmacytoid.dendritic.cell"	"neutrophil"	0.00682805710738672
"370"	"innate.lymphoid.cell"	"plasma.cell"	0.00681198910081744
"94"	"platelet"	"cd4.positive..alpha.beta.t.cell"	0.00678733031674208
"302"	"memory.b.cell"	"mast.cell"	0.006765899864682
"318"	"classical.monocyte"	"mucus.secreting.cell"	0.00675675675675676
"205"	"mature.nk.t.cell"	"endothelial.cell"	0.00664451827242525
"16"	"naive.thymus.derived.cd4.positive..alpha.beta.t.cell"	"goblet.cell"	0.00657894736842105
"170"	"cd4.positive..alpha.beta.memory.t.cell"	"double.positive..alpha.beta.thymocyte"	0.00655307994757536
"278"	"memory.b.cell"	"macrophage"	0.0065359477124183
"54"	"classical.monocyte"	"basal.cell"	0.00650054171180932
"291"	"cd8.positive..alpha.beta.memory.t.cell"	"mast.cell"	0.00647249190938511
"324"	"macrophage"	"mucus.secreting.cell"	0.00641025641025641
"477"	"plasmacytoid.dendritic.cell"	"t.cell"	0.00640204865556978
"75"	"cd8.positive..alpha.beta.memory.t.cell"	"cd4.positive..alpha.beta.t.cell"	0.00634920634920635
"67"	"nk.cell"	"basal.cell"	0.00634249471458774
"73"	"cd1c.positive.myeloid.dendritic.cell"	"cd4.positive..alpha.beta.t.cell"	0.0063391442155309
"260"	"plasma.cell"	"ionocyte"	0.00631768953068592
"335"	"regulatory.t.cell"	"mucus.secreting.cell"	0.0062992125984252
"102"	"classical.monocyte"	"cd8.positive..alpha.beta.t.cell"	0.00625782227784731
"173"	"cd141.positive.myeloid.dendritic.cell"	"double.positive..alpha.beta.thymocyte"	0.00619020821609454
"365"	"cd141.positive.myeloid.dendritic.cell"	"plasma.cell"	0.00618556701030928
"137"	"naive.thymus.derived.cd8.positive..alpha.beta.t.cell"	"ciliated.cell"	0.00617577197149644
"167"	"regulatory.t.cell"	"connective.tissue.cell"	0.00614439324116743
"28"	"cd8.positive..alpha.beta.t.cell"	"b.cell"	0.00610997963340122
"272"	"erythrocyte"	"macrophage"	0.00603015075376884
"401"	"naive.thymus.derived.cd8.positive..alpha.beta.t.cell"	"secretory.cell"	0.00600600600600601
"171"	"cd8.positive..alpha.beta.memory.t.cell"	"double.positive..alpha.beta.thymocyte"	0.00596816976127321
"114"	"neutrophil"	"cd8.positive..alpha.beta.t.cell"	0.00596421471172962
"136"	"naive.thymus.derived.cd4.positive..alpha.beta.t.cell"	"ciliated.cell"	0.00593471810089021
"268"	"cd8.positive..alpha.beta.t.cell"	"macrophage"	0.00587544065804935
"256"	"naive.thymus.derived.cd4.positive..alpha.beta.t.cell"	"ionocyte"	0.00587371512481645
"391"	"endothelial.cell"	"secretory.cell"	0.00584307178631052
"385"	"cd1c.positive.myeloid.dendritic.cell"	"secretory.cell"	0.00581395348837209
"390"	"classical.monocyte"	"secretory.cell"	0.00581395348837209
"107"	"intermediate.monocyte"	"cd8.positive..alpha.beta.t.cell"	0.00576368876080692
"254"	"memory.b.cell"	"ionocyte"	0.00567375886524823
"133"	"mature.nk.t.cell"	"ciliated.cell"	0.00558659217877095
"478"	"platelet"	"t.cell"	0.00554870530209618
"168"	"type.i.nk.t.cell"	"connective.tissue.cell"	0.0055205047318612
"364"	"cd8.positive..alpha.beta.t.cell"	"plasma.cell"	0.00549450549450549
"30"	"classical.monocyte"	"b.cell"	0.00546448087431694
"41"	"naive.thymus.derived.cd8.positive..alpha.beta.t.cell"	"b.cell"	0.00546448087431694
"4"	"cd8.positive..alpha.beta.t.cell"	"goblet.cell"	0.00546075085324232
"65"	"naive.thymus.derived.cd8.positive..alpha.beta.t.cell"	"basal.cell"	0.00539811066126856
"34"	"innate.lymphoid.cell"	"b.cell"	0.0053475935828877
"305"	"naive.thymus.derived.cd8.positive..alpha.beta.t.cell"	"mast.cell"	0.00531914893617021
"101"	"cd141.positive.myeloid.dendritic.cell"	"cd8.positive..alpha.beta.t.cell"	0.00531208499335989
"134"	"memory.b.cell"	"ciliated.cell"	0.00525059665871122
"431"	"regulatory.t.cell"	"serous.cell.of.epithelium.of.trachea"	0.00515463917525773
"281"	"naive.thymus.derived.cd8.positive..alpha.beta.t.cell"	"macrophage"	0.0051413881748072
"35"	"intermediate.monocyte"	"b.cell"	0.00513347022587269
"77"	"cd141.positive.myeloid.dendritic.cell"	"cd4.positive..alpha.beta.t.cell"	0.00512820512820513
"72"	"type.i.nk.t.cell"	"basal.cell"	0.00510204081632653
"48"	"type.i.nk.t.cell"	"b.cell"	0.00506756756756757
"140"	"plasma.cell"	"ciliated.cell"	0.00500454959053685
"97"	"cd1c.positive.myeloid.dendritic.cell"	"cd8.positive..alpha.beta.t.cell"	0.005
"336"	"type.i.nk.t.cell"	"mucus.secreting.cell"	0.00499168053244592
"359"	"regulatory.t.cell"	"neutrophil"	0.00495867768595041
"66"	"neutrophil"	"basal.cell"	0.00489296636085627
"277"	"mature.nk.t.cell"	"macrophage"	0.0048780487804878
"407"	"regulatory.t.cell"	"secretory.cell"	0.0048661800486618
"215"	"regulatory.t.cell"	"endothelial.cell"	0.00483091787439614
"68"	"plasma.cell"	"basal.cell"	0.00480769230769231
"308"	"plasma.cell"	"mast.cell"	0.00474495848161329
"445"	"mature.nk.t.cell"	"smooth.muscle.cell"	0.004739336492891
"316"	"cd8.positive..alpha.beta.t.cell"	"mucus.secreting.cell"	0.00471698113207547
"351"	"naive.b.cell"	"neutrophil"	0.00471698113207547
"290"	"cd4.positive..alpha.beta.memory.t.cell"	"mast.cell"	0.00470219435736677
"369"	"hematopoietic.stem.cell"	"plasma.cell"	0.00469924812030075
"363"	"cd8.positive..alpha.beta.memory.t.cell"	"plasma.cell"	0.00462962962962963
"264"	"type.i.nk.t.cell"	"ionocyte"	0.00460405156537753
"235"	"nk.cell"	"fibroblast"	0.00459770114942529
"83"	"intermediate.monocyte"	"cd4.positive..alpha.beta.t.cell"	0.0045766590389016
"164"	"plasma.cell"	"connective.tissue.cell"	0.00455580865603645
"372"	"macrophage"	"plasma.cell"	0.00451977401129944
"105"	"hematopoietic.stem.cell"	"cd8.positive..alpha.beta.t.cell"	0.0045045045045045
"103"	"endothelial.cell"	"cd8.positive..alpha.beta.t.cell"	0.00447260529258293
"108"	"macrophage"	"cd8.positive..alpha.beta.t.cell"	0.00433651344319167
"425"	"naive.thymus.derived.cd8.positive..alpha.beta.t.cell"	"serous.cell.of.epithelium.of.trachea"	0.00429184549356223
"362"	"cd4.positive..alpha.beta.memory.t.cell"	"plasma.cell"	0.00425531914893617
"85"	"mature.nk.t.cell"	"cd4.positive..alpha.beta.t.cell"	0.00407331975560081
"432"	"type.i.nk.t.cell"	"serous.cell.of.epithelium.of.trachea"	0.00404312668463612
"31"	"endothelial.cell"	"b.cell"	0.00382116927779901
"337"	"cd1c.positive.myeloid.dendritic.cell"	"neutrophil"	0.00379650721336371
"446"	"memory.b.cell"	"smooth.muscle.cell"	0.00379266750948167
"14"	"memory.b.cell"	"goblet.cell"	0.00378071833648393
"231"	"naive.b.cell"	"fibroblast"	0.00373134328358209
"405"	"plasmacytoid.dendritic.cell"	"secretory.cell"	0.00367647058823529
"288"	"type.i.nk.t.cell"	"macrophage"	0.00364963503649635
"406"	"platelet"	"secretory.cell"	0.00361881785283474
"353"	"naive.thymus.derived.cd8.positive..alpha.beta.t.cell"	"neutrophil"	0.00352733686067019
"122"	"cd4.positive..alpha.beta.memory.t.cell"	"ciliated.cell"	0.00350701402805611
"232"	"naive.thymus.derived.cd4.positive..alpha.beta.t.cell"	"fibroblast"	0.00344234079173838
"24"	"type.i.nk.t.cell"	"goblet.cell"	0.00342465753424658
"37"	"mature.nk.t.cell"	"b.cell"	0.00337837837837838
"216"	"type.i.nk.t.cell"	"endothelial.cell"	0.0033085194375517
"158"	"memory.b.cell"	"connective.tissue.cell"	0.00328947368421053
"257"	"naive.thymus.derived.cd8.positive..alpha.beta.t.cell"	"ionocyte"	0.00328330206378987
"402"	"neutrophil"	"secretory.cell"	0.0032546786004882
"424"	"naive.thymus.derived.cd4.positive..alpha.beta.t.cell"	"serous.cell.of.epithelium.of.trachea"	0.00324675324675325
"50"	"cd4.positive..alpha.beta.memory.t.cell"	"basal.cell"	0.00318471337579618
"332"	"plasma.cell"	"mucus.secreting.cell"	0.00307692307692308
"304"	"naive.thymus.derived.cd4.positive..alpha.beta.t.cell"	"mast.cell"	0.00298507462686567
"240"	"type.i.nk.t.cell"	"fibroblast"	0.00282485875706215
"116"	"plasma.cell"	"cd8.positive..alpha.beta.t.cell"	0.00282087447108604
"79"	"endothelial.cell"	"cd4.positive..alpha.beta.t.cell"	0.00277888050813815
"239"	"regulatory.t.cell"	"fibroblast"	0.00269179004037685
"19"	"nk.cell"	"goblet.cell"	0.00267379679144385
"373"	"mature.nk.t.cell"	"plasma.cell"	0.00255102040816327
"349"	"mature.nk.t.cell"	"neutrophil"	0.00254885301614274
"449"	"naive.thymus.derived.cd8.positive..alpha.beta.t.cell"	"smooth.muscle.cell"	0.00248756218905473
"242"	"cd4.positive..alpha.beta.memory.t.cell"	"ionocyte"	0.00247647350173353
"182"	"memory.b.cell"	"double.positive..alpha.beta.thymocyte"	0.00244648318042813
"212"	"plasma.cell"	"endothelial.cell"	0.00238473767885533
"2"	"cd4.positive..alpha.beta.memory.t.cell"	"goblet.cell"	0.00234192037470726
"284"	"plasma.cell"	"macrophage"	0.00229621125143513
"86"	"memory.b.cell"	"cd4.positive..alpha.beta.t.cell"	0.00228310502283105
"461"	"cd141.positive.myeloid.dendritic.cell"	"t.cell"	0.00228310502283105
"314"	"cd4.positive..alpha.beta.memory.t.cell"	"mucus.secreting.cell"	0.00224719101123596
"90"	"neutrophil"	"cd4.positive..alpha.beta.t.cell"	0.00222882615156018
"399"	"naive.b.cell"	"secretory.cell"	0.00210970464135021
"328"	"naive.thymus.derived.cd4.positive..alpha.beta.t.cell"	"mucus.secreting.cell"	0.00210084033613445
"457"	"cd1c.positive.myeloid.dendritic.cell"	"t.cell"	0.00206185567010309
"462"	"classical.monocyte"	"t.cell"	0.00206185567010309
"84"	"macrophage"	"cd4.positive..alpha.beta.t.cell"	0.00202634245187437
"465"	"hematopoietic.stem.cell"	"t.cell"	0.00196463654223969
"195"	"cd8.positive..alpha.beta.memory.t.cell"	"endothelial.cell"	0.00193423597678917
"366"	"classical.monocyte"	"plasma.cell"	0.00187265917602996
"403"	"nk.cell"	"secretory.cell"	0.00184842883548983
"218"	"cd4.positive..alpha.beta.memory.t.cell"	"fibroblast"	0.00181488203266788
"379"	"nk.cell"	"plasma.cell"	0.00179533213644524
"146"	"cd4.positive..alpha.beta.memory.t.cell"	"connective.tissue.cell"	0.00179372197309417
"350"	"memory.b.cell"	"neutrophil"	0.00177935943060498
"368"	"erythrocyte"	"plasma.cell"	0.00175746924428822
"160"	"naive.thymus.derived.cd4.positive..alpha.beta.t.cell"	"connective.tissue.cell"	0.00174520069808028
"206"	"memory.b.cell"	"endothelial.cell"	0.00173010380622837
"360"	"type.i.nk.t.cell"	"neutrophil"	0.00169635284139101
"367"	"endothelial.cell"	"plasma.cell"	0.00165152766308836
"110"	"memory.b.cell"	"cd8.positive..alpha.beta.t.cell"	0.00164744645799012
"356"	"plasma.cell"	"neutrophil"	0.00162999185004075
"78"	"classical.monocyte"	"cd4.positive..alpha.beta.t.cell"	0.00157728706624606
"267"	"cd8.positive..alpha.beta.memory.t.cell"	"macrophage"	0.00154559505409583
"233"	"naive.thymus.derived.cd8.positive..alpha.beta.t.cell"	"fibroblast"	0.0015015015015015
"435"	"cd8.positive..alpha.beta.memory.t.cell"	"smooth.muscle.cell"	0.0014903129657228
"422"	"memory.b.cell"	"serous.cell.of.epithelium.of.trachea"	0.00145137880986938
"434"	"cd4.positive..alpha.beta.memory.t.cell"	"smooth.muscle.cell"	0.00144927536231884
"448"	"naive.thymus.derived.cd4.positive..alpha.beta.t.cell"	"smooth.muscle.cell"	0.0013869625520111
"394"	"innate.lymphoid.cell"	"secretory.cell"	0.00138504155124654
"467"	"intermediate.monocyte"	"t.cell"	0.00137362637362637
"111"	"naive.b.cell"	"cd8.positive..alpha.beta.t.cell"	0.00131752305665349
"371"	"intermediate.monocyte"	"plasma.cell"	0.00128700128700129
"468"	"macrophage"	"t.cell"	0.00119189511323004
"456"	"type.i.nk.t.cell"	"smooth.muscle.cell"	0.00117924528301887
"396"	"macrophage"	"secretory.cell"	0.00114678899082569
"10"	"innate.lymphoid.cell"	"goblet.cell"	0.0010752688172043
"123"	"cd8.positive..alpha.beta.memory.t.cell"	"ciliated.cell"	0.00100908173562059
"339"	"cd8.positive..alpha.beta.memory.t.cell"	"neutrophil"	0.000997008973080758
"194"	"cd4.positive..alpha.beta.memory.t.cell"	"endothelial.cell"	0.00094876660341556
"208"	"naive.thymus.derived.cd4.positive..alpha.beta.t.cell"	"endothelial.cell"	0.000921658986175115
"147"	"cd8.positive..alpha.beta.memory.t.cell"	"connective.tissue.cell"	0.000911577028258888
"474"	"neutrophil"	"t.cell"	0.000834028356964137
"243"	"cd8.positive..alpha.beta.memory.t.cell"	"ionocyte"	0.000499001996007984
"463"	"endothelial.cell"	"t.cell"	0.000420875420875421
"3"	"cd8.positive..alpha.beta.memory.t.cell"	"goblet.cell"	0
"23"	"regulatory.t.cell"	"goblet.cell"	0
"26"	"cd4.positive..alpha.beta.memory.t.cell"	"b.cell"	0
"27"	"cd8.positive..alpha.beta.memory.t.cell"	"b.cell"	0
"51"	"cd8.positive..alpha.beta.memory.t.cell"	"basal.cell"	0
"92"	"plasma.cell"	"cd4.positive..alpha.beta.t.cell"	0
"219"	"cd8.positive..alpha.beta.memory.t.cell"	"fibroblast"	0
"266"	"cd4.positive..alpha.beta.memory.t.cell"	"macrophage"	0
"280"	"naive.thymus.derived.cd4.positive..alpha.beta.t.cell"	"macrophage"	0
"315"	"cd8.positive..alpha.beta.memory.t.cell"	"mucus.secreting.cell"	0
"326"	"memory.b.cell"	"mucus.secreting.cell"	0
"327"	"naive.b.cell"	"mucus.secreting.cell"	0
"338"	"cd4.positive..alpha.beta.memory.t.cell"	"neutrophil"	0
"352"	"naive.thymus.derived.cd4.positive..alpha.beta.t.cell"	"neutrophil"	0
"376"	"naive.thymus.derived.cd4.positive..alpha.beta.t.cell"	"plasma.cell"	0
"377"	"naive.thymus.derived.cd8.positive..alpha.beta.t.cell"	"plasma.cell"	0
"378"	"neutrophil"	"plasma.cell"	0
"386"	"cd4.positive..alpha.beta.memory.t.cell"	"secretory.cell"	0
"387"	"cd8.positive..alpha.beta.memory.t.cell"	"secretory.cell"	0
"397"	"mature.nk.t.cell"	"secretory.cell"	0
"398"	"memory.b.cell"	"secretory.cell"	0
"400"	"naive.thymus.derived.cd4.positive..alpha.beta.t.cell"	"secretory.cell"	0
"404"	"plasma.cell"	"secretory.cell"	0
"408"	"type.i.nk.t.cell"	"secretory.cell"	0
"410"	"cd4.positive..alpha.beta.memory.t.cell"	"serous.cell.of.epithelium.of.trachea"	0
"411"	"cd8.positive..alpha.beta.memory.t.cell"	"serous.cell.of.epithelium.of.trachea"	0
"464"	"erythrocyte"	"t.cell"	0
"470"	"memory.b.cell"	"t.cell"	0
"471"	"naive.b.cell"	"t.cell"	0
"476"	"plasma.cell"	"t.cell"	0
