"Spleen"	"Lung"	"value"
"570"	"neutrophil"	"neutrophil"	0.544117647058823
"270"	"classical.monocyte"	"classical.monocyte"	0.220394736842105
"668"	"plasma.cell"	"plasma.cell"	0.204778156996587
"414"	"classical.monocyte"	"intermediate.monocyte"	0.200312989045383
"612"	"macrophage"	"non.classical.monocyte"	0.189674523007856
"317"	"cd141.positive.myeloid.dendritic.cell"	"dendritic.cell"	0.16036036036036
"606"	"classical.monocyte"	"non.classical.monocyte"	0.155482815057283
"111"	"naive.b.cell"	"b.cell"	0.147157190635452
"110"	"memory.b.cell"	"b.cell"	0.143468950749465
"492"	"macrophage"	"macrophage"	0.134343434343434
"595"	"nk.cell"	"nk.cell"	0.12970969734404
"563"	"intermediate.monocyte"	"neutrophil"	0.117268041237113
"247"	"endothelial.cell"	"capillary.endothelial.cell"	0.113106610622851
"367"	"endothelial.cell"	"endothelial.cell.of.lymphatic.vessel"	0.111111111111111
"420"	"macrophage"	"intermediate.monocyte"	0.102261553588987
"275"	"intermediate.monocyte"	"classical.monocyte"	0.0956618464961068
"40"	"naive.thymus.derived.cd4.positive..alpha.beta.t.cell"	"cd4.positive..alpha.beta.t.cell"	0.0930232558139535
"47"	"regulatory.t.cell"	"cd4.positive..alpha.beta.t.cell"	0.0914179104477612
"343"	"endothelial.cell"	"endothelial.cell.of.artery"	0.0893135725429017
"580"	"cd8.positive..alpha.beta.t.cell"	"nk.cell"	0.0892018779342723
"223"	"endothelial.cell"	"capillary.aerocyte"	0.089086859688196
"391"	"endothelial.cell"	"fibroblast"	0.087103798693443
"17"	"naive.thymus.derived.cd8.positive..alpha.beta.t.cell"	"cd8.positive..alpha.beta.t.cell"	0.0827922077922078
"24"	"type.i.nk.t.cell"	"cd8.positive..alpha.beta.t.cell"	0.0790273556231003
"282"	"neutrophil"	"classical.monocyte"	0.0737463126843658
"796"	"cd8.positive..alpha.beta.t.cell"	"smooth.muscle.cell"	0.0708055413032324
"26"	"cd4.positive..alpha.beta.memory.t.cell"	"cd4.positive..alpha.beta.t.cell"	0.0681198910081744
"23"	"regulatory.t.cell"	"cd8.positive..alpha.beta.t.cell"	0.0673352435530086
"19"	"nk.cell"	"cd8.positive..alpha.beta.t.cell"	0.0671550671550672
"13"	"mature.nk.t.cell"	"cd8.positive..alpha.beta.t.cell"	0.0661654135338346
"276"	"macrophage"	"classical.monocyte"	0.066147859922179
"535"	"endothelial.cell"	"myofibroblast.cell"	0.0621935483870968
"486"	"classical.monocyte"	"macrophage"	0.0621546961325967
"813"	"plasmacytoid.dendritic.cell"	"smooth.muscle.cell"	0.0621359223300971
"631"	"endothelial.cell"	"pericyte.cell"	0.0607397353240584
"801"	"hematopoietic.stem.cell"	"smooth.muscle.cell"	0.0605203619909502
"703"	"endothelial.cell"	"pulmonary.ionocyte"	0.0600434048709911
"895"	"endothelial.cell"	"vein.endothelial.cell"	0.0589225589225589
"700"	"cd8.positive..alpha.beta.t.cell"	"pulmonary.ionocyte"	0.0565485862853429
"718"	"platelet"	"pulmonary.ionocyte"	0.0564399421128799
"419"	"intermediate.monocyte"	"intermediate.monocyte"	0.0542797494780793
"201"	"hematopoietic.stem.cell"	"bronchial.vessel.endothelial.cell"	0.0542005420054201
"693"	"plasmacytoid.dendritic.cell"	"plasmacytoid.dendritic.cell"	0.0526824552924118
"426"	"neutrophil"	"intermediate.monocyte"	0.0518465909090909
"199"	"endothelial.cell"	"bronchial.vessel.endothelial.cell"	0.0512450378924576
"4"	"cd8.positive..alpha.beta.t.cell"	"cd8.positive..alpha.beta.t.cell"	0.0506578947368421
"439"	"endothelial.cell"	"lung.ciliated.cell"	0.0502851218247797
"313"	"cd1c.positive.myeloid.dendritic.cell"	"dendritic.cell"	0.0501519756838906
"694"	"platelet"	"plasmacytoid.dendritic.cell"	0.0500173671413685
"41"	"naive.thymus.derived.cd8.positive..alpha.beta.t.cell"	"cd4.positive..alpha.beta.t.cell"	0.0496894409937888
"646"	"platelet"	"pericyte.cell"	0.0493827160493827
"600"	"type.i.nk.t.cell"	"nk.cell"	0.0491493383742911
"823"	"endothelial.cell"	"type.i.pneumocyte"	0.0486202365308804
"705"	"hematopoietic.stem.cell"	"pulmonary.ionocyte"	0.0479310344827586
"238"	"platelet"	"capillary.aerocyte"	0.0478927203065134
"406"	"platelet"	"fibroblast"	0.0466480446927374
"681"	"hematopoietic.stem.cell"	"plasmacytoid.dendritic.cell"	0.0464208242950108
"669"	"plasmacytoid.dendritic.cell"	"plasma.cell"	0.0462833099579243
"605"	"cd141.positive.myeloid.dendritic.cell"	"non.classical.monocyte"	0.046031746031746
"382"	"platelet"	"endothelial.cell.of.lymphatic.vessel"	0.0454374765302291
"676"	"cd8.positive..alpha.beta.t.cell"	"plasmacytoid.dendritic.cell"	0.0445859872611465
"593"	"naive.thymus.derived.cd8.positive..alpha.beta.t.cell"	"nk.cell"	0.0444301352221507
"871"	"endothelial.cell"	"vascular.associated.smooth.muscle.cell"	0.0436324937921249
"79"	"endothelial.cell"	"alveolar.fibroblast"	0.0428249436513899
"793"	"cd1c.positive.myeloid.dendritic.cell"	"smooth.muscle.cell"	0.0427682737169518
"886"	"platelet"	"vascular.associated.smooth.muscle.cell"	0.0427350427350427
"812"	"plasma.cell"	"smooth.muscle.cell"	0.0417362270450751
"463"	"endothelial.cell"	"lung.microvascular.endothelial.cell"	0.0417014178482068
"393"	"hematopoietic.stem.cell"	"fibroblast"	0.0415144470275656
"318"	"classical.monocyte"	"dendritic.cell"	0.0406626506024096
"190"	"platelet"	"bronchial.smooth.muscle.cell"	0.0402750491159136
"838"	"platelet"	"type.i.pneumocyte"	0.0399659863945578
"598"	"platelet"	"nk.cell"	0.0398167723749119
"324"	"macrophage"	"dendritic.cell"	0.0398009950248756
"491"	"intermediate.monocyte"	"macrophage"	0.0390143737166324
"550"	"platelet"	"myofibroblast.cell"	0.0382008626001232
"48"	"type.i.nk.t.cell"	"cd4.positive..alpha.beta.t.cell"	0.0377358490566038
"673"	"cd1c.positive.myeloid.dendritic.cell"	"plasmacytoid.dendritic.cell"	0.0375690607734807
"589"	"mature.nk.t.cell"	"nk.cell"	0.0374064837905237
"537"	"hematopoietic.stem.cell"	"myofibroblast.cell"	0.0368282600526118
"454"	"platelet"	"lung.ciliated.cell"	0.0366886171213547
"213"	"plasmacytoid.dendritic.cell"	"bronchial.vessel.endothelial.cell"	0.0360501567398119
"413"	"cd141.positive.myeloid.dendritic.cell"	"intermediate.monocyte"	0.0359712230215827
"485"	"cd141.positive.myeloid.dendritic.cell"	"macrophage"	0.0358680057388809
"717"	"plasmacytoid.dendritic.cell"	"pulmonary.ionocyte"	0.0350553505535055
"574"	"platelet"	"neutrophil"	0.0345368916797488
"196"	"cd8.positive..alpha.beta.t.cell"	"bronchial.vessel.endothelial.cell"	0.0345231129315389
"166"	"platelet"	"basophil"	0.0341597796143251
"175"	"endothelial.cell"	"bronchial.smooth.muscle.cell"	0.0339350180505415
"55"	"endothelial.cell"	"adventitial.cell"	0.0336826347305389
"585"	"hematopoietic.stem.cell"	"nk.cell"	0.0335689045936396
"262"	"platelet"	"capillary.endothelial.cell"	0.033381020505484
"682"	"innate.lymphoid.cell"	"plasmacytoid.dendritic.cell"	0.0332506203473945
"799"	"endothelial.cell"	"smooth.muscle.cell"	0.0329178651326302
"558"	"classical.monocyte"	"neutrophil"	0.0325484764542936
"814"	"platelet"	"smooth.muscle.cell"	0.0319634703196347
"39"	"naive.b.cell"	"cd4.positive..alpha.beta.t.cell"	0.0318979266347687
"68"	"plasma.cell"	"adventitial.cell"	0.0318302387267905
"532"	"cd8.positive..alpha.beta.t.cell"	"myofibroblast.cell"	0.0315972222222222
"634"	"innate.lymphoid.cell"	"pericyte.cell"	0.0315412186379928
"34"	"innate.lymphoid.cell"	"cd4.positive..alpha.beta.t.cell"	0.0311059907834101
"687"	"naive.b.cell"	"plasmacytoid.dendritic.cell"	0.0309162450815065
"538"	"innate.lymphoid.cell"	"myofibroblast.cell"	0.0305473058973271
"677"	"cd141.positive.myeloid.dendritic.cell"	"plasmacytoid.dendritic.cell"	0.0303882948790096
"82"	"innate.lymphoid.cell"	"alveolar.fibroblast"	0.0302743614001892
"788"	"plasma.cell"	"serous.cell.of.epithelium.of.bronchus"	0.0301659125188537
"618"	"neutrophil"	"non.classical.monocyte"	0.0297316896301668
"789"	"plasmacytoid.dendritic.cell"	"serous.cell.of.epithelium.of.bronchus"	0.0296650717703349
"549"	"plasmacytoid.dendritic.cell"	"myofibroblast.cell"	0.0285132382892057
"498"	"neutrophil"	"macrophage"	0.0284327323162275
"369"	"hematopoietic.stem.cell"	"endothelial.cell.of.lymphatic.vessel"	0.0283956460009465
"368"	"erythrocyte"	"endothelial.cell.of.lymphatic.vessel"	0.0282555282555283
"611"	"intermediate.monocyte"	"non.classical.monocyte"	0.028169014084507
"820"	"cd8.positive..alpha.beta.t.cell"	"type.i.pneumocyte"	0.0281265695630337
"826"	"innate.lymphoid.cell"	"type.i.pneumocyte"	0.0280054644808743
"828"	"macrophage"	"type.i.pneumocyte"	0.0279503105590062
"441"	"hematopoietic.stem.cell"	"lung.ciliated.cell"	0.0278413424866514
"153"	"hematopoietic.stem.cell"	"basophil"	0.0275974025974026
"679"	"endothelial.cell"	"plasmacytoid.dendritic.cell"	0.0275354416575791
"69"	"plasmacytoid.dendritic.cell"	"adventitial.cell"	0.0271929824561404
"692"	"plasma.cell"	"plasmacytoid.dendritic.cell"	0.0270425776754891
"3"	"cd8.positive..alpha.beta.memory.t.cell"	"cd8.positive..alpha.beta.t.cell"	0.0269749518304432
"370"	"innate.lymphoid.cell"	"endothelial.cell.of.lymphatic.vessel"	0.0267409470752089
"388"	"cd8.positive..alpha.beta.t.cell"	"fibroblast"	0.0266789328426863
"683"	"intermediate.monocyte"	"plasmacytoid.dendritic.cell"	0.026621490803485
"269"	"cd141.positive.myeloid.dendritic.cell"	"classical.monocyte"	0.0265878877400295
"586"	"innate.lymphoid.cell"	"nk.cell"	0.0265577119509704
"436"	"cd8.positive..alpha.beta.t.cell"	"lung.ciliated.cell"	0.0264830508474576
"228"	"macrophage"	"capillary.aerocyte"	0.0264511388684791
"825"	"hematopoietic.stem.cell"	"type.i.pneumocyte"	0.0262863534675615
"364"	"cd8.positive..alpha.beta.t.cell"	"endothelial.cell.of.lymphatic.vessel"	0.0262478485370052
"684"	"macrophage"	"plasmacytoid.dendritic.cell"	0.0262068965517241
"37"	"mature.nk.t.cell"	"cd4.positive..alpha.beta.t.cell"	0.0261682242990654
"442"	"innate.lymphoid.cell"	"lung.ciliated.cell"	0.0260303687635575
"636"	"macrophage"	"pericyte.cell"	0.025823111684958
"163"	"nk.cell"	"basophil"	0.0258152173913043
"690"	"neutrophil"	"plasmacytoid.dendritic.cell"	0.0257222002374357
"663"	"naive.b.cell"	"plasma.cell"	0.0255102040816327
"834"	"neutrophil"	"type.i.pneumocyte"	0.0254452926208651
"405"	"plasmacytoid.dendritic.cell"	"fibroblast"	0.0254416961130742
"691"	"nk.cell"	"plasmacytoid.dendritic.cell"	0.0253505933117584
"824"	"erythrocyte"	"type.i.pneumocyte"	0.0253261703760553
"394"	"innate.lymphoid.cell"	"fibroblast"	0.0252100840336134
"430"	"platelet"	"intermediate.monocyte"	0.025201072386059
"358"	"platelet"	"endothelial.cell.of.artery"	0.0250375563345018
"348"	"macrophage"	"endothelial.cell.of.artery"	0.0244698205546493
"112"	"naive.thymus.derived.cd4.positive..alpha.beta.t.cell"	"b.cell"	0.024390243902439
"372"	"macrophage"	"endothelial.cell.of.lymphatic.vessel"	0.0241521068859198
"154"	"innate.lymphoid.cell"	"basophil"	0.0240700218818381
"564"	"macrophage"	"neutrophil"	0.0238623751387347
"395"	"intermediate.monocyte"	"fibroblast"	0.0237495501979129
"708"	"macrophage"	"pulmonary.ionocyte"	0.0236305048335124
"214"	"platelet"	"bronchial.vessel.endothelial.cell"	0.0231350330500472
"706"	"innate.lymphoid.cell"	"pulmonary.ionocyte"	0.023036253776435
"193"	"cd1c.positive.myeloid.dendritic.cell"	"bronchial.vessel.endothelial.cell"	0.023023023023023
"258"	"neutrophil"	"capillary.endothelial.cell"	0.0229817324690631
"117"	"plasmacytoid.dendritic.cell"	"b.cell"	0.0228401191658391
"234"	"neutrophil"	"capillary.aerocyte"	0.0227008149010477
"466"	"innate.lymphoid.cell"	"lung.microvascular.endothelial.cell"	0.0226986128625473
"152"	"erythrocyte"	"basophil"	0.0226666666666667
"60"	"macrophage"	"adventitial.cell"	0.0225375626043406
"587"	"intermediate.monocyte"	"nk.cell"	0.0224550898203593
"70"	"platelet"	"adventitial.cell"	0.0223123732251521
"176"	"erythrocyte"	"bronchial.smooth.muscle.cell"	0.0223123732251521
"252"	"macrophage"	"capillary.endothelial.cell"	0.0222882615156018
"227"	"intermediate.monocyte"	"capillary.aerocyte"	0.0222575516693164
"2"	"cd4.positive..alpha.beta.memory.t.cell"	"cd8.positive..alpha.beta.t.cell"	0.0222222222222222
"697"	"cd1c.positive.myeloid.dendritic.cell"	"pulmonary.ionocyte"	0.02203182374541
"594"	"neutrophil"	"nk.cell"	0.0214835832995541
"251"	"intermediate.monocyte"	"capillary.endothelial.cell"	0.0209846650524617
"355"	"nk.cell"	"endothelial.cell.of.artery"	0.0209713024282561
"800"	"erythrocyte"	"smooth.muscle.cell"	0.0207715133531157
"686"	"memory.b.cell"	"plasmacytoid.dendritic.cell"	0.020631067961165
"662"	"memory.b.cell"	"plasma.cell"	0.0204081632653061
"94"	"platelet"	"alveolar.fibroblast"	0.0201005025125628
"155"	"intermediate.monocyte"	"basophil"	0.0198744769874477
"224"	"erythrocyte"	"capillary.aerocyte"	0.0198675496688742
"597"	"plasmacytoid.dendritic.cell"	"nk.cell"	0.0198547215496368
"84"	"macrophage"	"alveolar.fibroblast"	0.0197530864197531
"156"	"macrophage"	"basophil"	0.0197183098591549
"221"	"cd141.positive.myeloid.dendritic.cell"	"capillary.aerocyte"	0.0194472876151484
"622"	"platelet"	"non.classical.monocyte"	0.019273127753304
"827"	"intermediate.monocyte"	"type.i.pneumocyte"	0.0191419141914191
"862"	"platelet"	"type.ii.pneumocyte"	0.019047619047619
"633"	"hematopoietic.stem.cell"	"pericyte.cell"	0.0190092165898618
"286"	"platelet"	"classical.monocyte"	0.0188984881209503
"876"	"macrophage"	"vascular.associated.smooth.muscle.cell"	0.018854242204496
"885"	"plasmacytoid.dendritic.cell"	"vascular.associated.smooth.muscle.cell"	0.0188536953242836
"212"	"plasma.cell"	"bronchial.vessel.endothelial.cell"	0.018640350877193
"331"	"nk.cell"	"dendritic.cell"	0.0185449358059914
"323"	"intermediate.monocyte"	"dendritic.cell"	0.0185387131952017
"326"	"memory.b.cell"	"dendritic.cell"	0.0185185185185185
"583"	"endothelial.cell"	"nk.cell"	0.0184573002754821
"180"	"macrophage"	"bronchial.smooth.muscle.cell"	0.0184190330007675
"511"	"endothelial.cell"	"mesothelial.cell"	0.0183314627759072
"334"	"platelet"	"dendritic.cell"	0.0183028286189684
"392"	"erythrocyte"	"fibroblast"	0.0181467181467181
"330"	"neutrophil"	"dendritic.cell"	0.0181159420289855
"502"	"platelet"	"macrophage"	0.0180851063829787
"472"	"naive.thymus.derived.cd4.positive..alpha.beta.t.cell"	"lung.microvascular.endothelial.cell"	0.018018018018018
"417"	"hematopoietic.stem.cell"	"intermediate.monocyte"	0.0179968701095462
"822"	"classical.monocyte"	"type.i.pneumocyte"	0.0179968701095462
"298"	"innate.lymphoid.cell"	"club.cell"	0.0178784266984505
"777"	"hematopoietic.stem.cell"	"serous.cell.of.epithelium.of.bronchus"	0.0178710178710179
"371"	"intermediate.monocyte"	"endothelial.cell.of.lymphatic.vessel"	0.0178474851270957
"28"	"cd8.positive..alpha.beta.t.cell"	"cd4.positive..alpha.beta.t.cell"	0.0177053824362606
"704"	"erythrocyte"	"pulmonary.ionocyte"	0.0176282051282051
"512"	"erythrocyte"	"mesothelial.cell"	0.0176263219741481
"346"	"innate.lymphoid.cell"	"endothelial.cell.of.artery"	0.0174793008279669
"250"	"innate.lymphoid.cell"	"capillary.endothelial.cell"	0.0174273858921162
"335"	"regulatory.t.cell"	"dendritic.cell"	0.0173913043478261
"529"	"cd1c.positive.myeloid.dendritic.cell"	"myofibroblast.cell"	0.0173754000914495
"10"	"innate.lymphoid.cell"	"cd8.positive..alpha.beta.t.cell"	0.017357762777242
"599"	"regulatory.t.cell"	"nk.cell"	0.0173548773189707
"327"	"naive.b.cell"	"dendritic.cell"	0.0172955974842767
"409"	"cd1c.positive.myeloid.dendritic.cell"	"intermediate.monocyte"	0.0172413793103448
"172"	"cd8.positive..alpha.beta.t.cell"	"bronchial.smooth.muscle.cell"	0.0171597633136095
"802"	"innate.lymphoid.cell"	"smooth.muscle.cell"	0.0171165240289664
"707"	"intermediate.monocyte"	"pulmonary.ionocyte"	0.0170244263508512
"849"	"hematopoietic.stem.cell"	"type.ii.pneumocyte"	0.017014694508894
"347"	"intermediate.monocyte"	"endothelial.cell.of.artery"	0.0168738898756661
"402"	"neutrophil"	"fibroblast"	0.0168659920269856
"396"	"macrophage"	"fibroblast"	0.0168558651530788
"632"	"erythrocyte"	"pericyte.cell"	0.0168134507606085
"381"	"plasmacytoid.dendritic.cell"	"endothelial.cell.of.lymphatic.vessel"	0.0167802831672784
"273"	"hematopoietic.stem.cell"	"classical.monocyte"	0.0167330677290837
"378"	"neutrophil"	"endothelial.cell.of.lymphatic.vessel"	0.016414686825054
"354"	"neutrophil"	"endothelial.cell.of.artery"	0.0163522012578616
"149"	"cd141.positive.myeloid.dendritic.cell"	"basophil"	0.0163204747774481
"226"	"innate.lymphoid.cell"	"capillary.aerocyte"	0.0162999185004075
"821"	"cd141.positive.myeloid.dendritic.cell"	"type.i.pneumocyte"	0.0162074554294976
"235"	"nk.cell"	"capillary.aerocyte"	0.0162059103908484
"848"	"erythrocyte"	"type.ii.pneumocyte"	0.0161892901618929
"695"	"regulatory.t.cell"	"plasmacytoid.dendritic.cell"	0.0160550458715596
"753"	"hematopoietic.stem.cell"	"respiratory.mucous.cell"	0.015993907083016
"295"	"endothelial.cell"	"club.cell"	0.0159936025589764
"851"	"intermediate.monocyte"	"type.ii.pneumocyte"	0.0158730158730159
"635"	"intermediate.monocyte"	"pericyte.cell"	0.015807560137457
"642"	"neutrophil"	"pericyte.cell"	0.0156331422615946
"559"	"endothelial.cell"	"neutrophil"	0.0156156156156156
"716"	"plasma.cell"	"pulmonary.ionocyte"	0.0155789473684211
"804"	"macrophage"	"smooth.muscle.cell"	0.0155781905332534
"591"	"naive.b.cell"	"nk.cell"	0.0155619596541787
"316"	"cd8.positive..alpha.beta.t.cell"	"dendritic.cell"	0.015547703180212
"177"	"hematopoietic.stem.cell"	"bronchial.smooth.muscle.cell"	0.0154986522911051
"157"	"mature.nk.t.cell"	"basophil"	0.0154905335628227
"729"	"hematopoietic.stem.cell"	"respiratory.goblet.cell"	0.0154545454545455
"162"	"neutrophil"	"basophil"	0.0154494382022472
"680"	"erythrocyte"	"plasmacytoid.dendritic.cell"	0.0153927813163482
"874"	"innate.lymphoid.cell"	"vascular.associated.smooth.muscle.cell"	0.0153721682847896
"639"	"naive.b.cell"	"pericyte.cell"	0.0153452685421995
"444"	"macrophage"	"lung.ciliated.cell"	0.0153411384739604
"615"	"naive.b.cell"	"non.classical.monocyte"	0.0153374233128834
"525"	"plasmacytoid.dendritic.cell"	"mesothelial.cell"	0.0152603231597846
"539"	"intermediate.monocyte"	"myofibroblast.cell"	0.0152200740436035
"847"	"endothelial.cell"	"type.ii.pneumocyte"	0.0151975683890578
"57"	"hematopoietic.stem.cell"	"adventitial.cell"	0.0151734104046243
"189"	"plasmacytoid.dendritic.cell"	"bronchial.smooth.muscle.cell"	0.0151515151515152
"714"	"neutrophil"	"pulmonary.ionocyte"	0.0151371807000946
"751"	"endothelial.cell"	"respiratory.mucous.cell"	0.01508864579404
"478"	"platelet"	"lung.microvascular.endothelial.cell"	0.015063731170336
"81"	"hematopoietic.stem.cell"	"alveolar.fibroblast"	0.0150214592274678
"776"	"erythrocyte"	"serous.cell.of.epithelium.of.bronchus"	0.0150187734668335
"249"	"hematopoietic.stem.cell"	"capillary.endothelial.cell"	0.015003261578604
"540"	"macrophage"	"myofibroblast.cell"	0.0149547422274695
"779"	"intermediate.monocyte"	"serous.cell.of.epithelium.of.bronchus"	0.0149402390438247
"701"	"cd141.positive.myeloid.dendritic.cell"	"pulmonary.ionocyte"	0.0148637489677952
"453"	"plasmacytoid.dendritic.cell"	"lung.ciliated.cell"	0.0148453608247423
"204"	"macrophage"	"bronchial.vessel.endothelial.cell"	0.0147492625368732
"898"	"innate.lymphoid.cell"	"vein.endothelial.cell"	0.01468788249694
"868"	"cd8.positive..alpha.beta.t.cell"	"vascular.associated.smooth.muscle.cell"	0.0146809712027103
"178"	"innate.lymphoid.cell"	"bronchial.smooth.muscle.cell"	0.0146551724137931
"167"	"regulatory.t.cell"	"basophil"	0.0145867098865478
"245"	"cd141.positive.myeloid.dendritic.cell"	"capillary.endothelial.cell"	0.0145681581685744
"516"	"macrophage"	"mesothelial.cell"	0.0145547945205479
"900"	"macrophage"	"vein.endothelial.cell"	0.0145077720207254
"148"	"cd8.positive..alpha.beta.t.cell"	"basophil"	0.0144131777625257
"846"	"classical.monocyte"	"type.ii.pneumocyte"	0.0142857142857143
"790"	"platelet"	"serous.cell.of.epithelium.of.bronchus"	0.0142555438225977
"501"	"plasmacytoid.dendritic.cell"	"macrophage"	0.0142314990512334
"125"	"cd141.positive.myeloid.dendritic.cell"	"basal.cell"	0.0141065830721003
"861"	"plasmacytoid.dendritic.cell"	"type.ii.pneumocyte"	0.0140712945590994
"385"	"cd1c.positive.myeloid.dendritic.cell"	"fibroblast"	0.0140296180826189
"844"	"cd8.positive..alpha.beta.t.cell"	"type.ii.pneumocyte"	0.0139442231075697
"16"	"naive.thymus.derived.cd4.positive..alpha.beta.t.cell"	"cd8.positive..alpha.beta.t.cell"	0.0139130434782609
"526"	"platelet"	"mesothelial.cell"	0.0138532580810672
"440"	"erythrocyte"	"lung.ciliated.cell"	0.0138504155124654
"845"	"cd141.positive.myeloid.dendritic.cell"	"type.ii.pneumocyte"	0.0138121546961326
"265"	"cd1c.positive.myeloid.dendritic.cell"	"classical.monocyte"	0.0136612021857923
"649"	"cd1c.positive.myeloid.dendritic.cell"	"plasma.cell"	0.0136363636363636
"361"	"cd1c.positive.myeloid.dendritic.cell"	"endothelial.cell.of.lymphatic.vessel"	0.0136054421768707
"259"	"nk.cell"	"capillary.endothelial.cell"	0.0135790494665373
"340"	"cd8.positive..alpha.beta.t.cell"	"endothelial.cell.of.artery"	0.013530135301353
"443"	"intermediate.monocyte"	"lung.ciliated.cell"	0.0134907251264755
"248"	"erythrocyte"	"capillary.endothelial.cell"	0.0134228187919463
"505"	"cd1c.positive.myeloid.dendritic.cell"	"mesothelial.cell"	0.0134146341463415
"571"	"nk.cell"	"neutrophil"	0.0133868808567604
"375"	"naive.b.cell"	"endothelial.cell.of.lymphatic.vessel"	0.0133418043202033
"837"	"plasmacytoid.dendritic.cell"	"type.i.pneumocyte"	0.0132911392405063
"159"	"naive.b.cell"	"basophil"	0.0132547864506627
"584"	"erythrocyte"	"nk.cell"	0.0132085855806274
"645"	"plasmacytoid.dendritic.cell"	"pericyte.cell"	0.0132013201320132
"231"	"naive.b.cell"	"capillary.aerocyte"	0.013184584178499
"754"	"innate.lymphoid.cell"	"respiratory.mucous.cell"	0.0131180625630676
"399"	"naive.b.cell"	"fibroblast"	0.0130693069306931
"100"	"cd8.positive..alpha.beta.t.cell"	"b.cell"	0.0130404941660947
"341"	"cd141.positive.myeloid.dendritic.cell"	"endothelial.cell.of.artery"	0.0130331753554502
"543"	"naive.b.cell"	"myofibroblast.cell"	0.0130051091500232
"119"	"regulatory.t.cell"	"b.cell"	0.012987012987013
"637"	"mature.nk.t.cell"	"pericyte.cell"	0.0129749768303985
"161"	"naive.thymus.derived.cd8.positive..alpha.beta.t.cell"	"basophil"	0.0129390018484288
"198"	"classical.monocyte"	"bronchial.vessel.endothelial.cell"	0.0128840436075322
"225"	"hematopoietic.stem.cell"	"capillary.aerocyte"	0.0128452151573539
"798"	"classical.monocyte"	"smooth.muscle.cell"	0.0128398791540786
"43"	"nk.cell"	"cd4.positive..alpha.beta.t.cell"	0.0127659574468085
"514"	"innate.lymphoid.cell"	"mesothelial.cell"	0.012720156555773
"484"	"cd8.positive..alpha.beta.t.cell"	"macrophage"	0.0127005347593583
"222"	"classical.monocyte"	"capillary.aerocyte"	0.012621359223301
"513"	"hematopoietic.stem.cell"	"mesothelial.cell"	0.0126112759643917
"127"	"endothelial.cell"	"basal.cell"	0.0125342734038386
"775"	"endothelial.cell"	"serous.cell.of.epithelium.of.bronchus"	0.0125284738041002
"179"	"intermediate.monocyte"	"bronchial.smooth.muscle.cell"	0.0124895920066611
"220"	"cd8.positive..alpha.beta.t.cell"	"capillary.aerocyte"	0.012450481041313
"129"	"hematopoietic.stem.cell"	"basal.cell"	0.0123660346248969
"151"	"endothelial.cell"	"basophil"	0.0123504438440756
"628"	"cd8.positive..alpha.beta.t.cell"	"pericyte.cell"	0.0122636688809402
"210"	"neutrophil"	"bronchial.vessel.endothelial.cell"	0.0122448979591837
"58"	"innate.lymphoid.cell"	"adventitial.cell"	0.012241054613936
"22"	"platelet"	"cd8.positive..alpha.beta.t.cell"	0.0121703853955375
"873"	"hematopoietic.stem.cell"	"vascular.associated.smooth.muscle.cell"	0.0121328224776501
"872"	"erythrocyte"	"vascular.associated.smooth.muscle.cell"	0.0121155638397018
"203"	"intermediate.monocyte"	"bronchial.vessel.endothelial.cell"	0.012
"709"	"mature.nk.t.cell"	"pulmonary.ionocyte"	0.0119914346895075
"168"	"type.i.nk.t.cell"	"basophil"	0.011986301369863
"297"	"hematopoietic.stem.cell"	"club.cell"	0.011965811965812
"560"	"erythrocyte"	"neutrophil"	0.0119363395225464
"481"	"cd1c.positive.myeloid.dendritic.cell"	"macrophage"	0.0118421052631579
"296"	"erythrocyte"	"club.cell"	0.0118168389955687
"887"	"regulatory.t.cell"	"vascular.associated.smooth.muscle.cell"	0.0117773019271949
"468"	"macrophage"	"lung.microvascular.endothelial.cell"	0.0115789473684211
"803"	"intermediate.monocyte"	"smooth.muscle.cell"	0.0114942528735632
"630"	"classical.monocyte"	"pericyte.cell"	0.0114660114660115
"244"	"cd8.positive..alpha.beta.t.cell"	"capillary.endothelial.cell"	0.011441647597254
"169"	"cd1c.positive.myeloid.dendritic.cell"	"bronchial.smooth.muscle.cell"	0.0114345114345114
"78"	"classical.monocyte"	"alveolar.fibroblast"	0.0114285714285714
"910"	"platelet"	"vein.endothelial.cell"	0.0114285714285714
"90"	"neutrophil"	"alveolar.fibroblast"	0.0113851992409867
"906"	"neutrophil"	"vein.endothelial.cell"	0.0113293051359517
"678"	"classical.monocyte"	"plasmacytoid.dendritic.cell"	0.0113085621970921
"883"	"nk.cell"	"vascular.associated.smooth.muscle.cell"	0.0112994350282486
"850"	"innate.lymphoid.cell"	"type.ii.pneumocyte"	0.0112936344969199
"15"	"naive.b.cell"	"cd8.positive..alpha.beta.t.cell"	0.0112781954887218
"353"	"naive.thymus.derived.cd8.positive..alpha.beta.t.cell"	"endothelial.cell.of.artery"	0.0112676056338028
"56"	"erythrocyte"	"adventitial.cell"	0.0111607142857143
"311"	"regulatory.t.cell"	"club.cell"	0.0111524163568773
"773"	"cd141.positive.myeloid.dendritic.cell"	"serous.cell.of.epithelium.of.bronchus"	0.0110957004160888
"11"	"intermediate.monocyte"	"cd8.positive..alpha.beta.t.cell"	0.011090573012939
"685"	"mature.nk.t.cell"	"plasmacytoid.dendritic.cell"	0.0110658124635993
"629"	"cd141.positive.myeloid.dendritic.cell"	"pericyte.cell"	0.011063829787234
"696"	"type.i.nk.t.cell"	"plasmacytoid.dendritic.cell"	0.0110593713620489
"145"	"cd1c.positive.myeloid.dendritic.cell"	"basophil"	0.0110497237569061
"325"	"mature.nk.t.cell"	"dendritic.cell"	0.0110497237569061
"456"	"type.i.nk.t.cell"	"lung.ciliated.cell"	0.011011011011011
"80"	"erythrocyte"	"alveolar.fibroblast"	0.010989010989011
"608"	"erythrocyte"	"non.classical.monocyte"	0.0109140518417462
"450"	"neutrophil"	"lung.ciliated.cell"	0.0109001406469761
"294"	"classical.monocyte"	"club.cell"	0.0108864696734059
"882"	"neutrophil"	"vascular.associated.smooth.muscle.cell"	0.0108820160366552
"817"	"cd1c.positive.myeloid.dendritic.cell"	"type.i.pneumocyte"	0.0108780108780109
"27"	"cd8.positive..alpha.beta.memory.t.cell"	"cd4.positive..alpha.beta.t.cell"	0.010840108401084
"455"	"regulatory.t.cell"	"lung.ciliated.cell"	0.0108214461387113
"858"	"neutrophil"	"type.ii.pneumocyte"	0.0108181203515889
"344"	"erythrocyte"	"endothelial.cell.of.artery"	0.0107874865156419
"780"	"macrophage"	"serous.cell.of.epithelium.of.bronchus"	0.0107334525939177
"431"	"regulatory.t.cell"	"intermediate.monocyte"	0.0107033639143731
"711"	"naive.b.cell"	"pulmonary.ionocyte"	0.0106776180698152
"541"	"mature.nk.t.cell"	"myofibroblast.cell"	0.0106744298884037
"546"	"neutrophil"	"myofibroblast.cell"	0.0106602475928473
"487"	"endothelial.cell"	"macrophage"	0.0106382978723404
"233"	"naive.thymus.derived.cd8.positive..alpha.beta.t.cell"	"capillary.aerocyte"	0.0105882352941176
"345"	"hematopoietic.stem.cell"	"endothelial.cell.of.artery"	0.0105559465165376
"124"	"cd8.positive..alpha.beta.t.cell"	"basal.cell"	0.0105263157894737
"643"	"nk.cell"	"pericyte.cell"	0.0104417670682731
"769"	"cd1c.positive.myeloid.dendritic.cell"	"serous.cell.of.epithelium.of.bronchus"	0.0104166666666667
"105"	"hematopoietic.stem.cell"	"b.cell"	0.0103916866506795
"101"	"cd141.positive.myeloid.dendritic.cell"	"b.cell"	0.0103550295857988
"255"	"naive.b.cell"	"capillary.endothelial.cell"	0.0103305785123967
"120"	"type.i.nk.t.cell"	"b.cell"	0.0102915951972556
"433"	"cd1c.positive.myeloid.dendritic.cell"	"lung.ciliated.cell"	0.0102851799906498
"536"	"erythrocyte"	"myofibroblast.cell"	0.0102816271792579
"121"	"cd1c.positive.myeloid.dendritic.cell"	"basal.cell"	0.0101892285298399
"322"	"innate.lymphoid.cell"	"dendritic.cell"	0.0101580135440181
"839"	"regulatory.t.cell"	"type.i.pneumocyte"	0.0101437024513948
"562"	"innate.lymphoid.cell"	"neutrophil"	0.0101311084624553
"765"	"plasmacytoid.dendritic.cell"	"respiratory.mucous.cell"	0.0101010101010101
"390"	"classical.monocyte"	"fibroblast"	0.0100931677018634
"300"	"macrophage"	"club.cell"	0.0100603621730382
"869"	"cd141.positive.myeloid.dendritic.cell"	"vascular.associated.smooth.muscle.cell"	0.0100603621730382
"293"	"cd141.positive.myeloid.dendritic.cell"	"club.cell"	0.0100502512562814
"764"	"plasma.cell"	"respiratory.mucous.cell"	0.01
"457"	"cd1c.positive.myeloid.dendritic.cell"	"lung.microvascular.endothelial.cell"	0.00998336106489185
"321"	"hematopoietic.stem.cell"	"dendritic.cell"	0.00989282769991756
"142"	"platelet"	"basal.cell"	0.00988467874794069
"202"	"innate.lymphoid.cell"	"bronchial.vessel.endothelial.cell"	0.00988467874794069
"383"	"regulatory.t.cell"	"endothelial.cell.of.lymphatic.vessel"	0.00988142292490119
"766"	"platelet"	"respiratory.mucous.cell"	0.009865005192108
"366"	"classical.monocyte"	"endothelial.cell.of.lymphatic.vessel"	0.00985828712261245
"852"	"macrophage"	"type.ii.pneumocyte"	0.0097864768683274
"206"	"memory.b.cell"	"bronchial.vessel.endothelial.cell"	0.0097799511002445
"423"	"naive.b.cell"	"intermediate.monocyte"	0.00977653631284916
"379"	"nk.cell"	"endothelial.cell.of.lymphatic.vessel"	0.00972053462940462
"407"	"regulatory.t.cell"	"fibroblast"	0.00970873786407767
"131"	"intermediate.monocyte"	"basal.cell"	0.00969827586206897
"552"	"type.i.nk.t.cell"	"myofibroblast.cell"	0.00968992248062015
"831"	"naive.b.cell"	"type.i.pneumocyte"	0.00963855421686747
"641"	"naive.thymus.derived.cd8.positive..alpha.beta.t.cell"	"pericyte.cell"	0.00960614793467819
"310"	"platelet"	"club.cell"	0.00956130483689539
"66"	"neutrophil"	"adventitial.cell"	0.00955414012738853
"200"	"erythrocyte"	"bronchial.vessel.endothelial.cell"	0.00955109837631328
"85"	"mature.nk.t.cell"	"alveolar.fibroblast"	0.00951086956521739
"136"	"naive.thymus.derived.cd4.positive..alpha.beta.t.cell"	"basal.cell"	0.00947867298578199
"397"	"mature.nk.t.cell"	"fibroblast"	0.00943783340172343
"749"	"cd141.positive.myeloid.dendritic.cell"	"respiratory.mucous.cell"	0.00938337801608579
"797"	"cd141.positive.myeloid.dendritic.cell"	"smooth.muscle.cell"	0.0093603744149766
"762"	"neutrophil"	"respiratory.mucous.cell"	0.00933333333333333
"146"	"cd4.positive..alpha.beta.memory.t.cell"	"basophil"	0.00932400932400932
"191"	"regulatory.t.cell"	"bronchial.smooth.muscle.cell"	0.00931315483119907
"54"	"classical.monocyte"	"adventitial.cell"	0.00926998841251448
"719"	"regulatory.t.cell"	"pulmonary.ionocyte"	0.00925536390408077
"253"	"mature.nk.t.cell"	"capillary.endothelial.cell"	0.00917431192660551
"141"	"plasmacytoid.dendritic.cell"	"basal.cell"	0.00913705583756345
"503"	"regulatory.t.cell"	"macrophage"	0.0091324200913242
"187"	"nk.cell"	"bronchial.smooth.muscle.cell"	0.00911854103343465
"272"	"erythrocyte"	"classical.monocyte"	0.00909090909090909
"557"	"cd141.positive.myeloid.dendritic.cell"	"neutrophil"	0.00908455625436757
"95"	"regulatory.t.cell"	"alveolar.fibroblast"	0.00906735751295337
"551"	"regulatory.t.cell"	"myofibroblast.cell"	0.00904761904761905
"548"	"plasma.cell"	"myofibroblast.cell"	0.0089919545669664
"130"	"innate.lymphoid.cell"	"basal.cell"	0.00898876404494382
"863"	"regulatory.t.cell"	"type.ii.pneumocyte"	0.00896860986547085
"508"	"cd8.positive..alpha.beta.t.cell"	"mesothelial.cell"	0.00895713371721049
"609"	"hematopoietic.stem.cell"	"non.classical.monocyte"	0.00895036615134255
"337"	"cd1c.positive.myeloid.dendritic.cell"	"endothelial.cell.of.artery"	0.00894854586129754
"342"	"classical.monocyte"	"endothelial.cell.of.artery"	0.00894854586129754
"427"	"nk.cell"	"intermediate.monocyte"	0.00893997445721584
"647"	"regulatory.t.cell"	"pericyte.cell"	0.00893655049151028
"246"	"classical.monocyte"	"capillary.endothelial.cell"	0.00888450148075025
"811"	"nk.cell"	"smooth.muscle.cell"	0.00887573964497041
"403"	"nk.cell"	"fibroblast"	0.00883935434281322
"745"	"cd1c.positive.myeloid.dendritic.cell"	"respiratory.mucous.cell"	0.00882723833543506
"165"	"plasmacytoid.dendritic.cell"	"basophil"	0.00879765395894428
"517"	"mature.nk.t.cell"	"mesothelial.cell"	0.00878477306002928
"488"	"erythrocyte"	"macrophage"	0.00878293601003764
"715"	"nk.cell"	"pulmonary.ionocyte"	0.00877893056664006
"217"	"cd1c.positive.myeloid.dendritic.cell"	"capillary.aerocyte"	0.00870406189555126
"731"	"intermediate.monocyte"	"respiratory.goblet.cell"	0.00854700854700855
"489"	"hematopoietic.stem.cell"	"macrophage"	0.00851393188854489
"429"	"plasmacytoid.dendritic.cell"	"intermediate.monocyte"	0.00850661625708885
"139"	"nk.cell"	"basal.cell"	0.00843881856540084
"257"	"naive.thymus.derived.cd8.positive..alpha.beta.t.cell"	"capillary.endothelial.cell"	0.00842358604091456
"357"	"plasmacytoid.dendritic.cell"	"endothelial.cell.of.artery"	0.00838926174496644
"186"	"neutrophil"	"bronchial.smooth.muscle.cell"	0.00836820083682008
"495"	"naive.b.cell"	"macrophage"	0.00834492350486787
"303"	"naive.b.cell"	"club.cell"	0.00831946755407654
"97"	"cd1c.positive.myeloid.dendritic.cell"	"b.cell"	0.00828729281767956
"408"	"type.i.nk.t.cell"	"fibroblast"	0.00819336337566571
"88"	"naive.thymus.derived.cd4.positive..alpha.beta.t.cell"	"alveolar.fibroblast"	0.00816993464052288
"815"	"regulatory.t.cell"	"smooth.muscle.cell"	0.00816326530612245
"333"	"plasmacytoid.dendritic.cell"	"dendritic.cell"	0.0081383519837233
"268"	"cd8.positive..alpha.beta.t.cell"	"classical.monocyte"	0.00813008130081301
"786"	"neutrophil"	"serous.cell.of.epithelium.of.bronchus"	0.0081190798376184
"556"	"cd8.positive..alpha.beta.t.cell"	"neutrophil"	0.00811176205497972
"49"	"cd1c.positive.myeloid.dendritic.cell"	"adventitial.cell"	0.00810185185185185
"134"	"memory.b.cell"	"basal.cell"	0.00809716599190283
"447"	"naive.b.cell"	"lung.ciliated.cell"	0.00809523809523809
"373"	"mature.nk.t.cell"	"endothelial.cell.of.lymphatic.vessel"	0.00808080808080808
"479"	"regulatory.t.cell"	"lung.microvascular.endothelial.cell"	0.00804828973843058
"702"	"classical.monocyte"	"pulmonary.ionocyte"	0.00804828973843058
"83"	"intermediate.monocyte"	"alveolar.fibroblast"	0.00804289544235925
"304"	"naive.thymus.derived.cd4.positive..alpha.beta.t.cell"	"club.cell"	0.0079155672823219
"116"	"plasma.cell"	"b.cell"	0.00791139240506329
"104"	"erythrocyte"	"b.cell"	0.00790513833992095
"299"	"intermediate.monocyte"	"club.cell"	0.00790067720090293
"533"	"cd141.positive.myeloid.dendritic.cell"	"myofibroblast.cell"	0.00786672836649699
"464"	"erythrocyte"	"lung.microvascular.endothelial.cell"	0.00784929356357928
"734"	"memory.b.cell"	"respiratory.goblet.cell"	0.0078125
"182"	"memory.b.cell"	"bronchial.smooth.muscle.cell"	0.00778210116731518
"907"	"nk.cell"	"vein.endothelial.cell"	0.00777604976671851
"807"	"naive.b.cell"	"smooth.muscle.cell"	0.00777000777000777
"91"	"nk.cell"	"alveolar.fibroblast"	0.00776914539400666
"911"	"regulatory.t.cell"	"vein.endothelial.cell"	0.00776699029126214
"877"	"mature.nk.t.cell"	"vascular.associated.smooth.muscle.cell"	0.00776053215077605
"727"	"endothelial.cell"	"respiratory.goblet.cell"	0.00773930753564155
"263"	"regulatory.t.cell"	"capillary.endothelial.cell"	0.0077007700770077
"114"	"neutrophil"	"b.cell"	0.00767620376831821
"122"	"cd4.positive..alpha.beta.memory.t.cell"	"basal.cell"	0.0076530612244898
"768"	"type.i.nk.t.cell"	"respiratory.mucous.cell"	0.00764525993883792
"896"	"erythrocyte"	"vein.endothelial.cell"	0.00763358778625954
"404"	"plasma.cell"	"fibroblast"	0.00763052208835341
"377"	"naive.thymus.derived.cd8.positive..alpha.beta.t.cell"	"endothelial.cell.of.lymphatic.vessel"	0.00761772853185596
"173"	"cd141.positive.myeloid.dendritic.cell"	"bronchial.smooth.muscle.cell"	0.00761697497279652
"359"	"regulatory.t.cell"	"endothelial.cell.of.artery"	0.00759493670886076
"183"	"naive.b.cell"	"bronchial.smooth.muscle.cell"	0.00759219088937093
"787"	"nk.cell"	"serous.cell.of.epithelium.of.bronchus"	0.00756620428751576
"239"	"regulatory.t.cell"	"capillary.aerocyte"	0.00752688172043011
"158"	"memory.b.cell"	"basophil"	0.0075187969924812
"515"	"intermediate.monocyte"	"mesothelial.cell"	0.0075046904315197
"52"	"cd8.positive..alpha.beta.t.cell"	"adventitial.cell"	0.00747663551401869
"53"	"cd141.positive.myeloid.dendritic.cell"	"adventitial.cell"	0.00733496332518337
"412"	"cd8.positive..alpha.beta.t.cell"	"intermediate.monocyte"	0.00732356857523302
"573"	"plasmacytoid.dendritic.cell"	"neutrophil"	0.00731158605174353
"147"	"cd8.positive..alpha.beta.memory.t.cell"	"basophil"	0.0072992700729927
"528"	"type.i.nk.t.cell"	"mesothelial.cell"	0.0072992700729927
"772"	"cd8.positive..alpha.beta.t.cell"	"serous.cell.of.epithelium.of.bronchus"	0.00727994705493051
"174"	"classical.monocyte"	"bronchial.smooth.muscle.cell"	0.0072463768115942
"534"	"classical.monocyte"	"myofibroblast.cell"	0.00724309642372114
"197"	"cd141.positive.myeloid.dendritic.cell"	"bronchial.vessel.endothelial.cell"	0.00723140495867769
"461"	"cd141.positive.myeloid.dendritic.cell"	"lung.microvascular.endothelial.cell"	0.00719424460431655
"778"	"innate.lymphoid.cell"	"serous.cell.of.epithelium.of.bronchus"	0.00719424460431655
"87"	"naive.b.cell"	"alveolar.fibroblast"	0.00718562874251497
"380"	"plasma.cell"	"endothelial.cell.of.lymphatic.vessel"	0.00716612377850163
"401"	"naive.thymus.derived.cd8.positive..alpha.beta.t.cell"	"fibroblast"	0.00708038317367763
"18"	"neutrophil"	"cd8.positive..alpha.beta.t.cell"	0.00707850707850708
"879"	"naive.b.cell"	"vascular.associated.smooth.muscle.cell"	0.007
"21"	"plasmacytoid.dendritic.cell"	"cd8.positive..alpha.beta.t.cell"	0.00699912510936133
"756"	"macrophage"	"respiratory.mucous.cell"	0.00698080279232112
"829"	"mature.nk.t.cell"	"type.i.pneumocyte"	0.00695047784535187
"448"	"naive.thymus.derived.cd4.positive..alpha.beta.t.cell"	"lung.ciliated.cell"	0.00691489361702128
"425"	"naive.thymus.derived.cd8.positive..alpha.beta.t.cell"	"intermediate.monocyte"	0.00690846286701209
"128"	"erythrocyte"	"basal.cell"	0.0069060773480663
"854"	"memory.b.cell"	"type.ii.pneumocyte"	0.00688468158347676
"150"	"classical.monocyte"	"basophil"	0.00687757909215956
"783"	"naive.b.cell"	"serous.cell.of.epithelium.of.bronchus"	0.00687757909215956
"74"	"cd4.positive..alpha.beta.memory.t.cell"	"alveolar.fibroblast"	0.00687285223367698
"810"	"neutrophil"	"smooth.muscle.cell"	0.006859382655561
"216"	"type.i.nk.t.cell"	"bronchial.vessel.endothelial.cell"	0.00685714285714286
"109"	"mature.nk.t.cell"	"b.cell"	0.00684931506849315
"650"	"cd4.positive..alpha.beta.memory.t.cell"	"plasma.cell"	0.00684931506849315
"855"	"naive.b.cell"	"type.ii.pneumocyte"	0.00683060109289617
"8"	"erythrocyte"	"cd8.positive..alpha.beta.t.cell"	0.00681818181818182
"720"	"type.i.nk.t.cell"	"pulmonary.ionocyte"	0.00681431005110733
"384"	"type.i.nk.t.cell"	"endothelial.cell.of.lymphatic.vessel"	0.00672043010752688
"547"	"nk.cell"	"myofibroblast.cell"	0.00671742051052396
"816"	"type.i.nk.t.cell"	"smooth.muscle.cell"	0.00671140939597315
"865"	"cd1c.positive.myeloid.dendritic.cell"	"vascular.associated.smooth.muscle.cell"	0.00670498084291188
"870"	"classical.monocyte"	"vascular.associated.smooth.muscle.cell"	0.00670498084291188
"577"	"cd1c.positive.myeloid.dendritic.cell"	"nk.cell"	0.00668896321070234
"836"	"plasma.cell"	"type.i.pneumocyte"	0.00666666666666667
"302"	"memory.b.cell"	"club.cell"	0.00665188470066519
"349"	"mature.nk.t.cell"	"endothelial.cell.of.artery"	0.00662251655629139
"46"	"platelet"	"cd4.positive..alpha.beta.t.cell"	0.00657894736842105
"71"	"regulatory.t.cell"	"adventitial.cell"	0.00657894736842105
"689"	"naive.thymus.derived.cd8.positive..alpha.beta.t.cell"	"plasmacytoid.dendritic.cell"	0.0065359477124183
"588"	"macrophage"	"nk.cell"	0.0065237651444548
"438"	"classical.monocyte"	"lung.ciliated.cell"	0.00652072659524919
"625"	"cd1c.positive.myeloid.dendritic.cell"	"pericyte.cell"	0.006519967400163
"748"	"cd8.positive..alpha.beta.t.cell"	"respiratory.mucous.cell"	0.00651041666666667
"160"	"naive.thymus.derived.cd4.positive..alpha.beta.t.cell"	"basophil"	0.00650759219088937
"35"	"intermediate.monocyte"	"cd4.positive..alpha.beta.t.cell"	0.00646551724137931
"106"	"innate.lymphoid.cell"	"b.cell"	0.00646551724137931
"561"	"hematopoietic.stem.cell"	"neutrophil"	0.00646123260437376
"451"	"nk.cell"	"lung.ciliated.cell"	0.00645161290322581
"894"	"classical.monocyte"	"vein.endothelial.cell"	0.00644122383252818
"648"	"type.i.nk.t.cell"	"pericyte.cell"	0.00643974241030359
"736"	"naive.thymus.derived.cd4.positive..alpha.beta.t.cell"	"respiratory.goblet.cell"	0.00638977635782748
"59"	"intermediate.monocyte"	"adventitial.cell"	0.00632339656729901
"135"	"naive.b.cell"	"basal.cell"	0.00619195046439629
"437"	"cd141.positive.myeloid.dendritic.cell"	"lung.ciliated.cell"	0.00618752974773917
"207"	"naive.b.cell"	"bronchial.vessel.endothelial.cell"	0.00617283950617284
"763"	"nk.cell"	"respiratory.mucous.cell"	0.00611246943765281
"835"	"nk.cell"	"type.i.pneumocyte"	0.0060790273556231
"415"	"endothelial.cell"	"intermediate.monocyte"	0.0060560181680545
"181"	"mature.nk.t.cell"	"bronchial.smooth.muscle.cell"	0.00605326876513317
"77"	"cd141.positive.myeloid.dendritic.cell"	"alveolar.fibroblast"	0.00600240096038415
"329"	"naive.thymus.derived.cd8.positive..alpha.beta.t.cell"	"dendritic.cell"	0.00595238095238095
"671"	"regulatory.t.cell"	"plasma.cell"	0.00591715976331361
"118"	"platelet"	"b.cell"	0.00590128755364807
"878"	"memory.b.cell"	"vascular.associated.smooth.muscle.cell"	0.00588235294117647
"860"	"plasma.cell"	"type.ii.pneumocyte"	0.00584795321637427
"319"	"endothelial.cell"	"dendritic.cell"	0.00584339696143358
"86"	"memory.b.cell"	"alveolar.fibroblast"	0.00583941605839416
"638"	"memory.b.cell"	"pericyte.cell"	0.00580832526621491
"881"	"naive.thymus.derived.cd8.positive..alpha.beta.t.cell"	"vascular.associated.smooth.muscle.cell"	0.00580046403712297
"767"	"regulatory.t.cell"	"respiratory.mucous.cell"	0.00579710144927536
"899"	"intermediate.monocyte"	"vein.endothelial.cell"	0.00579374275782155
"617"	"naive.thymus.derived.cd8.positive..alpha.beta.t.cell"	"non.classical.monocyte"	0.00578034682080925
"211"	"nk.cell"	"bronchial.vessel.endothelial.cell"	0.00577478344562079
"279"	"naive.b.cell"	"classical.monocyte"	0.00576368876080692
"601"	"cd1c.positive.myeloid.dendritic.cell"	"non.classical.monocyte"	0.0056980056980057
"73"	"cd1c.positive.myeloid.dendritic.cell"	"alveolar.fibroblast"	0.00568181818181818
"446"	"memory.b.cell"	"lung.ciliated.cell"	0.00562947799385875
"725"	"cd141.positive.myeloid.dendritic.cell"	"respiratory.goblet.cell"	0.00562851782363977
"735"	"naive.b.cell"	"respiratory.goblet.cell"	0.00559701492537313
"229"	"mature.nk.t.cell"	"capillary.aerocyte"	0.00558035714285714
"76"	"cd8.positive..alpha.beta.t.cell"	"alveolar.fibroblast"	0.00554870530209618
"527"	"regulatory.t.cell"	"mesothelial.cell"	0.00554785020804438
"113"	"naive.thymus.derived.cd8.positive..alpha.beta.t.cell"	"b.cell"	0.00552486187845304
"610"	"innate.lymphoid.cell"	"non.classical.monocyte"	0.00552486187845304
"867"	"cd8.positive..alpha.beta.memory.t.cell"	"vascular.associated.smooth.muscle.cell"	0.00548696844993141
"336"	"type.i.nk.t.cell"	"dendritic.cell"	0.00548446069469835
"445"	"mature.nk.t.cell"	"lung.ciliated.cell"	0.00547808764940239
"830"	"memory.b.cell"	"type.i.pneumocyte"	0.00545950864422202
"738"	"neutrophil"	"respiratory.goblet.cell"	0.00542635658914729
"96"	"type.i.nk.t.cell"	"alveolar.fibroblast"	0.00540540540540541
"281"	"naive.thymus.derived.cd8.positive..alpha.beta.t.cell"	"classical.monocyte"	0.00540540540540541
"315"	"cd8.positive..alpha.beta.memory.t.cell"	"dendritic.cell"	0.00539083557951483
"732"	"macrophage"	"respiratory.goblet.cell"	0.00536480686695279
"452"	"plasma.cell"	"lung.ciliated.cell"	0.0053475935828877
"115"	"nk.cell"	"b.cell"	0.00534045393858478
"624"	"type.i.nk.t.cell"	"non.classical.monocyte"	0.00533807829181495
"208"	"naive.thymus.derived.cd4.positive..alpha.beta.t.cell"	"bronchial.vessel.endothelial.cell"	0.00533333333333333
"20"	"plasma.cell"	"cd8.positive..alpha.beta.t.cell"	0.00530503978779841
"309"	"plasmacytoid.dendritic.cell"	"club.cell"	0.00529100529100529
"465"	"hematopoietic.stem.cell"	"lung.microvascular.endothelial.cell"	0.0052863436123348
"360"	"type.i.nk.t.cell"	"endothelial.cell.of.artery"	0.00528401585204756
"644"	"plasma.cell"	"pericyte.cell"	0.00528169014084507
"494"	"memory.b.cell"	"macrophage"	0.00526315789473684
"742"	"platelet"	"respiratory.goblet.cell"	0.00523560209424084
"897"	"hematopoietic.stem.cell"	"vein.endothelial.cell"	0.00520381613183001
"903"	"naive.b.cell"	"vein.endothelial.cell"	0.00519031141868512
"726"	"classical.monocyte"	"respiratory.goblet.cell"	0.00517241379310345
"497"	"naive.thymus.derived.cd8.positive..alpha.beta.t.cell"	"macrophage"	0.00515463917525773
"143"	"regulatory.t.cell"	"basal.cell"	0.00512820512820513
"389"	"cd141.positive.myeloid.dendritic.cell"	"fibroblast"	0.00511408339889851
"93"	"plasmacytoid.dendritic.cell"	"alveolar.fibroblast"	0.00508905852417303
"292"	"cd8.positive..alpha.beta.t.cell"	"club.cell"	0.00503959683225342
"607"	"endothelial.cell"	"non.classical.monocyte"	0.00503095975232198
"805"	"mature.nk.t.cell"	"smooth.muscle.cell"	0.00502933780385583
"623"	"regulatory.t.cell"	"non.classical.monocyte"	0.0050251256281407
"750"	"classical.monocyte"	"respiratory.mucous.cell"	0.0050251256281407
"416"	"erythrocyte"	"intermediate.monocyte"	0.0050125313283208
"338"	"cd4.positive..alpha.beta.memory.t.cell"	"endothelial.cell.of.artery"	0.005
"859"	"nk.cell"	"type.ii.pneumocyte"	0.005
"271"	"endothelial.cell"	"classical.monocyte"	0.0049618320610687
"470"	"memory.b.cell"	"lung.microvascular.endothelial.cell"	0.00488997555012225
"728"	"erythrocyte"	"respiratory.goblet.cell"	0.0048780487804878
"832"	"naive.thymus.derived.cd4.positive..alpha.beta.t.cell"	"type.i.pneumocyte"	0.00486381322957198
"285"	"plasmacytoid.dendritic.cell"	"classical.monocyte"	0.00482160077145612
"432"	"type.i.nk.t.cell"	"intermediate.monocyte"	0.00481540930979133
"504"	"type.i.nk.t.cell"	"macrophage"	0.0048
"132"	"macrophage"	"basal.cell"	0.00479386385426654
"475"	"nk.cell"	"lung.microvascular.endothelial.cell"	0.00478468899521531
"713"	"naive.thymus.derived.cd8.positive..alpha.beta.t.cell"	"pulmonary.ionocyte"	0.00476190476190476
"781"	"mature.nk.t.cell"	"serous.cell.of.epithelium.of.bronchus"	0.00475435816164818
"328"	"naive.thymus.derived.cd4.positive..alpha.beta.t.cell"	"dendritic.cell"	0.00475059382422803
"518"	"memory.b.cell"	"mesothelial.cell"	0.00474683544303797
"792"	"type.i.nk.t.cell"	"serous.cell.of.epithelium.of.bronchus"	0.00474683544303797
"287"	"regulatory.t.cell"	"classical.monocyte"	0.004739336492891
"467"	"intermediate.monocyte"	"lung.microvascular.endothelial.cell"	0.00472813238770686
"853"	"mature.nk.t.cell"	"type.ii.pneumocyte"	0.00471698113207547
"864"	"type.i.nk.t.cell"	"type.ii.pneumocyte"	0.00470957613814757
"29"	"cd141.positive.myeloid.dendritic.cell"	"cd4.positive..alpha.beta.t.cell"	0.0046801872074883
"98"	"cd4.positive..alpha.beta.memory.t.cell"	"b.cell"	0.00466200466200466
"875"	"intermediate.monocyte"	"vascular.associated.smooth.muscle.cell"	0.0046583850931677
"658"	"innate.lymphoid.cell"	"plasma.cell"	0.00463678516228748
"108"	"macrophage"	"b.cell"	0.0046339202965709
"449"	"naive.thymus.derived.cd8.positive..alpha.beta.t.cell"	"lung.ciliated.cell"	0.00457317073170732
"474"	"neutrophil"	"lung.microvascular.endothelial.cell"	0.00456273764258555
"264"	"type.i.nk.t.cell"	"capillary.endothelial.cell"	0.00456100342075257
"905"	"naive.thymus.derived.cd8.positive..alpha.beta.t.cell"	"vein.endothelial.cell"	0.00455580865603645
"744"	"type.i.nk.t.cell"	"respiratory.goblet.cell"	0.00454545454545455
"724"	"cd8.positive..alpha.beta.t.cell"	"respiratory.goblet.cell"	0.00453514739229025
"67"	"nk.cell"	"adventitial.cell"	0.00449438202247191
"307"	"nk.cell"	"club.cell"	0.00447761194029851
"500"	"plasma.cell"	"macrophage"	0.00445765230312036
"542"	"memory.b.cell"	"myofibroblast.cell"	0.00445544554455446
"545"	"naive.thymus.derived.cd8.positive..alpha.beta.t.cell"	"myofibroblast.cell"	0.00442913385826772
"215"	"regulatory.t.cell"	"bronchial.vessel.endothelial.cell"	0.0043859649122807
"806"	"memory.b.cell"	"smooth.muscle.cell"	0.0043859649122807
"9"	"hematopoietic.stem.cell"	"cd8.positive..alpha.beta.t.cell"	0.00435097897026831
"575"	"regulatory.t.cell"	"neutrophil"	0.00435097897026831
"710"	"memory.b.cell"	"pulmonary.ionocyte"	0.00434971726837756
"843"	"cd8.positive..alpha.beta.memory.t.cell"	"type.ii.pneumocyte"	0.00433839479392625
"480"	"type.i.nk.t.cell"	"lung.microvascular.endothelial.cell"	0.00431034482758621
"89"	"naive.thymus.derived.cd8.positive..alpha.beta.t.cell"	"alveolar.fibroblast"	0.00429799426934097
"743"	"regulatory.t.cell"	"respiratory.goblet.cell"	0.00421052631578947
"884"	"plasma.cell"	"vascular.associated.smooth.muscle.cell"	0.00419287211740042
"656"	"erythrocyte"	"plasma.cell"	0.00417536534446764
"567"	"naive.b.cell"	"neutrophil"	0.00416377515614157
"32"	"erythrocyte"	"cd4.positive..alpha.beta.t.cell"	0.004149377593361
"912"	"type.i.nk.t.cell"	"vein.endothelial.cell"	0.004149377593361
"61"	"mature.nk.t.cell"	"adventitial.cell"	0.00413223140495868
"524"	"plasma.cell"	"mesothelial.cell"	0.00408163265306122
"38"	"memory.b.cell"	"cd4.positive..alpha.beta.t.cell"	0.00405679513184584
"712"	"naive.thymus.derived.cd4.positive..alpha.beta.t.cell"	"pulmonary.ionocyte"	0.0040394973070018
"256"	"naive.thymus.derived.cd4.positive..alpha.beta.t.cell"	"capillary.endothelial.cell"	0.00399467376830892
"759"	"naive.b.cell"	"respiratory.mucous.cell"	0.00398406374501992
"301"	"mature.nk.t.cell"	"club.cell"	0.00395256916996047
"784"	"naive.thymus.derived.cd4.positive..alpha.beta.t.cell"	"serous.cell.of.epithelium.of.bronchus"	0.00395256916996047
"137"	"naive.thymus.derived.cd8.positive..alpha.beta.t.cell"	"basal.cell"	0.00393700787401575
"614"	"memory.b.cell"	"non.classical.monocyte"	0.00393700787401575
"241"	"cd1c.positive.myeloid.dendritic.cell"	"capillary.endothelial.cell"	0.00392927308447937
"856"	"naive.thymus.derived.cd4.positive..alpha.beta.t.cell"	"type.ii.pneumocyte"	0.00391389432485323
"582"	"classical.monocyte"	"nk.cell"	0.00389105058365759
"232"	"naive.thymus.derived.cd4.positive..alpha.beta.t.cell"	"capillary.aerocyte"	0.0038860103626943
"774"	"classical.monocyte"	"serous.cell.of.epithelium.of.bronchus"	0.00388098318240621
"841"	"cd1c.positive.myeloid.dendritic.cell"	"type.ii.pneumocyte"	0.0038560411311054
"880"	"naive.thymus.derived.cd4.positive..alpha.beta.t.cell"	"vascular.associated.smooth.muscle.cell"	0.00384615384615385
"665"	"naive.thymus.derived.cd8.positive..alpha.beta.t.cell"	"plasma.cell"	0.00383141762452107
"730"	"innate.lymphoid.cell"	"respiratory.goblet.cell"	0.0038265306122449
"499"	"nk.cell"	"macrophage"	0.00380228136882129
"365"	"cd141.positive.myeloid.dendritic.cell"	"endothelial.cell.of.lymphatic.vessel"	0.00378310214375788
"237"	"plasmacytoid.dendritic.cell"	"capillary.aerocyte"	0.00373692077727952
"565"	"mature.nk.t.cell"	"neutrophil"	0.0037202380952381
"278"	"memory.b.cell"	"classical.monocyte"	0.00367647058823529
"63"	"naive.b.cell"	"adventitial.cell"	0.00364077669902913
"510"	"classical.monocyte"	"mesothelial.cell"	0.0036231884057971
"471"	"naive.b.cell"	"lung.microvascular.endothelial.cell"	0.0035650623885918
"1"	"cd1c.positive.myeloid.dendritic.cell"	"cd8.positive..alpha.beta.t.cell"	0.0035377358490566
"523"	"nk.cell"	"mesothelial.cell"	0.00352526439482961
"422"	"memory.b.cell"	"intermediate.monocyte"	0.00351493848857645
"351"	"naive.b.cell"	"endothelial.cell.of.artery"	0.00350877192982456
"374"	"memory.b.cell"	"endothelial.cell.of.lymphatic.vessel"	0.00347705146036161
"893"	"cd141.positive.myeloid.dendritic.cell"	"vein.endothelial.cell"	0.00347222222222222
"840"	"type.i.nk.t.cell"	"type.i.pneumocyte"	0.00346020761245675
"604"	"cd8.positive..alpha.beta.t.cell"	"non.classical.monocyte"	0.00345542501727713
"140"	"plasma.cell"	"basal.cell"	0.00333889816360601
"240"	"type.i.nk.t.cell"	"capillary.aerocyte"	0.00333704115684093
"64"	"naive.thymus.derived.cd4.positive..alpha.beta.t.cell"	"adventitial.cell"	0.00332778702163062
"888"	"type.i.nk.t.cell"	"vascular.associated.smooth.muscle.cell"	0.00330760749724366
"462"	"classical.monocyte"	"lung.microvascular.endothelial.cell"	0.00330578512396694
"672"	"type.i.nk.t.cell"	"plasma.cell"	0.00328947368421053
"627"	"cd8.positive..alpha.beta.memory.t.cell"	"pericyte.cell"	0.00328227571115974
"33"	"hematopoietic.stem.cell"	"cd4.positive..alpha.beta.t.cell"	0.00327600327600328
"761"	"naive.thymus.derived.cd8.positive..alpha.beta.t.cell"	"respiratory.mucous.cell"	0.00325732899022801
"522"	"neutrophil"	"mesothelial.cell"	0.00324675324675325
"434"	"cd4.positive..alpha.beta.memory.t.cell"	"lung.ciliated.cell"	0.00323275862068966
"274"	"innate.lymphoid.cell"	"classical.monocyte"	0.0031813361611877
"352"	"naive.thymus.derived.cd4.positive..alpha.beta.t.cell"	"endothelial.cell.of.artery"	0.00316455696202532
"670"	"platelet"	"plasma.cell"	0.00315258511979823
"164"	"plasma.cell"	"basophil"	0.00313971742543171
"521"	"naive.thymus.derived.cd8.positive..alpha.beta.t.cell"	"mesothelial.cell"	0.00310077519379845
"107"	"intermediate.monocyte"	"b.cell"	0.00309278350515464
"490"	"innate.lymphoid.cell"	"macrophage"	0.00309278350515464
"289"	"cd1c.positive.myeloid.dendritic.cell"	"club.cell"	0.00308641975308642
"569"	"naive.thymus.derived.cd8.positive..alpha.beta.t.cell"	"neutrophil"	0.00306983883346124
"757"	"mature.nk.t.cell"	"respiratory.mucous.cell"	0.00304878048780488
"62"	"memory.b.cell"	"adventitial.cell"	0.00297176820208024
"460"	"cd8.positive..alpha.beta.t.cell"	"lung.microvascular.endothelial.cell"	0.00296515937731653
"306"	"neutrophil"	"club.cell"	0.00294117647058824
"795"	"cd8.positive..alpha.beta.memory.t.cell"	"smooth.muscle.cell"	0.00294117647058824
"596"	"plasma.cell"	"nk.cell"	0.00292740046838408
"376"	"naive.thymus.derived.cd4.positive..alpha.beta.t.cell"	"endothelial.cell.of.lymphatic.vessel"	0.00292611558156547
"398"	"memory.b.cell"	"fibroblast"	0.00291788245102126
"126"	"classical.monocyte"	"basal.cell"	0.00289017341040462
"290"	"cd4.positive..alpha.beta.memory.t.cell"	"club.cell"	0.00285714285714286
"195"	"cd8.positive..alpha.beta.memory.t.cell"	"bronchial.vessel.endothelial.cell"	0.00284900284900285
"184"	"naive.thymus.derived.cd4.positive..alpha.beta.t.cell"	"bronchial.smooth.muscle.cell"	0.00284495021337127
"904"	"naive.thymus.derived.cd4.positive..alpha.beta.t.cell"	"vein.endothelial.cell"	0.00280898876404494
"242"	"cd4.positive..alpha.beta.memory.t.cell"	"capillary.endothelial.cell"	0.00277392510402219
"219"	"cd8.positive..alpha.beta.memory.t.cell"	"capillary.aerocyte"	0.00276625172890733
"320"	"erythrocyte"	"dendritic.cell"	0.00276243093922652
"619"	"nk.cell"	"non.classical.monocyte"	0.00275103163686382
"833"	"naive.thymus.derived.cd8.positive..alpha.beta.t.cell"	"type.i.pneumocyte"	0.00269299820466786
"283"	"nk.cell"	"classical.monocyte"	0.00262123197903014
"544"	"naive.thymus.derived.cd4.positive..alpha.beta.t.cell"	"myofibroblast.cell"	0.00256147540983607
"519"	"naive.b.cell"	"mesothelial.cell"	0.00254777070063694
"185"	"naive.thymus.derived.cd8.positive..alpha.beta.t.cell"	"bronchial.smooth.muscle.cell"	0.00254129606099111
"92"	"plasma.cell"	"alveolar.fibroblast"	0.00253164556962025
"652"	"cd8.positive..alpha.beta.t.cell"	"plasma.cell"	0.00252312867956266
"653"	"cd141.positive.myeloid.dendritic.cell"	"plasma.cell"	0.00251256281407035
"737"	"naive.thymus.derived.cd8.positive..alpha.beta.t.cell"	"respiratory.goblet.cell"	0.00251256281407035
"12"	"macrophage"	"cd8.positive..alpha.beta.t.cell"	0.00249584026622296
"473"	"naive.thymus.derived.cd8.positive..alpha.beta.t.cell"	"lung.microvascular.endothelial.cell"	0.0023696682464455
"230"	"memory.b.cell"	"capillary.aerocyte"	0.00236686390532544
"902"	"memory.b.cell"	"vein.endothelial.cell"	0.00233644859813084
"103"	"endothelial.cell"	"b.cell"	0.00229445506692161
"581"	"cd141.positive.myeloid.dendritic.cell"	"nk.cell"	0.00227920227920228
"188"	"plasma.cell"	"bronchial.smooth.muscle.cell"	0.00227790432801822
"733"	"mature.nk.t.cell"	"respiratory.goblet.cell"	0.00227272727272727
"698"	"cd4.positive..alpha.beta.memory.t.cell"	"pulmonary.ionocyte"	0.00227169468423444
"741"	"plasmacytoid.dendritic.cell"	"respiratory.goblet.cell"	0.00227014755959137
"362"	"cd4.positive..alpha.beta.memory.t.cell"	"endothelial.cell.of.lymphatic.vessel"	0.00224382946896036
"411"	"cd8.positive..alpha.beta.memory.t.cell"	"intermediate.monocyte"	0.00223214285714286
"576"	"type.i.nk.t.cell"	"neutrophil"	0.0022271714922049
"483"	"cd8.positive..alpha.beta.memory.t.cell"	"macrophage"	0.00222222222222222
"477"	"plasmacytoid.dendritic.cell"	"lung.microvascular.endothelial.cell"	0.00220994475138122
"892"	"cd8.positive..alpha.beta.t.cell"	"vein.endothelial.cell"	0.00219298245614035
"260"	"plasma.cell"	"capillary.endothelial.cell"	0.00215749730312837
"469"	"mature.nk.t.cell"	"lung.microvascular.endothelial.cell"	0.0021551724137931
"626"	"cd4.positive..alpha.beta.memory.t.cell"	"pericyte.cell"	0.00214132762312634
"42"	"neutrophil"	"cd4.positive..alpha.beta.t.cell"	0.0021398002853067
"138"	"neutrophil"	"basal.cell"	0.00213523131672598
"530"	"cd4.positive..alpha.beta.memory.t.cell"	"myofibroblast.cell"	0.00208116545265349
"747"	"cd8.positive..alpha.beta.memory.t.cell"	"respiratory.mucous.cell"	0.00207900207900208
"657"	"hematopoietic.stem.cell"	"plasma.cell"	0.00204498977505112
"740"	"plasma.cell"	"respiratory.goblet.cell"	0.00204498977505112
"45"	"plasmacytoid.dendritic.cell"	"cd4.positive..alpha.beta.t.cell"	0.00202224469160768
"579"	"cd8.positive..alpha.beta.memory.t.cell"	"nk.cell"	0.00202020202020202
"553"	"cd1c.positive.myeloid.dendritic.cell"	"neutrophil"	0.00201612903225806
"496"	"naive.thymus.derived.cd4.positive..alpha.beta.t.cell"	"macrophage"	0.002
"746"	"cd4.positive..alpha.beta.memory.t.cell"	"respiratory.mucous.cell"	0.002
"818"	"cd4.positive..alpha.beta.memory.t.cell"	"type.i.pneumocyte"	0.002
"621"	"plasmacytoid.dendritic.cell"	"non.classical.monocyte"	0.00199203187250996
"312"	"type.i.nk.t.cell"	"club.cell"	0.00196850393700787
"476"	"plasma.cell"	"lung.microvascular.endothelial.cell"	0.00194931773879142
"675"	"cd8.positive..alpha.beta.memory.t.cell"	"plasmacytoid.dendritic.cell"	0.00192678227360308
"755"	"intermediate.monocyte"	"respiratory.mucous.cell"	0.00192122958693564
"908"	"plasma.cell"	"vein.endothelial.cell"	0.00188323917137476
"590"	"memory.b.cell"	"nk.cell"	0.00186683260734287
"133"	"mature.nk.t.cell"	"basal.cell"	0.00181488203266788
"520"	"naive.thymus.derived.cd4.positive..alpha.beta.t.cell"	"mesothelial.cell"	0.00177935943060498
"613"	"mature.nk.t.cell"	"non.classical.monocyte"	0.00177619893428064
"75"	"cd8.positive..alpha.beta.memory.t.cell"	"alveolar.fibroblast"	0.00176678445229682
"387"	"cd8.positive..alpha.beta.memory.t.cell"	"fibroblast"	0.00175438596491228
"50"	"cd4.positive..alpha.beta.memory.t.cell"	"adventitial.cell"	0.00175131348511384
"782"	"memory.b.cell"	"serous.cell.of.epithelium.of.bronchus"	0.00172711571675302
"857"	"naive.thymus.derived.cd8.positive..alpha.beta.t.cell"	"type.ii.pneumocyte"	0.00167785234899329
"44"	"plasma.cell"	"cd4.positive..alpha.beta.t.cell"	0.0016750418760469
"332"	"plasma.cell"	"dendritic.cell"	0.0016750418760469
"288"	"type.i.nk.t.cell"	"classical.monocyte"	0.00166666666666667
"739"	"nk.cell"	"respiratory.goblet.cell"	0.00165289256198347
"421"	"mature.nk.t.cell"	"intermediate.monocyte"	0.0016025641025641
"889"	"cd1c.positive.myeloid.dendritic.cell"	"vein.endothelial.cell"	0.0016025641025641
"493"	"mature.nk.t.cell"	"macrophage"	0.00159744408945687
"566"	"memory.b.cell"	"neutrophil"	0.00154679040989946
"171"	"cd8.positive..alpha.beta.memory.t.cell"	"bronchial.smooth.muscle.cell"	0.00152905198776758
"363"	"cd8.positive..alpha.beta.memory.t.cell"	"endothelial.cell.of.lymphatic.vessel"	0.00151630022744503
"261"	"plasmacytoid.dendritic.cell"	"capillary.endothelial.cell"	0.00151515151515152
"791"	"regulatory.t.cell"	"serous.cell.of.epithelium.of.bronchus"	0.00149476831091181
"170"	"cd4.positive..alpha.beta.memory.t.cell"	"bronchial.smooth.muscle.cell"	0.00148588410104012
"65"	"naive.thymus.derived.cd8.positive..alpha.beta.t.cell"	"adventitial.cell"	0.00145772594752187
"30"	"classical.monocyte"	"cd4.positive..alpha.beta.t.cell"	0.00144927536231884
"350"	"memory.b.cell"	"endothelial.cell.of.artery"	0.00141843971631206
"194"	"cd4.positive..alpha.beta.memory.t.cell"	"bronchial.vessel.endothelial.cell"	0.00138504155124654
"218"	"cd4.positive..alpha.beta.memory.t.cell"	"capillary.aerocyte"	0.00134589502018843
"866"	"cd4.positive..alpha.beta.memory.t.cell"	"vascular.associated.smooth.muscle.cell"	0.00133155792276964
"578"	"cd4.positive..alpha.beta.memory.t.cell"	"nk.cell"	0.00132890365448505
"386"	"cd4.positive..alpha.beta.memory.t.cell"	"fibroblast"	0.00130434782608696
"509"	"cd141.positive.myeloid.dendritic.cell"	"mesothelial.cell"	0.00127713920817369
"674"	"cd4.positive..alpha.beta.memory.t.cell"	"plasmacytoid.dendritic.cell"	0.00126823081800888
"660"	"macrophage"	"plasma.cell"	0.00125156445556946
"5"	"cd141.positive.myeloid.dendritic.cell"	"cd8.positive..alpha.beta.t.cell"	0.0012453300124533
"356"	"plasma.cell"	"endothelial.cell.of.artery"	0.00123762376237624
"254"	"memory.b.cell"	"capillary.endothelial.cell"	0.00121212121212121
"192"	"type.i.nk.t.cell"	"bronchial.smooth.muscle.cell"	0.00120336943441637
"752"	"erythrocyte"	"respiratory.mucous.cell"	0.00119904076738609
"205"	"mature.nk.t.cell"	"bronchial.vessel.endothelial.cell"	0.00113765642775882
"7"	"endothelial.cell"	"cd8.positive..alpha.beta.t.cell"	0.00109529025191676
"435"	"cd8.positive..alpha.beta.memory.t.cell"	"lung.ciliated.cell"	0.00108636610537751
"418"	"innate.lymphoid.cell"	"intermediate.monocyte"	0.00103092783505155
"794"	"cd4.positive..alpha.beta.memory.t.cell"	"smooth.muscle.cell"	0.000960614793467819
"36"	"macrophage"	"cd4.positive..alpha.beta.t.cell"	0.000957854406130268
"808"	"naive.thymus.derived.cd4.positive..alpha.beta.t.cell"	"smooth.muscle.cell"	0.000932835820895522
"809"	"naive.thymus.derived.cd8.positive..alpha.beta.t.cell"	"smooth.muscle.cell"	0.000865051903114187
"400"	"naive.thymus.derived.cd4.positive..alpha.beta.t.cell"	"fibroblast"	0.000857632933104631
"555"	"cd8.positive..alpha.beta.memory.t.cell"	"neutrophil"	0.000853242320819113
"554"	"cd4.positive..alpha.beta.memory.t.cell"	"neutrophil"	0.000839630562552477
"592"	"naive.thymus.derived.cd4.positive..alpha.beta.t.cell"	"nk.cell"	0.000650618087182824
"531"	"cd8.positive..alpha.beta.memory.t.cell"	"myofibroblast.cell"	0.000524658971668416
"31"	"endothelial.cell"	"cd4.positive..alpha.beta.t.cell"	0.000387446726075165
"6"	"classical.monocyte"	"cd8.positive..alpha.beta.t.cell"	0
"14"	"memory.b.cell"	"cd8.positive..alpha.beta.t.cell"	0
"25"	"cd1c.positive.myeloid.dendritic.cell"	"cd4.positive..alpha.beta.t.cell"	0
"51"	"cd8.positive..alpha.beta.memory.t.cell"	"adventitial.cell"	0
"72"	"type.i.nk.t.cell"	"adventitial.cell"	0
"99"	"cd8.positive..alpha.beta.memory.t.cell"	"b.cell"	0
"102"	"classical.monocyte"	"b.cell"	0
"123"	"cd8.positive..alpha.beta.memory.t.cell"	"basal.cell"	0
"144"	"type.i.nk.t.cell"	"basal.cell"	0
"209"	"naive.thymus.derived.cd8.positive..alpha.beta.t.cell"	"bronchial.vessel.endothelial.cell"	0
"236"	"plasma.cell"	"capillary.aerocyte"	0
"243"	"cd8.positive..alpha.beta.memory.t.cell"	"capillary.endothelial.cell"	0
"266"	"cd4.positive..alpha.beta.memory.t.cell"	"classical.monocyte"	0
"267"	"cd8.positive..alpha.beta.memory.t.cell"	"classical.monocyte"	0
"277"	"mature.nk.t.cell"	"classical.monocyte"	0
"280"	"naive.thymus.derived.cd4.positive..alpha.beta.t.cell"	"classical.monocyte"	0
"284"	"plasma.cell"	"classical.monocyte"	0
"291"	"cd8.positive..alpha.beta.memory.t.cell"	"club.cell"	0
"305"	"naive.thymus.derived.cd8.positive..alpha.beta.t.cell"	"club.cell"	0
"308"	"plasma.cell"	"club.cell"	0
"314"	"cd4.positive..alpha.beta.memory.t.cell"	"dendritic.cell"	0
"339"	"cd8.positive..alpha.beta.memory.t.cell"	"endothelial.cell.of.artery"	0
"410"	"cd4.positive..alpha.beta.memory.t.cell"	"intermediate.monocyte"	0
"424"	"naive.thymus.derived.cd4.positive..alpha.beta.t.cell"	"intermediate.monocyte"	0
"428"	"plasma.cell"	"intermediate.monocyte"	0
"458"	"cd4.positive..alpha.beta.memory.t.cell"	"lung.microvascular.endothelial.cell"	0
"459"	"cd8.positive..alpha.beta.memory.t.cell"	"lung.microvascular.endothelial.cell"	0
"482"	"cd4.positive..alpha.beta.memory.t.cell"	"macrophage"	0
"506"	"cd4.positive..alpha.beta.memory.t.cell"	"mesothelial.cell"	0
"507"	"cd8.positive..alpha.beta.memory.t.cell"	"mesothelial.cell"	0
"568"	"naive.thymus.derived.cd4.positive..alpha.beta.t.cell"	"neutrophil"	0
"572"	"plasma.cell"	"neutrophil"	0
"602"	"cd4.positive..alpha.beta.memory.t.cell"	"non.classical.monocyte"	0
"603"	"cd8.positive..alpha.beta.memory.t.cell"	"non.classical.monocyte"	0
"616"	"naive.thymus.derived.cd4.positive..alpha.beta.t.cell"	"non.classical.monocyte"	0
"620"	"plasma.cell"	"non.classical.monocyte"	0
"640"	"naive.thymus.derived.cd4.positive..alpha.beta.t.cell"	"pericyte.cell"	0
"651"	"cd8.positive..alpha.beta.memory.t.cell"	"plasma.cell"	0
"654"	"classical.monocyte"	"plasma.cell"	0
"655"	"endothelial.cell"	"plasma.cell"	0
"659"	"intermediate.monocyte"	"plasma.cell"	0
"661"	"mature.nk.t.cell"	"plasma.cell"	0
"664"	"naive.thymus.derived.cd4.positive..alpha.beta.t.cell"	"plasma.cell"	0
"666"	"neutrophil"	"plasma.cell"	0
"667"	"nk.cell"	"plasma.cell"	0
"688"	"naive.thymus.derived.cd4.positive..alpha.beta.t.cell"	"plasmacytoid.dendritic.cell"	0
"699"	"cd8.positive..alpha.beta.memory.t.cell"	"pulmonary.ionocyte"	0
"721"	"cd1c.positive.myeloid.dendritic.cell"	"respiratory.goblet.cell"	0
"722"	"cd4.positive..alpha.beta.memory.t.cell"	"respiratory.goblet.cell"	0
"723"	"cd8.positive..alpha.beta.memory.t.cell"	"respiratory.goblet.cell"	0
"758"	"memory.b.cell"	"respiratory.mucous.cell"	0
"760"	"naive.thymus.derived.cd4.positive..alpha.beta.t.cell"	"respiratory.mucous.cell"	0
"770"	"cd4.positive..alpha.beta.memory.t.cell"	"serous.cell.of.epithelium.of.bronchus"	0
"771"	"cd8.positive..alpha.beta.memory.t.cell"	"serous.cell.of.epithelium.of.bronchus"	0
"785"	"naive.thymus.derived.cd8.positive..alpha.beta.t.cell"	"serous.cell.of.epithelium.of.bronchus"	0
"819"	"cd8.positive..alpha.beta.memory.t.cell"	"type.i.pneumocyte"	0
"842"	"cd4.positive..alpha.beta.memory.t.cell"	"type.ii.pneumocyte"	0
"890"	"cd4.positive..alpha.beta.memory.t.cell"	"vein.endothelial.cell"	0
"891"	"cd8.positive..alpha.beta.memory.t.cell"	"vein.endothelial.cell"	0
"901"	"mature.nk.t.cell"	"vein.endothelial.cell"	0
"909"	"plasmacytoid.dendritic.cell"	"vein.endothelial.cell"	0
