"Spleen"	"Bone marrow"	"value"
"80"	"erythrocyte"	"erythrocyte"	0.51888341543514
"306"	"neutrophil"	"nampt.neutrophil"	0.478365384615385
"380"	"plasma.cell"	"plasma.cell"	0.409340659340659
"59"	"intermediate.monocyte"	"cd24.neutrophil"	0.361631753031974
"279"	"naive.b.cell"	"naive.b.cell"	0.296851574212894
"330"	"neutrophil"	"neutrophil"	0.281054823039556
"355"	"nk.cell"	"nk.cell"	0.251805985552116
"206"	"memory.b.cell"	"memory.b.cell"	0.220735785953177
"174"	"classical.monocyte"	"macrophage"	0.209876543209877
"16"	"naive.thymus.derived.cd4.positive..alpha.beta.t.cell"	"cd4.positive..alpha.beta.t.cell"	0.203619909502262
"2"	"cd4.positive..alpha.beta.memory.t.cell"	"cd4.positive..alpha.beta.t.cell"	0.163366336633663
"323"	"intermediate.monocyte"	"neutrophil"	0.152556580050293
"105"	"hematopoietic.stem.cell"	"erythroid.progenitor"	0.142660234321158
"124"	"cd8.positive..alpha.beta.t.cell"	"granulocyte"	0.139389193422083
"222"	"classical.monocyte"	"monocyte"	0.131634819532909
"180"	"macrophage"	"macrophage"	0.131212723658052
"249"	"hematopoietic.stem.cell"	"myeloid.progenitor"	0.125813449023861
"23"	"regulatory.t.cell"	"cd4.positive..alpha.beta.t.cell"	0.123359580052493
"207"	"naive.b.cell"	"memory.b.cell"	0.121475054229935
"41"	"naive.thymus.derived.cd8.positive..alpha.beta.t.cell"	"cd8.positive..alpha.beta.t.cell"	0.121212121212121
"100"	"cd8.positive..alpha.beta.t.cell"	"erythroid.progenitor"	0.121103117505995
"381"	"plasmacytoid.dendritic.cell"	"plasma.cell"	0.110294117647059
"48"	"type.i.nk.t.cell"	"cd8.positive..alpha.beta.t.cell"	0.102161100196464
"278"	"memory.b.cell"	"naive.b.cell"	0.100308641975309
"228"	"macrophage"	"monocyte"	0.0977722772277228
"129"	"hematopoietic.stem.cell"	"granulocyte"	0.0865384615384615
"360"	"type.i.nk.t.cell"	"nk.cell"	0.0715015321756895
"353"	"naive.thymus.derived.cd8.positive..alpha.beta.t.cell"	"nk.cell"	0.0702127659574468
"262"	"platelet"	"myeloid.progenitor"	0.0674544559330379
"27"	"cd8.positive..alpha.beta.memory.t.cell"	"cd8.positive..alpha.beta.t.cell"	0.0666666666666667
"117"	"plasmacytoid.dendritic.cell"	"erythroid.progenitor"	0.0650710545998504
"47"	"regulatory.t.cell"	"cd8.positive..alpha.beta.t.cell"	0.0623885918003565
"104"	"erythrocyte"	"erythroid.progenitor"	0.0584474885844749
"349"	"mature.nk.t.cell"	"nk.cell"	0.0564516129032258
"154"	"innate.lymphoid.cell"	"hematopoietic.stem.cell"	0.0552208835341365
"37"	"mature.nk.t.cell"	"cd8.positive..alpha.beta.t.cell"	0.0526315789473684
"57"	"hematopoietic.stem.cell"	"cd24.neutrophil"	0.0524137931034483
"94"	"platelet"	"erythrocyte"	0.0495100567302733
"153"	"hematopoietic.stem.cell"	"hematopoietic.stem.cell"	0.0485952923310554
"151"	"endothelial.cell"	"hematopoietic.stem.cell"	0.0482388973966309
"97"	"cd1c.positive.myeloid.dendritic.cell"	"erythroid.progenitor"	0.0475302889095993
"247"	"endothelial.cell"	"myeloid.progenitor"	0.0474478792235802
"244"	"cd8.positive..alpha.beta.t.cell"	"myeloid.progenitor"	0.0442739079102715
"173"	"cd141.positive.myeloid.dendritic.cell"	"macrophage"	0.0439093484419263
"346"	"innate.lymphoid.cell"	"nk.cell"	0.0434131736526946
"118"	"platelet"	"erythroid.progenitor"	0.0432183908045977
"166"	"platelet"	"hematopoietic.stem.cell"	0.0418410041841004
"66"	"neutrophil"	"cd24.neutrophil"	0.0396099939061548
"197"	"cd141.positive.myeloid.dendritic.cell"	"memory.b.cell"	0.0383838383838384
"334"	"platelet"	"neutrophil"	0.0383036935704514
"299"	"intermediate.monocyte"	"nampt.neutrophil"	0.0377643504531722
"70"	"platelet"	"cd24.neutrophil"	0.036372453928225
"269"	"cd141.positive.myeloid.dendritic.cell"	"naive.b.cell"	0.0360576923076923
"285"	"plasmacytoid.dendritic.cell"	"naive.b.cell"	0.0359897172236504
"358"	"platelet"	"nk.cell"	0.0331858407079646
"55"	"endothelial.cell"	"cd24.neutrophil"	0.031484794275492
"141"	"plasmacytoid.dendritic.cell"	"granulocyte"	0.0295918367346939
"10"	"innate.lymphoid.cell"	"cd4.positive..alpha.beta.t.cell"	0.0292887029288703
"310"	"platelet"	"nampt.neutrophil"	0.0289330922242315
"213"	"plasmacytoid.dendritic.cell"	"memory.b.cell"	0.028673835125448
"319"	"endothelial.cell"	"neutrophil"	0.0282312925170068
"190"	"platelet"	"macrophage"	0.0266098988823842
"340"	"cd8.positive..alpha.beta.t.cell"	"nk.cell"	0.0259671436142024
"149"	"cd141.positive.myeloid.dendritic.cell"	"hematopoietic.stem.cell"	0.0256410256410256
"189"	"plasmacytoid.dendritic.cell"	"macrophage"	0.0255439924314096
"28"	"cd8.positive..alpha.beta.t.cell"	"cd8.positive..alpha.beta.t.cell"	0.0254957507082153
"145"	"cd1c.positive.myeloid.dendritic.cell"	"hematopoietic.stem.cell"	0.0254237288135593
"361"	"cd1c.positive.myeloid.dendritic.cell"	"plasma.cell"	0.0253807106598985
"221"	"cd141.positive.myeloid.dendritic.cell"	"monocyte"	0.0253164556962025
"186"	"neutrophil"	"macrophage"	0.0246238030095759
"126"	"classical.monocyte"	"granulocyte"	0.0245664739884393
"103"	"endothelial.cell"	"erythroid.progenitor"	0.024116847826087
"202"	"innate.lymphoid.cell"	"memory.b.cell"	0.0240963855421687
"43"	"nk.cell"	"cd8.positive..alpha.beta.t.cell"	0.0240112994350282
"343"	"endothelial.cell"	"nk.cell"	0.0239282153539382
"79"	"endothelial.cell"	"erythrocyte"	0.0235553919764446
"271"	"endothelial.cell"	"naive.b.cell"	0.0226442658875091
"295"	"endothelial.cell"	"nampt.neutrophil"	0.0219817382482246
"193"	"cd1c.positive.myeloid.dendritic.cell"	"memory.b.cell"	0.0218579234972678
"212"	"plasma.cell"	"memory.b.cell"	0.0218340611353712
"125"	"cd141.positive.myeloid.dendritic.cell"	"granulocyte"	0.0216049382716049
"265"	"cd1c.positive.myeloid.dendritic.cell"	"naive.b.cell"	0.0213483146067416
"156"	"macrophage"	"hematopoietic.stem.cell"	0.0212585034013605
"223"	"endothelial.cell"	"monocyte"	0.02106149957877
"276"	"macrophage"	"naive.b.cell"	0.021018593371059
"250"	"innate.lymphoid.cell"	"myeloid.progenitor"	0.0199501246882793
"140"	"plasma.cell"	"granulocyte"	0.0198675496688742
"359"	"regulatory.t.cell"	"nk.cell"	0.019755409219191
"169"	"cd1c.positive.myeloid.dendritic.cell"	"macrophage"	0.0181818181818182
"60"	"macrophage"	"cd24.neutrophil"	0.0181543116490166
"215"	"regulatory.t.cell"	"memory.b.cell"	0.0178970917225951
"175"	"endothelial.cell"	"macrophage"	0.0178843226788432
"324"	"macrophage"	"neutrophil"	0.0171115674195756
"116"	"plasma.cell"	"erythroid.progenitor"	0.0167652859960552
"274"	"innate.lymphoid.cell"	"naive.b.cell"	0.0164383561643836
"252"	"macrophage"	"myeloid.progenitor"	0.0162361623616236
"108"	"macrophage"	"erythroid.progenitor"	0.015807560137457
"121"	"cd1c.positive.myeloid.dendritic.cell"	"granulocyte"	0.0157593123209169
"287"	"regulatory.t.cell"	"naive.b.cell"	0.0151706700379267
"284"	"plasma.cell"	"naive.b.cell"	0.0149253731343284
"241"	"cd1c.positive.myeloid.dendritic.cell"	"myeloid.progenitor"	0.0148809523809524
"300"	"macrophage"	"nampt.neutrophil"	0.014344262295082
"3"	"cd8.positive..alpha.beta.memory.t.cell"	"cd4.positive..alpha.beta.t.cell"	0.0140845070422535
"286"	"platelet"	"naive.b.cell"	0.0138203356367226
"294"	"classical.monocyte"	"nampt.neutrophil"	0.0134408602150538
"204"	"macrophage"	"memory.b.cell"	0.0132890365448505
"46"	"platelet"	"cd8.positive..alpha.beta.t.cell"	0.0131651124520022
"84"	"macrophage"	"erythrocyte"	0.0130293159609121
"127"	"endothelial.cell"	"granulocyte"	0.0128554733151539
"58"	"innate.lymphoid.cell"	"cd24.neutrophil"	0.012701100762066
"172"	"cd8.positive..alpha.beta.t.cell"	"macrophage"	0.0125744540039709
"318"	"classical.monocyte"	"neutrophil"	0.0125223613595707
"54"	"classical.monocyte"	"cd24.neutrophil"	0.0122448979591837
"261"	"plasmacytoid.dendritic.cell"	"myeloid.progenitor"	0.0122417750573833
"260"	"plasma.cell"	"myeloid.progenitor"	0.0119695321001088
"131"	"intermediate.monocyte"	"granulocyte"	0.0116896918172157
"321"	"hematopoietic.stem.cell"	"neutrophil"	0.0115361262902247
"106"	"innate.lymphoid.cell"	"erythroid.progenitor"	0.0114242193450114
"298"	"innate.lymphoid.cell"	"nampt.neutrophil"	0.0113636363636364
"348"	"macrophage"	"nk.cell"	0.0111329404060249
"45"	"plasmacytoid.dendritic.cell"	"cd8.positive..alpha.beta.t.cell"	0.0110998990918264
"254"	"memory.b.cell"	"myeloid.progenitor"	0.0110024449877751
"142"	"platelet"	"granulocyte"	0.0109051254089422
"61"	"mature.nk.t.cell"	"cd24.neutrophil"	0.0107015457788347
"81"	"hematopoietic.stem.cell"	"erythrocyte"	0.0106458481192335
"165"	"plasmacytoid.dendritic.cell"	"hematopoietic.stem.cell"	0.0105726872246696
"277"	"mature.nk.t.cell"	"naive.b.cell"	0.0105401844532279
"268"	"cd8.positive..alpha.beta.t.cell"	"naive.b.cell"	0.0103785103785104
"26"	"cd4.positive..alpha.beta.memory.t.cell"	"cd8.positive..alpha.beta.t.cell"	0.0100250626566416
"322"	"innate.lymphoid.cell"	"neutrophil"	0.00982615268329554
"281"	"naive.thymus.derived.cd8.positive..alpha.beta.t.cell"	"naive.b.cell"	0.00974930362116992
"132"	"macrophage"	"granulocyte"	0.00949667616334283
"31"	"endothelial.cell"	"cd8.positive..alpha.beta.t.cell"	0.00934215648112106
"375"	"naive.b.cell"	"plasma.cell"	0.00897666068222621
"34"	"innate.lymphoid.cell"	"cd8.positive..alpha.beta.t.cell"	0.0089086859688196
"357"	"plasmacytoid.dendritic.cell"	"nk.cell"	0.00880162491536899
"199"	"endothelial.cell"	"memory.b.cell"	0.00863842040312628
"238"	"platelet"	"monocyte"	0.00841346153846154
"293"	"cd141.positive.myeloid.dendritic.cell"	"nampt.neutrophil"	0.00837209302325581
"245"	"cd141.positive.myeloid.dendritic.cell"	"myeloid.progenitor"	0.00826446280991736
"128"	"erythrocyte"	"granulocyte"	0.00813008130081301
"339"	"cd8.positive..alpha.beta.memory.t.cell"	"nk.cell"	0.00809248554913295
"78"	"classical.monocyte"	"erythrocyte"	0.00792751981879955
"93"	"plasmacytoid.dendritic.cell"	"erythrocyte"	0.00762066045723963
"374"	"memory.b.cell"	"plasma.cell"	0.00737100737100737
"82"	"innate.lymphoid.cell"	"erythrocyte"	0.00736648250460405
"365"	"cd141.positive.myeloid.dendritic.cell"	"plasma.cell"	0.00720720720720721
"255"	"naive.b.cell"	"myeloid.progenitor"	0.00720164609053498
"87"	"naive.b.cell"	"erythrocyte"	0.00714285714285714
"325"	"mature.nk.t.cell"	"neutrophil"	0.00712105798575788
"4"	"cd8.positive..alpha.beta.t.cell"	"cd4.positive..alpha.beta.t.cell"	0.00708103855232101
"273"	"hematopoietic.stem.cell"	"naive.b.cell"	0.00697836706210747
"316"	"cd8.positive..alpha.beta.t.cell"	"neutrophil"	0.00697050938337802
"160"	"naive.thymus.derived.cd4.positive..alpha.beta.t.cell"	"hematopoietic.stem.cell"	0.00695652173913044
"163"	"nk.cell"	"hematopoietic.stem.cell"	0.00694444444444444
"90"	"neutrophil"	"erythrocyte"	0.0069052102950408
"211"	"nk.cell"	"memory.b.cell"	0.00689655172413793
"335"	"regulatory.t.cell"	"neutrophil"	0.00686947988223749
"167"	"regulatory.t.cell"	"hematopoietic.stem.cell"	0.00679347826086957
"36"	"macrophage"	"cd8.positive..alpha.beta.t.cell"	0.00667302192564347
"225"	"hematopoietic.stem.cell"	"monocyte"	0.00660377358490566
"101"	"cd141.positive.myeloid.dendritic.cell"	"erythroid.progenitor"	0.00654205607476636
"214"	"platelet"	"memory.b.cell"	0.00648967551622419
"309"	"plasmacytoid.dendritic.cell"	"nampt.neutrophil"	0.00632911392405063
"333"	"plasmacytoid.dendritic.cell"	"neutrophil"	0.00632466619817287
"372"	"macrophage"	"plasma.cell"	0.00628930817610063
"159"	"naive.b.cell"	"hematopoietic.stem.cell"	0.006265664160401
"69"	"plasmacytoid.dendritic.cell"	"cd24.neutrophil"	0.00623052959501558
"7"	"endothelial.cell"	"cd4.positive..alpha.beta.t.cell"	0.00622406639004149
"158"	"memory.b.cell"	"hematopoietic.stem.cell"	0.00618238021638331
"307"	"nk.cell"	"nampt.neutrophil"	0.00610287707061901
"331"	"nk.cell"	"neutrophil"	0.00609756097560976
"49"	"cd1c.positive.myeloid.dendritic.cell"	"cd24.neutrophil"	0.00608519269776876
"21"	"plasmacytoid.dendritic.cell"	"cd4.positive..alpha.beta.t.cell"	0.0060313630880579
"77"	"cd141.positive.myeloid.dendritic.cell"	"erythrocyte"	0.00596658711217184
"246"	"classical.monocyte"	"myeloid.progenitor"	0.00589970501474926
"179"	"intermediate.monocyte"	"macrophage"	0.00587659157688541
"345"	"hematopoietic.stem.cell"	"nk.cell"	0.0058343057176196
"17"	"naive.thymus.derived.cd8.positive..alpha.beta.t.cell"	"cd4.positive..alpha.beta.t.cell"	0.00574712643678161
"217"	"cd1c.positive.myeloid.dendritic.cell"	"monocyte"	0.00566037735849057
"68"	"plasma.cell"	"cd24.neutrophil"	0.00559284116331096
"282"	"neutrophil"	"naive.b.cell"	0.00557620817843866
"263"	"regulatory.t.cell"	"myeloid.progenitor"	0.00548245614035088
"19"	"nk.cell"	"cd4.positive..alpha.beta.t.cell"	0.00541516245487365
"83"	"intermediate.monocyte"	"erythrocyte"	0.00532386867790594
"53"	"cd141.positive.myeloid.dendritic.cell"	"cd24.neutrophil"	0.00531914893617021
"288"	"type.i.nk.t.cell"	"naive.b.cell"	0.00523560209424084
"13"	"mature.nk.t.cell"	"cd4.positive..alpha.beta.t.cell"	0.00512820512820513
"24"	"type.i.nk.t.cell"	"cd4.positive..alpha.beta.t.cell"	0.0051150895140665
"148"	"cd8.positive..alpha.beta.t.cell"	"hematopoietic.stem.cell"	0.00504731861198738
"92"	"plasma.cell"	"erythrocyte"	0.00504413619167718
"67"	"nk.cell"	"cd24.neutrophil"	0.00495049504950495
"119"	"regulatory.t.cell"	"erythroid.progenitor"	0.00493583415597236
"311"	"regulatory.t.cell"	"nampt.neutrophil"	0.00490196078431373
"56"	"erythrocyte"	"cd24.neutrophil"	0.00489236790606654
"88"	"naive.thymus.derived.cd4.positive..alpha.beta.t.cell"	"erythrocyte"	0.00484652665589661
"292"	"cd8.positive..alpha.beta.t.cell"	"nampt.neutrophil"	0.00481798715203426
"354"	"neutrophil"	"nk.cell"	0.00474934036939314
"40"	"naive.thymus.derived.cd4.positive..alpha.beta.t.cell"	"cd8.positive..alpha.beta.t.cell"	0.00462962962962963
"382"	"platelet"	"plasma.cell"	0.00458978772231784
"264"	"type.i.nk.t.cell"	"myeloid.progenitor"	0.00455580865603645
"12"	"macrophage"	"cd4.positive..alpha.beta.t.cell"	0.00452488687782805
"191"	"regulatory.t.cell"	"macrophage"	0.00444444444444444
"367"	"endothelial.cell"	"plasma.cell"	0.00442477876106195
"270"	"classical.monocyte"	"naive.b.cell"	0.00441988950276243
"91"	"nk.cell"	"erythrocyte"	0.0044004400440044
"130"	"innate.lymphoid.cell"	"granulocyte"	0.0044004400440044
"89"	"naive.thymus.derived.cd8.positive..alpha.beta.t.cell"	"erythrocyte"	0.0042674253200569
"329"	"naive.thymus.derived.cd8.positive..alpha.beta.t.cell"	"neutrophil"	0.00423728813559322
"195"	"cd8.positive..alpha.beta.memory.t.cell"	"memory.b.cell"	0.00413223140495868
"5"	"cd141.positive.myeloid.dendritic.cell"	"cd4.positive..alpha.beta.t.cell"	0.00412371134020619
"226"	"innate.lymphoid.cell"	"monocyte"	0.00408719346049046
"234"	"neutrophil"	"monocyte"	0.00402576489533011
"383"	"regulatory.t.cell"	"plasma.cell"	0.00401606425702811
"95"	"regulatory.t.cell"	"erythrocyte"	0.00384122919334187
"259"	"nk.cell"	"myeloid.progenitor"	0.00383877159309021
"177"	"hematopoietic.stem.cell"	"macrophage"	0.00380807311500381
"1"	"cd1c.positive.myeloid.dendritic.cell"	"cd4.positive..alpha.beta.t.cell"	0.0037593984962406
"187"	"nk.cell"	"macrophage"	0.00373134328358209
"317"	"cd141.positive.myeloid.dendritic.cell"	"neutrophil"	0.00370027752081406
"327"	"naive.b.cell"	"neutrophil"	0.003690036900369
"290"	"cd4.positive..alpha.beta.memory.t.cell"	"nampt.neutrophil"	0.00361881785283474
"198"	"classical.monocyte"	"memory.b.cell"	0.0035778175313059
"150"	"classical.monocyte"	"hematopoietic.stem.cell"	0.00355450236966825
"341"	"cd141.positive.myeloid.dendritic.cell"	"nk.cell"	0.00351185250219491
"363"	"cd8.positive..alpha.beta.memory.t.cell"	"plasma.cell"	0.00348432055749129
"253"	"mature.nk.t.cell"	"myeloid.progenitor"	0.00341685649202733
"71"	"regulatory.t.cell"	"cd24.neutrophil"	0.00339750849377123
"74"	"cd4.positive..alpha.beta.memory.t.cell"	"erythrocyte"	0.0033955857385399
"362"	"cd4.positive..alpha.beta.memory.t.cell"	"plasma.cell"	0.00326797385620915
"110"	"memory.b.cell"	"erythroid.progenitor"	0.00324324324324324
"283"	"nk.cell"	"naive.b.cell"	0.00322927879440258
"196"	"cd8.positive..alpha.beta.t.cell"	"memory.b.cell"	0.00306983883346124
"76"	"cd8.positive..alpha.beta.t.cell"	"erythrocyte"	0.00306560392397302
"29"	"cd141.positive.myeloid.dendritic.cell"	"cd8.positive..alpha.beta.t.cell"	0.00306278713629403
"39"	"naive.b.cell"	"cd8.positive..alpha.beta.t.cell"	0.00304878048780488
"336"	"type.i.nk.t.cell"	"neutrophil"	0.00303643724696356
"297"	"hematopoietic.stem.cell"	"nampt.neutrophil"	0.00301204819277108
"22"	"platelet"	"cd4.positive..alpha.beta.t.cell"	0.0029868578255675
"157"	"mature.nk.t.cell"	"hematopoietic.stem.cell"	0.00284495021337127
"42"	"neutrophil"	"cd8.positive..alpha.beta.t.cell"	0.0028328611898017
"85"	"mature.nk.t.cell"	"erythrocyte"	0.00268096514745308
"209"	"naive.thymus.derived.cd8.positive..alpha.beta.t.cell"	"memory.b.cell"	0.00265957446808511
"256"	"naive.thymus.derived.cd4.positive..alpha.beta.t.cell"	"myeloid.progenitor"	0.00265604249667995
"351"	"naive.b.cell"	"nk.cell"	0.0026246719160105
"227"	"intermediate.monocyte"	"monocyte"	0.00258397932816537
"229"	"mature.nk.t.cell"	"monocyte"	0.00256410256410256
"240"	"type.i.nk.t.cell"	"monocyte"	0.00255754475703325
"337"	"cd1c.positive.myeloid.dendritic.cell"	"nk.cell"	0.0025273799494524
"370"	"innate.lymphoid.cell"	"plasma.cell"	0.00247524752475248
"237"	"plasmacytoid.dendritic.cell"	"monocyte"	0.00240673886883273
"314"	"cd4.positive..alpha.beta.memory.t.cell"	"neutrophil"	0.00240673886883273
"216"	"type.i.nk.t.cell"	"memory.b.cell"	0.00238663484486874
"72"	"type.i.nk.t.cell"	"cd24.neutrophil"	0.00235571260306243
"239"	"regulatory.t.cell"	"monocyte"	0.00234741784037559
"52"	"cd8.positive..alpha.beta.t.cell"	"cd24.neutrophil"	0.00230680507497117
"73"	"cd1c.positive.myeloid.dendritic.cell"	"erythrocyte"	0.00225225225225225
"384"	"type.i.nk.t.cell"	"plasma.cell"	0.0021551724137931
"120"	"type.i.nk.t.cell"	"erythroid.progenitor"	0.00203873598369011
"178"	"innate.lymphoid.cell"	"macrophage"	0.00202839756592292
"301"	"mature.nk.t.cell"	"nampt.neutrophil"	0.00202634245187437
"312"	"type.i.nk.t.cell"	"nampt.neutrophil"	0.00202429149797571
"38"	"memory.b.cell"	"cd8.positive..alpha.beta.t.cell"	0.00198019801980198
"134"	"memory.b.cell"	"granulocyte"	0.001953125
"332"	"plasma.cell"	"neutrophil"	0.00192864030858245
"162"	"neutrophil"	"hematopoietic.stem.cell"	0.00192554557124519
"111"	"naive.b.cell"	"erythroid.progenitor"	0.00185528756957328
"303"	"naive.b.cell"	"nampt.neutrophil"	0.00184331797235023
"155"	"intermediate.monocyte"	"hematopoietic.stem.cell"	0.00183823529411765
"146"	"cd4.positive..alpha.beta.memory.t.cell"	"hematopoietic.stem.cell"	0.00182815356489945
"356"	"plasma.cell"	"nk.cell"	0.00182648401826484
"289"	"cd1c.positive.myeloid.dendritic.cell"	"nampt.neutrophil"	0.00177147918511957
"313"	"cd1c.positive.myeloid.dendritic.cell"	"neutrophil"	0.00176991150442478
"275"	"intermediate.monocyte"	"naive.b.cell"	0.00173913043478261
"320"	"erythrocyte"	"neutrophil"	0.00171673819742489
"342"	"classical.monocyte"	"nk.cell"	0.00168350168350168
"200"	"erythrocyte"	"memory.b.cell"	0.00168067226890756
"185"	"naive.thymus.derived.cd8.positive..alpha.beta.t.cell"	"macrophage"	0.00166944908180301
"33"	"hematopoietic.stem.cell"	"cd8.positive..alpha.beta.t.cell"	0.00162074554294976
"379"	"nk.cell"	"plasma.cell"	0.00159235668789809
"210"	"neutrophil"	"memory.b.cell"	0.00157109190887667
"220"	"cd8.positive..alpha.beta.t.cell"	"monocyte"	0.00156617071260767
"280"	"naive.thymus.derived.cd4.positive..alpha.beta.t.cell"	"naive.b.cell"	0.0015625
"192"	"type.i.nk.t.cell"	"macrophage"	0.00155763239875389
"364"	"cd8.positive..alpha.beta.t.cell"	"plasma.cell"	0.00148148148148148
"107"	"intermediate.monocyte"	"erythroid.progenitor"	0.00146520146520147
"188"	"plasma.cell"	"macrophage"	0.00144927536231884
"25"	"cd1c.positive.myeloid.dendritic.cell"	"cd8.positive..alpha.beta.t.cell"	0.0014265335235378
"30"	"classical.monocyte"	"cd8.positive..alpha.beta.t.cell"	0.0014265335235378
"138"	"neutrophil"	"granulocyte"	0.00140745953553835
"347"	"intermediate.monocyte"	"nk.cell"	0.00139762403913347
"32"	"erythrocyte"	"cd8.positive..alpha.beta.t.cell"	0.00135869565217391
"183"	"naive.b.cell"	"macrophage"	0.0013531799729364
"96"	"type.i.nk.t.cell"	"erythrocyte"	0.00133689839572193
"164"	"plasma.cell"	"hematopoietic.stem.cell"	0.00132802124833997
"99"	"cd8.positive..alpha.beta.memory.t.cell"	"erythroid.progenitor"	0.00124223602484472
"257"	"naive.thymus.derived.cd8.positive..alpha.beta.t.cell"	"myeloid.progenitor"	0.00119331742243437
"304"	"naive.thymus.derived.cd4.positive..alpha.beta.t.cell"	"nampt.neutrophil"	0.00116009280742459
"328"	"naive.thymus.derived.cd4.positive..alpha.beta.t.cell"	"neutrophil"	0.00115874855156431
"152"	"erythrocyte"	"hematopoietic.stem.cell"	0.00113507377979569
"352"	"naive.thymus.derived.cd4.positive..alpha.beta.t.cell"	"nk.cell"	0.001085776330076
"326"	"memory.b.cell"	"neutrophil"	0.00106951871657754
"272"	"erythrocyte"	"naive.b.cell"	0.00106044538706257
"305"	"naive.thymus.derived.cd8.positive..alpha.beta.t.cell"	"nampt.neutrophil"	0.00105708245243129
"63"	"naive.b.cell"	"cd24.neutrophil"	0.00105596620908131
"109"	"mature.nk.t.cell"	"erythroid.progenitor"	0.00101936799184506
"308"	"plasma.cell"	"nampt.neutrophil"	0.000964320154291225
"201"	"hematopoietic.stem.cell"	"memory.b.cell"	0.000914076782449726
"102"	"classical.monocyte"	"erythroid.progenitor"	0.000890471950133571
"369"	"hematopoietic.stem.cell"	"plasma.cell"	0.000877963125548727
"115"	"nk.cell"	"erythroid.progenitor"	0.00087260034904014
"296"	"erythrocyte"	"nampt.neutrophil"	0.000858369098712446
"251"	"intermediate.monocyte"	"myeloid.progenitor"	0.000790513833992095
"258"	"neutrophil"	"myeloid.progenitor"	0.000576036866359447
"114"	"neutrophil"	"erythroid.progenitor"	0.000544365813826892
"6"	"classical.monocyte"	"cd4.positive..alpha.beta.t.cell"	0
"8"	"erythrocyte"	"cd4.positive..alpha.beta.t.cell"	0
"9"	"hematopoietic.stem.cell"	"cd4.positive..alpha.beta.t.cell"	0
"11"	"intermediate.monocyte"	"cd4.positive..alpha.beta.t.cell"	0
"14"	"memory.b.cell"	"cd4.positive..alpha.beta.t.cell"	0
"15"	"naive.b.cell"	"cd4.positive..alpha.beta.t.cell"	0
"18"	"neutrophil"	"cd4.positive..alpha.beta.t.cell"	0
"20"	"plasma.cell"	"cd4.positive..alpha.beta.t.cell"	0
"35"	"intermediate.monocyte"	"cd8.positive..alpha.beta.t.cell"	0
"44"	"plasma.cell"	"cd8.positive..alpha.beta.t.cell"	0
"50"	"cd4.positive..alpha.beta.memory.t.cell"	"cd24.neutrophil"	0
"51"	"cd8.positive..alpha.beta.memory.t.cell"	"cd24.neutrophil"	0
"62"	"memory.b.cell"	"cd24.neutrophil"	0
"64"	"naive.thymus.derived.cd4.positive..alpha.beta.t.cell"	"cd24.neutrophil"	0
"65"	"naive.thymus.derived.cd8.positive..alpha.beta.t.cell"	"cd24.neutrophil"	0
"75"	"cd8.positive..alpha.beta.memory.t.cell"	"erythrocyte"	0
"86"	"memory.b.cell"	"erythrocyte"	0
"98"	"cd4.positive..alpha.beta.memory.t.cell"	"erythroid.progenitor"	0
"112"	"naive.thymus.derived.cd4.positive..alpha.beta.t.cell"	"erythroid.progenitor"	0
"113"	"naive.thymus.derived.cd8.positive..alpha.beta.t.cell"	"erythroid.progenitor"	0
"122"	"cd4.positive..alpha.beta.memory.t.cell"	"granulocyte"	0
"123"	"cd8.positive..alpha.beta.memory.t.cell"	"granulocyte"	0
"133"	"mature.nk.t.cell"	"granulocyte"	0
"135"	"naive.b.cell"	"granulocyte"	0
"136"	"naive.thymus.derived.cd4.positive..alpha.beta.t.cell"	"granulocyte"	0
"137"	"naive.thymus.derived.cd8.positive..alpha.beta.t.cell"	"granulocyte"	0
"139"	"nk.cell"	"granulocyte"	0
"143"	"regulatory.t.cell"	"granulocyte"	0
"144"	"type.i.nk.t.cell"	"granulocyte"	0
"147"	"cd8.positive..alpha.beta.memory.t.cell"	"hematopoietic.stem.cell"	0
"161"	"naive.thymus.derived.cd8.positive..alpha.beta.t.cell"	"hematopoietic.stem.cell"	0
"168"	"type.i.nk.t.cell"	"hematopoietic.stem.cell"	0
"170"	"cd4.positive..alpha.beta.memory.t.cell"	"macrophage"	0
"171"	"cd8.positive..alpha.beta.memory.t.cell"	"macrophage"	0
"176"	"erythrocyte"	"macrophage"	0
"181"	"mature.nk.t.cell"	"macrophage"	0
"182"	"memory.b.cell"	"macrophage"	0
"184"	"naive.thymus.derived.cd4.positive..alpha.beta.t.cell"	"macrophage"	0
"194"	"cd4.positive..alpha.beta.memory.t.cell"	"memory.b.cell"	0
"203"	"intermediate.monocyte"	"memory.b.cell"	0
"205"	"mature.nk.t.cell"	"memory.b.cell"	0
"208"	"naive.thymus.derived.cd4.positive..alpha.beta.t.cell"	"memory.b.cell"	0
"218"	"cd4.positive..alpha.beta.memory.t.cell"	"monocyte"	0
"219"	"cd8.positive..alpha.beta.memory.t.cell"	"monocyte"	0
"224"	"erythrocyte"	"monocyte"	0
"230"	"memory.b.cell"	"monocyte"	0
"231"	"naive.b.cell"	"monocyte"	0
"232"	"naive.thymus.derived.cd4.positive..alpha.beta.t.cell"	"monocyte"	0
"233"	"naive.thymus.derived.cd8.positive..alpha.beta.t.cell"	"monocyte"	0
"235"	"nk.cell"	"monocyte"	0
"236"	"plasma.cell"	"monocyte"	0
"242"	"cd4.positive..alpha.beta.memory.t.cell"	"myeloid.progenitor"	0
"243"	"cd8.positive..alpha.beta.memory.t.cell"	"myeloid.progenitor"	0
"248"	"erythrocyte"	"myeloid.progenitor"	0
"266"	"cd4.positive..alpha.beta.memory.t.cell"	"naive.b.cell"	0
"267"	"cd8.positive..alpha.beta.memory.t.cell"	"naive.b.cell"	0
"291"	"cd8.positive..alpha.beta.memory.t.cell"	"nampt.neutrophil"	0
"302"	"memory.b.cell"	"nampt.neutrophil"	0
"315"	"cd8.positive..alpha.beta.memory.t.cell"	"neutrophil"	0
"338"	"cd4.positive..alpha.beta.memory.t.cell"	"nk.cell"	0
"344"	"erythrocyte"	"nk.cell"	0
"350"	"memory.b.cell"	"nk.cell"	0
"366"	"classical.monocyte"	"plasma.cell"	0
"368"	"erythrocyte"	"plasma.cell"	0
"371"	"intermediate.monocyte"	"plasma.cell"	0
"373"	"mature.nk.t.cell"	"plasma.cell"	0
"376"	"naive.thymus.derived.cd4.positive..alpha.beta.t.cell"	"plasma.cell"	0
"377"	"naive.thymus.derived.cd8.positive..alpha.beta.t.cell"	"plasma.cell"	0
"378"	"neutrophil"	"plasma.cell"	0
