"Trachea"	"Lung"	"value"
"366"	"ciliated.cell"	"lung.ciliated.cell"	0.581894736842105
"475"	"neutrophil"	"neutrophil"	0.524602026049204
"556"	"plasma.cell"	"plasma.cell"	0.354679802955665
"512"	"macrophage"	"non.classical.monocyte"	0.281167108753316
"133"	"mast.cell"	"basophil"	0.267716535433071
"50"	"fibroblast"	"adventitial.cell"	0.265255292652553
"5"	"cd8.positive..alpha.beta.t.cell"	"cd8.positive..alpha.beta.t.cell"	0.25197889182058
"103"	"basal.cell"	"basal.cell"	0.234185733512786
"591"	"ionocyte"	"pulmonary.ionocyte"	0.229346853563973
"209"	"endothelial.cell"	"capillary.endothelial.cell"	0.205776173285199
"82"	"b.cell"	"b.cell"	0.198738170347003
"67"	"connective.tissue.cell"	"alveolar.fibroblast"	0.198347107438017
"289"	"endothelial.cell"	"endothelial.cell.of.artery"	0.189562547966232
"739"	"smooth.muscle.cell"	"vascular.associated.smooth.muscle.cell"	0.184560780834073
"617"	"secretory.cell"	"respiratory.goblet.cell"	0.178571428571429
"352"	"macrophage"	"intermediate.monocyte"	0.176403207331042
"412"	"macrophage"	"macrophage"	0.171981776765376
"47"	"connective.tissue.cell"	"adventitial.cell"	0.170244263508512
"159"	"smooth.muscle.cell"	"bronchial.smooth.muscle.cell"	0.159594095940959
"232"	"macrophage"	"classical.monocyte"	0.154377880184332
"25"	"cd8.positive..alpha.beta.t.cell"	"cd4.positive..alpha.beta.t.cell"	0.153508771929825
"749"	"endothelial.cell"	"vein.endothelial.cell"	0.153079710144928
"389"	"endothelial.cell"	"lung.microvascular.endothelial.cell"	0.15032080659945
"272"	"macrophage"	"dendritic.cell"	0.144404332129964
"189"	"endothelial.cell"	"capillary.aerocyte"	0.143340094658553
"601"	"goblet.cell"	"respiratory.goblet.cell"	0.133208255159475
"70"	"fibroblast"	"alveolar.fibroblast"	0.131868131868132
"24"	"cd4.positive..alpha.beta.t.cell"	"cd4.positive..alpha.beta.t.cell"	0.125226860254083
"235"	"neutrophil"	"classical.monocyte"	0.122314049586777
"485"	"cd8.positive..alpha.beta.t.cell"	"nk.cell"	0.121979964643489
"169"	"endothelial.cell"	"bronchial.vessel.endothelial.cell"	0.119302949061662
"539"	"smooth.muscle.cell"	"pericyte.cell"	0.112820512820513
"658"	"serous.cell.of.epithelium.of.trachea"	"serous.cell.of.epithelium.of.bronchus"	0.106481481481481
"117"	"secretory.cell"	"basal.cell"	0.104575163398693
"309"	"endothelial.cell"	"endothelial.cell.of.lymphatic.vessel"	0.103232030873131
"488"	"double.positive..alpha.beta.thymocyte"	"nk.cell"	0.102968808718527
"641"	"goblet.cell"	"serous.cell.of.epithelium.of.bronchus"	0.0947802197802198
"327"	"connective.tissue.cell"	"fibroblast"	0.0930693069306931
"679"	"smooth.muscle.cell"	"smooth.muscle.cell"	0.0913364674278039
"614"	"mucus.secreting.cell"	"respiratory.goblet.cell"	0.0874125874125874
"355"	"neutrophil"	"intermediate.monocyte"	0.0847058823529412
"634"	"mucus.secreting.cell"	"respiratory.mucous.cell"	0.0839793281653747
"4"	"cd4.positive..alpha.beta.t.cell"	"cd8.positive..alpha.beta.t.cell"	0.0773480662983425
"20"	"t.cell"	"cd8.positive..alpha.beta.t.cell"	0.0767918088737201
"430"	"fibroblast"	"mesothelial.cell"	0.0760749724366042
"621"	"goblet.cell"	"respiratory.mucous.cell"	0.0718015665796345
"527"	"connective.tissue.cell"	"pericyte.cell"	0.0710352422907489
"8"	"double.positive..alpha.beta.thymocyte"	"cd8.positive..alpha.beta.t.cell"	0.0708491076257436
"568"	"double.positive..alpha.beta.thymocyte"	"plasmacytoid.dendritic.cell"	0.0663120567375887
"727"	"connective.tissue.cell"	"vascular.associated.smooth.muscle.cell"	0.0640483383685801
"331"	"ionocyte"	"fibroblast"	0.0611167002012072
"447"	"connective.tissue.cell"	"myofibroblast.cell"	0.0588023088023088
"451"	"ionocyte"	"myofibroblast.cell"	0.0572372041827188
"515"	"neutrophil"	"non.classical.monocyte"	0.0567545963229417
"571"	"ionocyte"	"plasmacytoid.dendritic.cell"	0.0558912386706949
"262"	"b.cell"	"dendritic.cell"	0.054093567251462
"588"	"double.positive..alpha.beta.thymocyte"	"pulmonary.ionocyte"	0.0518089725036179
"328"	"double.positive..alpha.beta.thymocyte"	"fibroblast"	0.0515783540022548
"311"	"ionocyte"	"endothelial.cell.of.lymphatic.vessel"	0.0506615037108745
"638"	"serous.cell.of.epithelium.of.trachea"	"respiratory.mucous.cell"	0.0503751339764201
"691"	"ionocyte"	"type.i.pneumocyte"	0.0496402877697842
"603"	"basal.cell"	"respiratory.goblet.cell"	0.0481144343302991
"147"	"connective.tissue.cell"	"bronchial.smooth.muscle.cell"	0.0479452054794521
"448"	"double.positive..alpha.beta.thymocyte"	"myofibroblast.cell"	0.0477975632614808
"562"	"b.cell"	"plasmacytoid.dendritic.cell"	0.0466264399341744
"683"	"basal.cell"	"type.i.pneumocyte"	0.0459849004804393
"586"	"ciliated.cell"	"pulmonary.ionocyte"	0.0445746306673459
"307"	"connective.tissue.cell"	"endothelial.cell.of.lymphatic.vessel"	0.0430728241563055
"79"	"smooth.muscle.cell"	"alveolar.fibroblast"	0.0428189116859946
"40"	"t.cell"	"cd4.positive..alpha.beta.t.cell"	0.0420353982300885
"472"	"macrophage"	"neutrophil"	0.0410225921521998
"668"	"double.positive..alpha.beta.thymocyte"	"smooth.muscle.cell"	0.0408765276021913
"491"	"ionocyte"	"nk.cell"	0.0407418668288234
"671"	"ionocyte"	"smooth.muscle.cell"	0.040084388185654
"415"	"neutrophil"	"macrophage"	0.0390097524381095
"326"	"ciliated.cell"	"fibroblast"	0.0388517693640188
"308"	"double.positive..alpha.beta.thymocyte"	"endothelial.cell.of.lymphatic.vessel"	0.0386491557223265
"28"	"double.positive..alpha.beta.thymocyte"	"cd4.positive..alpha.beta.t.cell"	0.038220193953223
"273"	"mast.cell"	"dendritic.cell"	0.0381593714927048
"694"	"mucus.secreting.cell"	"type.i.pneumocyte"	0.0379550735863672
"84"	"cd4.positive..alpha.beta.t.cell"	"b.cell"	0.0377952755905512
"258"	"serous.cell.of.epithelium.of.trachea"	"club.cell"	0.0375
"500"	"t.cell"	"nk.cell"	0.0372792674950948
"187"	"connective.tissue.cell"	"capillary.aerocyte"	0.0366646954464814
"698"	"serous.cell.of.epithelium.of.trachea"	"type.i.pneumocyte"	0.0363890832750175
"427"	"connective.tissue.cell"	"mesothelial.cell"	0.0363147276395427
"701"	"goblet.cell"	"type.ii.pneumocyte"	0.0361757105943152
"667"	"connective.tissue.cell"	"smooth.muscle.cell"	0.0358585858585859
"572"	"macrophage"	"plasmacytoid.dendritic.cell"	0.0358527131782946
"484"	"cd4.positive..alpha.beta.t.cell"	"nk.cell"	0.0352028639618138
"254"	"mucus.secreting.cell"	"club.cell"	0.0345345345345345
"207"	"connective.tissue.cell"	"capillary.endothelial.cell"	0.0334128878281623
"670"	"fibroblast"	"smooth.muscle.cell"	0.0333796940194715
"179"	"smooth.muscle.cell"	"bronchial.vessel.endothelial.cell"	0.0332278481012658
"528"	"double.positive..alpha.beta.thymocyte"	"pericyte.cell"	0.0332167832167832
"371"	"ionocyte"	"lung.ciliated.cell"	0.0330872299699207
"22"	"b.cell"	"cd4.positive..alpha.beta.t.cell"	0.0329512893982808
"473"	"mast.cell"	"neutrophil"	0.0329341317365269
"681"	"goblet.cell"	"type.i.pneumocyte"	0.0328125
"446"	"ciliated.cell"	"myofibroblast.cell"	0.0327027027027027
"531"	"ionocyte"	"pericyte.cell"	0.0322113644589215
"637"	"secretory.cell"	"respiratory.mucous.cell"	0.031986531986532
"730"	"fibroblast"	"vascular.associated.smooth.muscle.cell"	0.0319240724762727
"243"	"basal.cell"	"club.cell"	0.0319148936170213
"686"	"ciliated.cell"	"type.i.pneumocyte"	0.0316951566951567
"711"	"ionocyte"	"type.ii.pneumocyte"	0.0309544282029235
"687"	"connective.tissue.cell"	"type.i.pneumocyte"	0.0302254098360656
"714"	"mucus.secreting.cell"	"type.ii.pneumocyte"	0.0301507537688442
"88"	"double.positive..alpha.beta.thymocyte"	"b.cell"	0.0299168975069252
"482"	"b.cell"	"nk.cell"	0.0297251822770611
"618"	"serous.cell.of.epithelium.of.trachea"	"respiratory.goblet.cell"	0.0296896086369771
"566"	"ciliated.cell"	"plasmacytoid.dendritic.cell"	0.02963841138115
"663"	"basal.cell"	"smooth.muscle.cell"	0.0296247531270573
"575"	"neutrophil"	"plasmacytoid.dendritic.cell"	0.0293025175402394
"573"	"mast.cell"	"plasmacytoid.dendritic.cell"	0.0292397660818713
"565"	"cd8.positive..alpha.beta.t.cell"	"plasmacytoid.dendritic.cell"	0.0291666666666667
"241"	"goblet.cell"	"club.cell"	0.0291411042944785
"151"	"ionocyte"	"bronchial.smooth.muscle.cell"	0.028594122319301
"689"	"endothelial.cell"	"type.i.pneumocyte"	0.0284960422163588
"275"	"neutrophil"	"dendritic.cell"	0.028324154209284
"423"	"basal.cell"	"mesothelial.cell"	0.0282926829268293
"468"	"double.positive..alpha.beta.thymocyte"	"neutrophil"	0.0282574568288854
"493"	"mast.cell"	"nk.cell"	0.0282258064516129
"458"	"serous.cell.of.epithelium.of.trachea"	"myofibroblast.cell"	0.0282171868319795
"329"	"endothelial.cell"	"fibroblast"	0.0281556469471686
"163"	"basal.cell"	"bronchial.vessel.endothelial.cell"	0.0280759702725021
"191"	"ionocyte"	"capillary.aerocyte"	0.0278207109737249
"306"	"ciliated.cell"	"endothelial.cell.of.lymphatic.vessel"	0.0273102572245157
"171"	"ionocyte"	"bronchial.vessel.endothelial.cell"	0.0268482490272374
"587"	"connective.tissue.cell"	"pulmonary.ionocyte"	0.026828489300543
"697"	"secretory.cell"	"type.i.pneumocyte"	0.0267281105990783
"529"	"endothelial.cell"	"pericyte.cell"	0.0267175572519084
"533"	"mast.cell"	"pericyte.cell"	0.026554856743536
"290"	"fibroblast"	"endothelial.cell.of.artery"	0.0264705882352941
"530"	"fibroblast"	"pericyte.cell"	0.0260223048327138
"598"	"serous.cell.of.epithelium.of.trachea"	"pulmonary.ionocyte"	0.0259839510890332
"101"	"goblet.cell"	"basal.cell"	0.0258249641319943
"330"	"fibroblast"	"fibroblast"	0.025765496639283
"318"	"serous.cell.of.epithelium.of.trachea"	"endothelial.cell.of.lymphatic.vessel"	0.0253664036076663
"383"	"basal.cell"	"lung.microvascular.endothelial.cell"	0.0246913580246914
"495"	"neutrophil"	"nk.cell"	0.0245346869712352
"213"	"mast.cell"	"capillary.endothelial.cell"	0.0244698205546493
"626"	"ciliated.cell"	"respiratory.mucous.cell"	0.0243693886276186
"257"	"secretory.cell"	"club.cell"	0.0243362831858407
"450"	"fibroblast"	"myofibroblast.cell"	0.0242005185825411
"310"	"fibroblast"	"endothelial.cell.of.lymphatic.vessel"	0.0241102181400689
"578"	"serous.cell.of.epithelium.of.trachea"	"plasmacytoid.dendritic.cell"	0.0238805970149254
"150"	"fibroblast"	"bronchial.smooth.muscle.cell"	0.0238095238095238
"168"	"double.positive..alpha.beta.thymocyte"	"bronchial.vessel.endothelial.cell"	0.0237981913374584
"731"	"ionocyte"	"vascular.associated.smooth.muscle.cell"	0.0237912509593246
"313"	"mast.cell"	"endothelial.cell.of.lymphatic.vessel"	0.0234972677595628
"703"	"basal.cell"	"type.ii.pneumocyte"	0.0234454638124363
"583"	"basal.cell"	"pulmonary.ionocyte"	0.0232558139534884
"199"	"smooth.muscle.cell"	"capillary.aerocyte"	0.023130300693909
"59"	"smooth.muscle.cell"	"adventitial.cell"	0.0230292294065545
"287"	"connective.tissue.cell"	"endothelial.cell.of.artery"	0.0228426395939086
"688"	"double.positive..alpha.beta.thymocyte"	"type.i.pneumocyte"	0.0227272727272727
"654"	"mucus.secreting.cell"	"serous.cell.of.epithelium.of.bronchus"	0.0225846925972397
"459"	"smooth.muscle.cell"	"myofibroblast.cell"	0.0219959266802444
"215"	"neutrophil"	"capillary.endothelial.cell"	0.0218340611353712
"661"	"goblet.cell"	"smooth.muscle.cell"	0.0217554388597149
"523"	"basal.cell"	"pericyte.cell"	0.0217238962859145
"333"	"mast.cell"	"fibroblast"	0.0216138328530259
"421"	"goblet.cell"	"mesothelial.cell"	0.0215827338129496
"574"	"mucus.secreting.cell"	"plasmacytoid.dendritic.cell"	0.0213106020245072
"334"	"mucus.secreting.cell"	"fibroblast"	0.0212683681361176
"669"	"endothelial.cell"	"smooth.muscle.cell"	0.021047227926078
"195"	"neutrophil"	"capillary.aerocyte"	0.0209230769230769
"114"	"mucus.secreting.cell"	"basal.cell"	0.020891364902507
"502"	"b.cell"	"non.classical.monocyte"	0.0208044382801664
"454"	"mucus.secreting.cell"	"myofibroblast.cell"	0.0207394048692516
"443"	"basal.cell"	"myofibroblast.cell"	0.0204251771571488
"303"	"basal.cell"	"endothelial.cell.of.lymphatic.vessel"	0.0202739726027397
"718"	"serous.cell.of.epithelium.of.trachea"	"type.ii.pneumocyte"	0.0201698513800425
"338"	"serous.cell.of.epithelium.of.trachea"	"fibroblast"	0.0201686835350202
"666"	"ciliated.cell"	"smooth.muscle.cell"	0.0201458839874957
"486"	"ciliated.cell"	"nk.cell"	0.0200899550224888
"561"	"goblet.cell"	"plasmacytoid.dendritic.cell"	0.0198711063372718
"487"	"connective.tissue.cell"	"nk.cell"	0.0198621807863802
"526"	"ciliated.cell"	"pericyte.cell"	0.0198126801152738
"190"	"fibroblast"	"capillary.aerocyte"	0.0197424892703863
"211"	"ionocyte"	"capillary.endothelial.cell"	0.0197063369397218
"319"	"smooth.muscle.cell"	"endothelial.cell.of.lymphatic.vessel"	0.0196182396606575
"246"	"ciliated.cell"	"club.cell"	0.0195188379482524
"41"	"goblet.cell"	"adventitial.cell"	0.0194285714285714
"631"	"ionocyte"	"respiratory.mucous.cell"	0.01940109658372
"729"	"endothelial.cell"	"vascular.associated.smooth.muscle.cell"	0.0191961607678464
"268"	"double.positive..alpha.beta.thymocyte"	"dendritic.cell"	0.019036954087346
"726"	"ciliated.cell"	"vascular.associated.smooth.muscle.cell"	0.018860662047729
"293"	"mast.cell"	"endothelial.cell.of.artery"	0.0188340807174888
"431"	"ionocyte"	"mesothelial.cell"	0.0187265917602996
"339"	"smooth.muscle.cell"	"fibroblast"	0.0187080833039181
"291"	"ionocyte"	"endothelial.cell.of.artery"	0.0186008896077638
"193"	"mast.cell"	"capillary.aerocyte"	0.018341307814992
"690"	"fibroblast"	"type.i.pneumocyte"	0.0183098591549296
"747"	"connective.tissue.cell"	"vein.endothelial.cell"	0.0183066361556064
"368"	"double.positive..alpha.beta.thymocyte"	"lung.ciliated.cell"	0.0182606004333024
"146"	"ciliated.cell"	"bronchial.smooth.muscle.cell"	0.0182322631787554
"581"	"goblet.cell"	"pulmonary.ionocyte"	0.0181378476420798
"438"	"serous.cell.of.epithelium.of.trachea"	"mesothelial.cell"	0.0181268882175227
"265"	"cd8.positive..alpha.beta.t.cell"	"dendritic.cell"	0.0180645161290323
"564"	"cd4.positive..alpha.beta.t.cell"	"plasmacytoid.dendritic.cell"	0.0180281690140845
"576"	"plasma.cell"	"plasmacytoid.dendritic.cell"	0.0178890876565295
"315"	"neutrophil"	"endothelial.cell.of.lymphatic.vessel"	0.0175992779783394
"314"	"mucus.secreting.cell"	"endothelial.cell.of.lymphatic.vessel"	0.0175864160097029
"363"	"basal.cell"	"lung.ciliated.cell"	0.0174989329918907
"210"	"fibroblast"	"capillary.endothelial.cell"	0.01743679163034
"651"	"ionocyte"	"serous.cell.of.epithelium.of.bronchus"	0.0174319727891156
"122"	"b.cell"	"basophil"	0.0173564753004005
"643"	"basal.cell"	"serous.cell.of.epithelium.of.bronchus"	0.0173116089613035
"728"	"double.positive..alpha.beta.thymocyte"	"vascular.associated.smooth.muscle.cell"	0.0172655156322912
"413"	"mast.cell"	"macrophage"	0.0172413793103448
"149"	"endothelial.cell"	"bronchial.smooth.muscle.cell"	0.0169385194479297
"623"	"basal.cell"	"respiratory.mucous.cell"	0.0168986083499006
"594"	"mucus.secreting.cell"	"pulmonary.ionocyte"	0.0167865707434053
"492"	"macrophage"	"nk.cell"	0.0167322834645669
"593"	"mast.cell"	"pulmonary.ionocyte"	0.0167037861915367
"699"	"smooth.muscle.cell"	"type.i.pneumocyte"	0.0166773572803079
"374"	"mucus.secreting.cell"	"lung.ciliated.cell"	0.0166358595194085
"449"	"endothelial.cell"	"myofibroblast.cell"	0.0166312809624912
"342"	"b.cell"	"intermediate.monocyte"	0.0165816326530612
"323"	"basal.cell"	"fibroblast"	0.016552716804606
"453"	"mast.cell"	"myofibroblast.cell"	0.0165357585779248
"563"	"basal.cell"	"plasmacytoid.dendritic.cell"	0.0164489598451863
"188"	"double.positive..alpha.beta.thymocyte"	"capillary.aerocyte"	0.0163781001403837
"96"	"plasma.cell"	"b.cell"	0.0163636363636364
"78"	"serous.cell.of.epithelium.of.trachea"	"alveolar.fibroblast"	0.0162213740458015
"513"	"mast.cell"	"non.classical.monocyte"	0.0162162162162162
"567"	"connective.tissue.cell"	"plasmacytoid.dendritic.cell"	0.0160973694542599
"569"	"endothelial.cell"	"plasmacytoid.dendritic.cell"	0.0160901045856798
"178"	"serous.cell.of.epithelium.of.trachea"	"bronchial.vessel.endothelial.cell"	0.0160608622147084
"462"	"b.cell"	"neutrophil"	0.0160320641282565
"13"	"mast.cell"	"cd8.positive..alpha.beta.t.cell"	0.0159176029962547
"498"	"serous.cell.of.epithelium.of.trachea"	"nk.cell"	0.0158567774936061
"538"	"serous.cell.of.epithelium.of.trachea"	"pericyte.cell"	0.0157932519741565
"228"	"double.positive..alpha.beta.thymocyte"	"classical.monocyte"	0.0157437567861021
"251"	"ionocyte"	"club.cell"	0.0156810035842294
"378"	"serous.cell.of.epithelium.of.trachea"	"lung.ciliated.cell"	0.0156182212581345
"712"	"macrophage"	"type.ii.pneumocyte"	0.015609756097561
"208"	"double.positive..alpha.beta.thymocyte"	"capillary.endothelial.cell"	0.0155807365439093
"219"	"smooth.muscle.cell"	"capillary.endothelial.cell"	0.015552099533437
"106"	"ciliated.cell"	"basal.cell"	0.0155210643015521
"483"	"basal.cell"	"nk.cell"	0.0155155155155155
"439"	"smooth.muscle.cell"	"mesothelial.cell"	0.0154826958105647
"299"	"smooth.muscle.cell"	"endothelial.cell.of.artery"	0.0154109589041096
"295"	"neutrophil"	"endothelial.cell.of.artery"	0.0153846153846154
"111"	"ionocyte"	"basal.cell"	0.015377855887522
"710"	"fibroblast"	"type.ii.pneumocyte"	0.0153508771929825
"143"	"basal.cell"	"bronchial.smooth.muscle.cell"	0.0152801358234295
"713"	"mast.cell"	"type.ii.pneumocyte"	0.015
"148"	"double.positive..alpha.beta.thymocyte"	"bronchial.smooth.muscle.cell"	0.0149686141960406
"312"	"macrophage"	"endothelial.cell.of.lymphatic.vessel"	0.0149652592196686
"695"	"neutrophil"	"type.i.pneumocyte"	0.0148226574907358
"471"	"ionocyte"	"neutrophil"	0.0146914789422135
"387"	"connective.tissue.cell"	"lung.microvascular.endothelial.cell"	0.0146379044684129
"750"	"fibroblast"	"vein.endothelial.cell"	0.0144927536231884
"525"	"cd8.positive..alpha.beta.t.cell"	"pericyte.cell"	0.0144596651445967
"410"	"fibroblast"	"macrophage"	0.0144284128745838
"445"	"cd8.positive..alpha.beta.t.cell"	"myofibroblast.cell"	0.014410480349345
"429"	"endothelial.cell"	"mesothelial.cell"	0.01440329218107
"692"	"macrophage"	"type.i.pneumocyte"	0.0142949967511371
"532"	"macrophage"	"pericyte.cell"	0.014246947082768
"673"	"mast.cell"	"smooth.muscle.cell"	0.0141661300708307
"706"	"ciliated.cell"	"type.ii.pneumocyte"	0.0140784982935154
"738"	"serous.cell.of.epithelium.of.trachea"	"vascular.associated.smooth.muscle.cell"	0.014003294892916
"118"	"serous.cell.of.epithelium.of.trachea"	"basal.cell"	0.0139211136890951
"203"	"basal.cell"	"capillary.endothelial.cell"	0.0138436482084691
"494"	"mucus.secreting.cell"	"nk.cell"	0.0137362637362637
"646"	"ciliated.cell"	"serous.cell.of.epithelium.of.bronchus"	0.0136752136752137
"717"	"secretory.cell"	"type.ii.pneumocyte"	0.0136518771331058
"579"	"smooth.muscle.cell"	"plasmacytoid.dendritic.cell"	0.013595874355368
"135"	"neutrophil"	"basophil"	0.0135338345864662
"218"	"serous.cell.of.epithelium.of.trachea"	"capillary.endothelial.cell"	0.0134907251264755
"162"	"b.cell"	"bronchial.vessel.endothelial.cell"	0.0134874759152216
"85"	"cd8.positive..alpha.beta.t.cell"	"b.cell"	0.0134638922888617
"428"	"double.positive..alpha.beta.thymocyte"	"mesothelial.cell"	0.0134436401240951
"131"	"ionocyte"	"basophil"	0.0133735979292494
"678"	"serous.cell.of.epithelium.of.trachea"	"smooth.muscle.cell"	0.0133244503664224
"225"	"cd8.positive..alpha.beta.t.cell"	"classical.monocyte"	0.0132689987937274
"198"	"serous.cell.of.epithelium.of.trachea"	"capillary.aerocyte"	0.0132560066280033
"158"	"serous.cell.of.epithelium.of.trachea"	"bronchial.smooth.muscle.cell"	0.0131810193321617
"353"	"mast.cell"	"intermediate.monocyte"	0.0131578947368421
"535"	"neutrophil"	"pericyte.cell"	0.013136288998358
"322"	"b.cell"	"fibroblast"	0.0130869899923018
"128"	"double.positive..alpha.beta.thymocyte"	"basophil"	0.0130647795318454
"186"	"ciliated.cell"	"capillary.aerocyte"	0.0130518234165067
"345"	"cd8.positive..alpha.beta.t.cell"	"intermediate.monocyte"	0.0128805620608899
"580"	"t.cell"	"plasmacytoid.dendritic.cell"	0.0128283445326817
"348"	"double.positive..alpha.beta.thymocyte"	"intermediate.monocyte"	0.0128205128205128
"408"	"double.positive..alpha.beta.thymocyte"	"macrophage"	0.0128068303094984
"434"	"mucus.secreting.cell"	"mesothelial.cell"	0.0128055878928987
"183"	"basal.cell"	"capillary.aerocyte"	0.0128
"542"	"b.cell"	"plasma.cell"	0.0127659574468085
"648"	"double.positive..alpha.beta.thymocyte"	"serous.cell.of.epithelium.of.bronchus"	0.0127591706539075
"321"	"goblet.cell"	"fibroblast"	0.0127413127413127
"723"	"basal.cell"	"vascular.associated.smooth.muscle.cell"	0.0127186009538951
"402"	"b.cell"	"macrophage"	0.0126742712294043
"693"	"mast.cell"	"type.i.pneumocyte"	0.012532981530343
"361"	"goblet.cell"	"lung.ciliated.cell"	0.0125290023201856
"185"	"cd8.positive..alpha.beta.t.cell"	"capillary.aerocyte"	0.0124223602484472
"335"	"neutrophil"	"fibroblast"	0.0122680088078012
"124"	"cd4.positive..alpha.beta.t.cell"	"basophil"	0.0122511485451761
"301"	"goblet.cell"	"endothelial.cell.of.lymphatic.vessel"	0.0121951219512195
"664"	"cd4.positive..alpha.beta.t.cell"	"smooth.muscle.cell"	0.0119521912350598
"100"	"t.cell"	"b.cell"	0.0119047619047619
"589"	"endothelial.cell"	"pulmonary.ionocyte"	0.0118741976893453
"212"	"macrophage"	"capillary.endothelial.cell"	0.0118389897395422
"662"	"b.cell"	"smooth.muscle.cell"	0.0118081180811808
"753"	"mast.cell"	"vein.endothelial.cell"	0.0117785630153121
"656"	"plasma.cell"	"serous.cell.of.epithelium.of.bronchus"	0.0117056856187291
"707"	"connective.tissue.cell"	"type.ii.pneumocyte"	0.0115332428765265
"223"	"basal.cell"	"classical.monocyte"	0.0115303983228512
"2"	"b.cell"	"cd8.positive..alpha.beta.t.cell"	0.0114810562571757
"465"	"cd8.positive..alpha.beta.t.cell"	"neutrophil"	0.011457670273711
"51"	"ionocyte"	"adventitial.cell"	0.0113821138211382
"399"	"smooth.muscle.cell"	"lung.microvascular.endothelial.cell"	0.0113507377979569
"414"	"mucus.secreting.cell"	"macrophage"	0.0112640801001252
"403"	"basal.cell"	"macrophage"	0.0112130479102956
"247"	"connective.tissue.cell"	"club.cell"	0.0111524163568773
"411"	"ionocyte"	"macrophage"	0.0110169491525424
"437"	"secretory.cell"	"mesothelial.cell"	0.010989010989011
"304"	"cd4.positive..alpha.beta.t.cell"	"endothelial.cell.of.lymphatic.vessel"	0.0109606705351386
"288"	"double.positive..alpha.beta.thymocyte"	"endothelial.cell.of.artery"	0.0109507217521155
"33"	"mast.cell"	"cd4.positive..alpha.beta.t.cell"	0.0109289617486339
"489"	"endothelial.cell"	"nk.cell"	0.0107084019769358
"684"	"cd4.positive..alpha.beta.t.cell"	"type.i.pneumocyte"	0.0106820049301561
"474"	"mucus.secreting.cell"	"neutrophil"	0.0105680317040951
"167"	"connective.tissue.cell"	"bronchial.vessel.endothelial.cell"	0.0105017502917153
"466"	"ciliated.cell"	"neutrophil"	0.0104746317512275
"222"	"b.cell"	"classical.monocyte"	0.0104712041884817
"173"	"mast.cell"	"bronchial.vessel.endothelial.cell"	0.0104585679806919
"278"	"serous.cell.of.epithelium.of.trachea"	"dendritic.cell"	0.0104408352668213
"292"	"macrophage"	"endothelial.cell.of.artery"	0.0104347826086957
"170"	"fibroblast"	"bronchial.vessel.endothelial.cell"	0.0103896103896104
"534"	"mucus.secreting.cell"	"pericyte.cell"	0.0103092783505155
"657"	"secretory.cell"	"serous.cell.of.epithelium.of.bronchus"	0.0102915951972556
"172"	"macrophage"	"bronchial.vessel.endothelial.cell"	0.0102442868400315
"343"	"basal.cell"	"intermediate.monocyte"	0.0102040816326531
"351"	"ionocyte"	"intermediate.monocyte"	0.0101694915254237
"192"	"macrophage"	"capillary.aerocyte"	0.010077519379845
"505"	"cd8.positive..alpha.beta.t.cell"	"non.classical.monocyte"	0.0100502512562814
"153"	"mast.cell"	"bronchial.smooth.muscle.cell"	0.0100418410041841
"653"	"mast.cell"	"serous.cell.of.epithelium.of.bronchus"	0.01
"507"	"connective.tissue.cell"	"non.classical.monocyte"	0.00998573466476462
"444"	"cd4.positive..alpha.beta.t.cell"	"myofibroblast.cell"	0.00984528832630099
"74"	"mucus.secreting.cell"	"alveolar.fibroblast"	0.00983606557377049
"599"	"smooth.muscle.cell"	"pulmonary.ionocyte"	0.00977552498189718
"452"	"macrophage"	"myofibroblast.cell"	0.00975213327915482
"284"	"cd4.positive..alpha.beta.t.cell"	"endothelial.cell.of.artery"	0.00972053462940462
"377"	"secretory.cell"	"lung.ciliated.cell"	0.00971867007672634
"302"	"b.cell"	"endothelial.cell.of.lymphatic.vessel"	0.00967937084089534
"294"	"mucus.secreting.cell"	"endothelial.cell.of.artery"	0.00965665236051502
"15"	"neutrophil"	"cd8.positive..alpha.beta.t.cell"	0.00963523743977977
"58"	"serous.cell.of.epithelium.of.trachea"	"adventitial.cell"	0.00960614793467819
"455"	"neutrophil"	"myofibroblast.cell"	0.00959488272921109
"407"	"connective.tissue.cell"	"macrophage"	0.00955631399317406
"708"	"double.positive..alpha.beta.thymocyte"	"type.ii.pneumocyte"	0.00951374207188161
"719"	"smooth.muscle.cell"	"type.ii.pneumocyte"	0.00947867298578199
"715"	"neutrophil"	"type.ii.pneumocyte"	0.00939306358381503
"325"	"cd8.positive..alpha.beta.t.cell"	"fibroblast"	0.00934579439252336
"233"	"mast.cell"	"classical.monocyte"	0.0093071354705274
"286"	"ciliated.cell"	"endothelial.cell.of.artery"	0.00929292929292929
"709"	"endothelial.cell"	"type.ii.pneumocyte"	0.00918079096045198
"324"	"cd4.positive..alpha.beta.t.cell"	"fibroblast"	0.00917065390749601
"332"	"macrophage"	"fibroblast"	0.00916784203102962
"132"	"macrophage"	"basophil"	0.00915564598168871
"590"	"fibroblast"	"pulmonary.ionocyte"	0.00913937547600914
"63"	"basal.cell"	"alveolar.fibroblast"	0.00910746812386157
"73"	"mast.cell"	"alveolar.fibroblast"	0.00901713255184851
"205"	"cd8.positive..alpha.beta.t.cell"	"capillary.endothelial.cell"	0.00900900900900901
"751"	"ionocyte"	"vein.endothelial.cell"	0.009000900090009
"441"	"goblet.cell"	"myofibroblast.cell"	0.00898472596585804
"469"	"endothelial.cell"	"neutrophil"	0.0089622641509434
"144"	"cd4.positive..alpha.beta.t.cell"	"bronchial.smooth.muscle.cell"	0.00894854586129754
"696"	"plasma.cell"	"type.i.pneumocyte"	0.00892857142857143
"16"	"plasma.cell"	"cd8.positive..alpha.beta.t.cell"	0.00890207715133531
"759"	"smooth.muscle.cell"	"vein.endothelial.cell"	0.00887902330743618
"71"	"ionocyte"	"alveolar.fibroblast"	0.00887096774193548
"206"	"ciliated.cell"	"capillary.endothelial.cell"	0.00886319845857418
"72"	"macrophage"	"alveolar.fibroblast"	0.00881057268722467
"633"	"mast.cell"	"respiratory.mucous.cell"	0.00878048780487805
"758"	"serous.cell.of.epithelium.of.trachea"	"vein.endothelial.cell"	0.0087719298245614
"75"	"neutrophil"	"alveolar.fibroblast"	0.00873655913978495
"344"	"cd4.positive..alpha.beta.t.cell"	"intermediate.monocyte"	0.00869565217391304
"685"	"cd8.positive..alpha.beta.t.cell"	"type.i.pneumocyte"	0.00865176640230714
"107"	"connective.tissue.cell"	"basal.cell"	0.00862068965517241
"676"	"plasma.cell"	"smooth.muscle.cell"	0.00862068965517241
"214"	"mucus.secreting.cell"	"capillary.endothelial.cell"	0.00855513307984791
"249"	"endothelial.cell"	"club.cell"	0.00854700854700855
"164"	"cd4.positive..alpha.beta.t.cell"	"bronchial.vessel.endothelial.cell"	0.00848356309650053
"145"	"cd8.positive..alpha.beta.t.cell"	"bronchial.smooth.muscle.cell"	0.00847457627118644
"297"	"secretory.cell"	"endothelial.cell.of.artery"	0.00846262341325811
"478"	"serous.cell.of.epithelium.of.trachea"	"neutrophil"	0.00844900422450211
"110"	"fibroblast"	"basal.cell"	0.00841346153846154
"743"	"basal.cell"	"vein.endothelial.cell"	0.00832342449464923
"426"	"ciliated.cell"	"mesothelial.cell"	0.00830909846281678
"53"	"mast.cell"	"adventitial.cell"	0.00821167883211679
"11"	"ionocyte"	"cd8.positive..alpha.beta.t.cell"	0.00816993464052288
"12"	"macrophage"	"cd8.positive..alpha.beta.t.cell"	0.00816696914700544
"647"	"connective.tissue.cell"	"serous.cell.of.epithelium.of.bronchus"	0.00814111261872456
"585"	"cd8.positive..alpha.beta.t.cell"	"pulmonary.ionocyte"	0.00813323005422153
"264"	"cd4.positive..alpha.beta.t.cell"	"dendritic.cell"	0.00813008130081301
"66"	"ciliated.cell"	"alveolar.fibroblast"	0.00812677773262901
"595"	"neutrophil"	"pulmonary.ionocyte"	0.0080749354005168
"283"	"basal.cell"	"endothelial.cell.of.artery"	0.00806451612903226
"130"	"fibroblast"	"basophil"	0.00804597701149425
"230"	"fibroblast"	"classical.monocyte"	0.00795454545454545
"584"	"cd4.positive..alpha.beta.t.cell"	"pulmonary.ionocyte"	0.00786749482401656
"31"	"ionocyte"	"cd4.positive..alpha.beta.t.cell"	0.00786026200873362
"735"	"neutrophil"	"vascular.associated.smooth.muscle.cell"	0.00785973397823458
"733"	"mast.cell"	"vascular.associated.smooth.muscle.cell"	0.00784313725490196
"628"	"double.positive..alpha.beta.thymocyte"	"respiratory.mucous.cell"	0.00783699059561128
"597"	"secretory.cell"	"pulmonary.ionocyte"	0.00782608695652174
"36"	"plasma.cell"	"cd4.positive..alpha.beta.t.cell"	0.00775193798449612
"161"	"goblet.cell"	"bronchial.vessel.endothelial.cell"	0.00772946859903382
"201"	"goblet.cell"	"capillary.endothelial.cell"	0.00772946859903382
"91"	"ionocyte"	"b.cell"	0.0077286389008158
"508"	"double.positive..alpha.beta.thymocyte"	"non.classical.monocyte"	0.00768808347062054
"398"	"serous.cell.of.epithelium.of.trachea"	"lung.microvascular.endothelial.cell"	0.00768245838668374
"650"	"fibroblast"	"serous.cell.of.epithelium.of.bronchus"	0.00765864332603939
"281"	"goblet.cell"	"endothelial.cell.of.artery"	0.00764192139737991
"659"	"smooth.muscle.cell"	"serous.cell.of.epithelium.of.bronchus"	0.00760456273764259
"442"	"b.cell"	"myofibroblast.cell"	0.00759606791778374
"182"	"b.cell"	"capillary.aerocyte"	0.00751173708920188
"358"	"serous.cell.of.epithelium.of.trachea"	"intermediate.monocyte"	0.0074468085106383
"418"	"serous.cell.of.epithelium.of.trachea"	"macrophage"	0.00743099787685775
"271"	"ionocyte"	"dendritic.cell"	0.00742034046268005
"137"	"secretory.cell"	"basophil"	0.00739371534195933
"123"	"basal.cell"	"basophil"	0.00738396624472574
"175"	"neutrophil"	"bronchial.vessel.endothelial.cell"	0.00738007380073801
"43"	"basal.cell"	"adventitial.cell"	0.00736648250460405
"674"	"mucus.secreting.cell"	"smooth.muscle.cell"	0.0072992700729927
"406"	"ciliated.cell"	"macrophage"	0.00724020442930153
"404"	"cd4.positive..alpha.beta.t.cell"	"macrophage"	0.00721500721500722
"56"	"plasma.cell"	"adventitial.cell"	0.00719424460431655
"724"	"cd4.positive..alpha.beta.t.cell"	"vascular.associated.smooth.muscle.cell"	0.00719424460431655
"522"	"b.cell"	"pericyte.cell"	0.0071656050955414
"409"	"endothelial.cell"	"macrophage"	0.00710732054015636
"725"	"cd8.positive..alpha.beta.t.cell"	"vascular.associated.smooth.muscle.cell"	0.007011393514461
"68"	"double.positive..alpha.beta.thymocyte"	"alveolar.fibroblast"	0.007
"665"	"cd8.positive..alpha.beta.t.cell"	"smooth.muscle.cell"	0.00699790062981106
"155"	"neutrophil"	"bronchial.smooth.muscle.cell"	0.00697084917617237
"570"	"fibroblast"	"plasmacytoid.dendritic.cell"	0.00696864111498258
"227"	"connective.tissue.cell"	"classical.monocyte"	0.00693481276005548
"417"	"secretory.cell"	"macrophage"	0.0069204152249135
"524"	"cd4.positive..alpha.beta.t.cell"	"pericyte.cell"	0.0069204152249135
"274"	"mucus.secreting.cell"	"dendritic.cell"	0.00689655172413793
"757"	"secretory.cell"	"vein.endothelial.cell"	0.00689655172413793
"467"	"connective.tissue.cell"	"neutrophil"	0.00686184812442818
"682"	"b.cell"	"type.i.pneumocyte"	0.00680786686838124
"248"	"double.positive..alpha.beta.thymocyte"	"club.cell"	0.0067911714770798
"390"	"fibroblast"	"lung.microvascular.endothelial.cell"	0.00669344042838019
"419"	"smooth.muscle.cell"	"macrophage"	0.00669216061185468
"367"	"connective.tissue.cell"	"lung.ciliated.cell"	0.00666199158485273
"54"	"mucus.secreting.cell"	"adventitial.cell"	0.00663716814159292
"98"	"serous.cell.of.epithelium.of.trachea"	"b.cell"	0.00663716814159292
"252"	"macrophage"	"club.cell"	0.00663716814159292
"49"	"endothelial.cell"	"adventitial.cell"	0.00662690523525514
"181"	"goblet.cell"	"capillary.aerocyte"	0.00662251655629139
"350"	"fibroblast"	"intermediate.monocyte"	0.00662251655629139
"424"	"cd4.positive..alpha.beta.t.cell"	"mesothelial.cell"	0.00662251655629139
"69"	"endothelial.cell"	"alveolar.fibroblast"	0.00656598818122127
"3"	"basal.cell"	"cd8.positive..alpha.beta.t.cell"	0.00656044985941893
"592"	"macrophage"	"pulmonary.ionocyte"	0.00655260283946123
"152"	"macrophage"	"bronchial.smooth.muscle.cell"	0.00653061224489796
"460"	"t.cell"	"myofibroblast.cell"	0.00652610441767068
"298"	"serous.cell.of.epithelium.of.trachea"	"endothelial.cell.of.artery"	0.00651162790697674
"655"	"neutrophil"	"serous.cell.of.epithelium.of.bronchus"	0.00650759219088937
"503"	"basal.cell"	"non.classical.monocyte"	0.00650054171180932
"639"	"smooth.muscle.cell"	"respiratory.mucous.cell"	0.00649953574744661
"511"	"ionocyte"	"non.classical.monocyte"	0.00649913344887348
"755"	"neutrophil"	"vein.endothelial.cell"	0.0064882400648824
"606"	"ciliated.cell"	"respiratory.goblet.cell"	0.00646651270207852
"734"	"mucus.secreting.cell"	"vascular.associated.smooth.muscle.cell"	0.00646352723915051
"636"	"plasma.cell"	"respiratory.mucous.cell"	0.0064
"305"	"cd8.positive..alpha.beta.t.cell"	"endothelial.cell.of.lymphatic.vessel"	0.00637311703360371
"250"	"fibroblast"	"club.cell"	0.00632911392405063
"520"	"t.cell"	"non.classical.monocyte"	0.0062111801242236
"675"	"neutrophil"	"smooth.muscle.cell"	0.00616966580976864
"496"	"plasma.cell"	"nk.cell"	0.00615384615384615
"166"	"ciliated.cell"	"bronchial.vessel.endothelial.cell"	0.00614911606456572
"347"	"connective.tissue.cell"	"intermediate.monocyte"	0.0061307901907357
"677"	"secretory.cell"	"smooth.muscle.cell"	0.00610287707061901
"92"	"macrophage"	"b.cell"	0.00609756097560976
"436"	"plasma.cell"	"mesothelial.cell"	0.00609756097560976
"125"	"cd8.positive..alpha.beta.t.cell"	"basophil"	0.00606060606060606
"596"	"plasma.cell"	"pulmonary.ionocyte"	0.00603448275862069
"300"	"t.cell"	"endothelial.cell.of.artery"	0.00589970501474926
"197"	"secretory.cell"	"capillary.aerocyte"	0.00587544065804935
"405"	"cd8.positive..alpha.beta.t.cell"	"macrophage"	0.00580046403712297
"645"	"cd8.positive..alpha.beta.t.cell"	"serous.cell.of.epithelium.of.bronchus"	0.00575373993095512
"736"	"plasma.cell"	"vascular.associated.smooth.muscle.cell"	0.00571428571428571
"464"	"cd4.positive..alpha.beta.t.cell"	"neutrophil"	0.0056657223796034
"479"	"smooth.muscle.cell"	"neutrophil"	0.0056657223796034
"672"	"macrophage"	"smooth.muscle.cell"	0.00565326633165829
"435"	"neutrophil"	"mesothelial.cell"	0.00555941626129256
"582"	"b.cell"	"pulmonary.ionocyte"	0.00555335184450615
"231"	"ionocyte"	"classical.monocyte"	0.00554134697357204
"470"	"fibroblast"	"neutrophil"	0.00553165334972342
"48"	"double.positive..alpha.beta.thymocyte"	"adventitial.cell"	0.00553041729512318
"610"	"fibroblast"	"respiratory.goblet.cell"	0.00552486187845304
"138"	"serous.cell.of.epithelium.of.trachea"	"basophil"	0.00551267916207277
"420"	"t.cell"	"macrophage"	0.00549450549450549
"746"	"ciliated.cell"	"vein.endothelial.cell"	0.00543232231779086
"165"	"cd8.positive..alpha.beta.t.cell"	"bronchial.vessel.endothelial.cell"	0.00538599640933573
"259"	"smooth.muscle.cell"	"club.cell"	0.00538213132400431
"52"	"macrophage"	"adventitial.cell"	0.00533333333333333
"630"	"fibroblast"	"respiratory.mucous.cell"	0.00531914893617021
"204"	"cd4.positive..alpha.beta.t.cell"	"capillary.endothelial.cell"	0.00528541226215645
"83"	"basal.cell"	"b.cell"	0.00527426160337553
"269"	"endothelial.cell"	"dendritic.cell"	0.00525525525525526
"95"	"neutrophil"	"b.cell"	0.00522778192681105
"134"	"mucus.secreting.cell"	"basophil"	0.00521512385919166
"400"	"t.cell"	"lung.microvascular.endothelial.cell"	0.00519480519480519
"86"	"ciliated.cell"	"b.cell"	0.00518582541054451
"126"	"ciliated.cell"	"basophil"	0.00518134715025907
"279"	"smooth.muscle.cell"	"dendritic.cell"	0.00515463917525773
"7"	"connective.tissue.cell"	"cd8.positive..alpha.beta.t.cell"	0.0051513200257566
"346"	"ciliated.cell"	"intermediate.monocyte"	0.00510421097405359
"341"	"goblet.cell"	"intermediate.monocyte"	0.00510204081632653
"401"	"goblet.cell"	"macrophage"	0.00508905852417303
"519"	"smooth.muscle.cell"	"non.classical.monocyte"	0.0050761421319797
"373"	"mast.cell"	"lung.ciliated.cell"	0.00503566932438103
"267"	"connective.tissue.cell"	"dendritic.cell"	0.00502152080344333
"349"	"endothelial.cell"	"intermediate.monocyte"	0.00497159090909091
"391"	"ionocyte"	"lung.microvascular.endothelial.cell"	0.00497062810664257
"702"	"b.cell"	"type.ii.pneumocyte"	0.00495662949194548
"716"	"plasma.cell"	"type.ii.pneumocyte"	0.00494233937397035
"440"	"t.cell"	"mesothelial.cell"	0.00493421052631579
"6"	"ciliated.cell"	"cd8.positive..alpha.beta.t.cell"	0.00492813141683778
"602"	"b.cell"	"respiratory.goblet.cell"	0.00491803278688525
"456"	"plasma.cell"	"myofibroblast.cell"	0.00489236790606654
"46"	"ciliated.cell"	"adventitial.cell"	0.00488798370672098
"26"	"ciliated.cell"	"cd4.positive..alpha.beta.t.cell"	0.00483304042179262
"217"	"secretory.cell"	"capillary.endothelial.cell"	0.00481347773766546
"521"	"goblet.cell"	"pericyte.cell"	0.0048
"393"	"mast.cell"	"lung.microvascular.endothelial.cell"	0.004778972520908
"202"	"b.cell"	"capillary.endothelial.cell"	0.00477554918815664
"577"	"secretory.cell"	"plasmacytoid.dendritic.cell"	0.0047534165181224
"382"	"b.cell"	"lung.microvascular.endothelial.cell"	0.00473186119873817
"510"	"fibroblast"	"non.classical.monocyte"	0.00472255017709563
"433"	"mast.cell"	"mesothelial.cell"	0.00471698113207547
"422"	"b.cell"	"mesothelial.cell"	0.00466744457409568
"741"	"goblet.cell"	"vein.endothelial.cell"	0.0046656298600311
"340"	"t.cell"	"fibroblast"	0.00463939266132434
"742"	"b.cell"	"vein.endothelial.cell"	0.00460122699386503
"611"	"ionocyte"	"respiratory.goblet.cell"	0.0045662100456621
"376"	"plasma.cell"	"lung.ciliated.cell"	0.00454316002019182
"752"	"macrophage"	"vein.endothelial.cell"	0.00454029511918275
"680"	"t.cell"	"smooth.muscle.cell"	0.00448028673835125
"61"	"goblet.cell"	"alveolar.fibroblast"	0.00443458980044346
"242"	"b.cell"	"club.cell"	0.00443131462333826
"229"	"endothelial.cell"	"classical.monocyte"	0.00433526011560694
"499"	"smooth.muscle.cell"	"nk.cell"	0.00432484382508409
"541"	"goblet.cell"	"plasma.cell"	0.0043010752688172
"261"	"goblet.cell"	"dendritic.cell"	0.00423131170662906
"649"	"endothelial.cell"	"serous.cell.of.epithelium.of.bronchus"	0.00423131170662906
"256"	"plasma.cell"	"club.cell"	0.00419287211740042
"127"	"connective.tissue.cell"	"basophil"	0.00417827298050139
"93"	"mast.cell"	"b.cell"	0.00416666666666667
"102"	"b.cell"	"basal.cell"	0.00416088765603329
"317"	"secretory.cell"	"endothelial.cell.of.lymphatic.vessel"	0.004149377593361
"184"	"cd4.positive..alpha.beta.t.cell"	"capillary.aerocyte"	0.00413223140495868
"316"	"plasma.cell"	"endothelial.cell.of.lymphatic.vessel"	0.00410396716826265
"141"	"goblet.cell"	"bronchial.smooth.muscle.cell"	0.00404040404040404
"285"	"cd8.positive..alpha.beta.t.cell"	"endothelial.cell.of.artery"	0.00401606425702811
"142"	"b.cell"	"bronchial.smooth.muscle.cell"	0.004004004004004
"121"	"goblet.cell"	"basophil"	0.004
"627"	"connective.tissue.cell"	"respiratory.mucous.cell"	0.00398936170212766
"154"	"mucus.secreting.cell"	"bronchial.smooth.muscle.cell"	0.00396825396825397
"139"	"smooth.muscle.cell"	"basophil"	0.00395256916996047
"221"	"goblet.cell"	"classical.monocyte"	0.00394736842105263
"140"	"t.cell"	"basophil"	0.00392156862745098
"94"	"mucus.secreting.cell"	"b.cell"	0.00391644908616188
"557"	"secretory.cell"	"plasma.cell"	0.00387596899224806
"234"	"mucus.secreting.cell"	"classical.monocyte"	0.0038560411311054
"240"	"t.cell"	"classical.monocyte"	0.00384615384615385
"481"	"goblet.cell"	"nk.cell"	0.00384615384615385
"35"	"neutrophil"	"cd4.positive..alpha.beta.t.cell"	0.00384024577572965
"116"	"plasma.cell"	"basal.cell"	0.00383877159309021
"157"	"secretory.cell"	"bronchial.smooth.muscle.cell"	0.00383141762452107
"732"	"macrophage"	"vascular.associated.smooth.muscle.cell"	0.00382848392036753
"548"	"double.positive..alpha.beta.thymocyte"	"plasma.cell"	0.00382409177820268
"632"	"macrophage"	"respiratory.mucous.cell"	0.00378787878787879
"721"	"goblet.cell"	"vascular.associated.smooth.muscle.cell"	0.00374531835205993
"337"	"secretory.cell"	"fibroblast"	0.00374064837905237
"354"	"mucus.secreting.cell"	"intermediate.monocyte"	0.0037359900373599
"722"	"b.cell"	"vascular.associated.smooth.muscle.cell"	0.00371402042711235
"194"	"mucus.secreting.cell"	"capillary.aerocyte"	0.00371057513914657
"509"	"endothelial.cell"	"non.classical.monocyte"	0.00370644922164566
"64"	"cd4.positive..alpha.beta.t.cell"	"alveolar.fibroblast"	0.00369913686806412
"360"	"t.cell"	"intermediate.monocyte"	0.0036697247706422
"270"	"fibroblast"	"dendritic.cell"	0.00360144057623049
"136"	"plasma.cell"	"basophil"	0.0035778175313059
"266"	"ciliated.cell"	"dendritic.cell"	0.00351031154014919
"737"	"secretory.cell"	"vascular.associated.smooth.muscle.cell"	0.00348432055749129
"370"	"fibroblast"	"lung.ciliated.cell"	0.00348128807658834
"629"	"endothelial.cell"	"respiratory.mucous.cell"	0.00346500346500346
"640"	"t.cell"	"respiratory.mucous.cell"	0.00346020761245675
"38"	"serous.cell.of.epithelium.of.trachea"	"cd4.positive..alpha.beta.t.cell"	0.00345622119815668
"705"	"cd8.positive..alpha.beta.t.cell"	"type.ii.pneumocyte"	0.00342465753424658
"253"	"mast.cell"	"club.cell"	0.00340522133938706
"9"	"endothelial.cell"	"cd8.positive..alpha.beta.t.cell"	0.00334672021419009
"461"	"goblet.cell"	"neutrophil"	0.0033178500331785
"108"	"double.positive..alpha.beta.thymocyte"	"basal.cell"	0.00330214639515685
"23"	"basal.cell"	"cd4.positive..alpha.beta.t.cell"	0.00329308452250274
"263"	"basal.cell"	"dendritic.cell"	0.00329308452250274
"395"	"neutrophil"	"lung.microvascular.endothelial.cell"	0.00328137817883511
"238"	"serous.cell.of.epithelium.of.trachea"	"classical.monocyte"	0.00326441784548422
"425"	"cd8.positive..alpha.beta.t.cell"	"mesothelial.cell"	0.00323974082073434
"282"	"b.cell"	"endothelial.cell.of.artery"	0.00322927879440258
"104"	"cd4.positive..alpha.beta.t.cell"	"basal.cell"	0.00322061191626409
"381"	"goblet.cell"	"lung.microvascular.endothelial.cell"	0.00319488817891374
"386"	"ciliated.cell"	"lung.microvascular.endothelial.cell"	0.00318761384335155
"504"	"cd4.positive..alpha.beta.t.cell"	"non.classical.monocyte"	0.00315955766192733
"45"	"cd8.positive..alpha.beta.t.cell"	"adventitial.cell"	0.0031055900621118
"607"	"connective.tissue.cell"	"respiratory.goblet.cell"	0.00310318076027929
"497"	"secretory.cell"	"nk.cell"	0.00309789343246592
"477"	"secretory.cell"	"neutrophil"	0.00307692307692308
"65"	"cd8.positive..alpha.beta.t.cell"	"alveolar.fibroblast"	0.00306122448979592
"754"	"mucus.secreting.cell"	"vein.endothelial.cell"	0.00302114803625378
"226"	"ciliated.cell"	"classical.monocyte"	0.003003003003003
"540"	"t.cell"	"pericyte.cell"	0.00296442687747036
"457"	"secretory.cell"	"myofibroblast.cell"	0.00295275590551181
"57"	"secretory.cell"	"adventitial.cell"	0.00293255131964809
"239"	"smooth.muscle.cell"	"classical.monocyte"	0.00293255131964809
"129"	"endothelial.cell"	"basophil"	0.00290697674418605
"652"	"macrophage"	"serous.cell.of.epithelium.of.bronchus"	0.00290416263310745
"27"	"connective.tissue.cell"	"cd4.positive..alpha.beta.t.cell"	0.00286327845382963
"369"	"endothelial.cell"	"lung.ciliated.cell"	0.00285612281328097
"644"	"cd4.positive..alpha.beta.t.cell"	"serous.cell.of.epithelium.of.bronchus"	0.00284495021337127
"174"	"mucus.secreting.cell"	"bronchial.vessel.endothelial.cell"	0.00283553875236295
"635"	"neutrophil"	"respiratory.mucous.cell"	0.0028328611898017
"536"	"plasma.cell"	"pericyte.cell"	0.00282752120640905
"320"	"t.cell"	"endothelial.cell.of.lymphatic.vessel"	0.00282685512367491
"76"	"plasma.cell"	"alveolar.fibroblast"	0.00280898876404494
"700"	"t.cell"	"type.i.pneumocyte"	0.00278293135435993
"745"	"cd8.positive..alpha.beta.t.cell"	"vein.endothelial.cell"	0.00277392510402219
"432"	"macrophage"	"mesothelial.cell"	0.00275735294117647
"624"	"cd4.positive..alpha.beta.t.cell"	"respiratory.mucous.cell"	0.00275103163686382
"34"	"mucus.secreting.cell"	"cd4.positive..alpha.beta.t.cell"	0.00274725274725275
"55"	"neutrophil"	"adventitial.cell"	0.00269723533378287
"544"	"cd4.positive..alpha.beta.t.cell"	"plasma.cell"	0.00267379679144385
"81"	"goblet.cell"	"b.cell"	0.00267022696929239
"600"	"t.cell"	"pulmonary.ionocyte"	0.00263273365511189
"105"	"cd8.positive..alpha.beta.t.cell"	"basal.cell"	0.00253164556962025
"375"	"neutrophil"	"lung.ciliated.cell"	0.00252707581227437
"156"	"plasma.cell"	"bronchial.smooth.muscle.cell"	0.0025
"180"	"t.cell"	"bronchial.vessel.endothelial.cell"	0.0025
"220"	"t.cell"	"capillary.endothelial.cell"	0.0025
"642"	"b.cell"	"serous.cell.of.epithelium.of.bronchus"	0.00248756218905473
"200"	"t.cell"	"capillary.aerocyte"	0.00243605359317905
"616"	"plasma.cell"	"respiratory.goblet.cell"	0.0024330900243309
"740"	"t.cell"	"vascular.associated.smooth.muscle.cell"	0.00241254523522316
"176"	"plasma.cell"	"bronchial.vessel.endothelial.cell"	0.00235571260306243
"463"	"basal.cell"	"neutrophil"	0.00233918128654971
"260"	"t.cell"	"club.cell"	0.00233100233100233
"392"	"macrophage"	"lung.microvascular.endothelial.cell"	0.0023121387283237
"196"	"plasma.cell"	"capillary.aerocyte"	0.00229885057471264
"362"	"b.cell"	"lung.ciliated.cell"	0.00228728270814273
"748"	"double.positive..alpha.beta.thymocyte"	"vein.endothelial.cell"	0.00228571428571429
"476"	"plasma.cell"	"neutrophil"	0.00227790432801822
"518"	"serous.cell.of.epithelium.of.trachea"	"non.classical.monocyte"	0.00226244343891403
"29"	"endothelial.cell"	"cd4.positive..alpha.beta.t.cell"	0.00224550898203593
"109"	"endothelial.cell"	"basal.cell"	0.00224047796863331
"42"	"b.cell"	"adventitial.cell"	0.00222469410456062
"756"	"plasma.cell"	"vein.endothelial.cell"	0.0022075055187638
"89"	"endothelial.cell"	"b.cell"	0.00218181818181818
"113"	"mast.cell"	"basal.cell"	0.00215982721382289
"280"	"t.cell"	"dendritic.cell"	0.00212765957446809
"120"	"t.cell"	"basal.cell"	0.00211416490486258
"32"	"macrophage"	"cd4.positive..alpha.beta.t.cell"	0.00210748155953635
"87"	"connective.tissue.cell"	"b.cell"	0.00208768267223382
"554"	"mucus.secreting.cell"	"plasma.cell"	0.00206611570247934
"336"	"plasma.cell"	"fibroblast"	0.00206100577081616
"490"	"fibroblast"	"nk.cell"	0.00205444273240883
"37"	"secretory.cell"	"cd4.positive..alpha.beta.t.cell"	0.00198807157057654
"18"	"serous.cell.of.epithelium.of.trachea"	"cd8.positive..alpha.beta.t.cell"	0.00194363459669582
"276"	"plasma.cell"	"dendritic.cell"	0.00192678227360308
"359"	"smooth.muscle.cell"	"intermediate.monocyte"	0.00190657769304099
"555"	"neutrophil"	"plasma.cell"	0.00188679245283019
"516"	"plasma.cell"	"non.classical.monocyte"	0.00187265917602996
"384"	"cd4.positive..alpha.beta.t.cell"	"lung.microvascular.endothelial.cell"	0.00186915887850467
"97"	"secretory.cell"	"b.cell"	0.0018450184501845
"545"	"cd8.positive..alpha.beta.t.cell"	"plasma.cell"	0.00184162062615101
"744"	"cd4.positive..alpha.beta.t.cell"	"vein.endothelial.cell"	0.00180831826401447
"237"	"secretory.cell"	"classical.monocyte"	0.00180505415162455
"720"	"t.cell"	"type.ii.pneumocyte"	0.00178571428571429
"236"	"plasma.cell"	"classical.monocyte"	0.00175438596491228
"506"	"ciliated.cell"	"non.classical.monocyte"	0.00174064403829417
"388"	"double.positive..alpha.beta.thymocyte"	"lung.microvascular.endothelial.cell"	0.00173110213502597
"357"	"secretory.cell"	"intermediate.monocyte"	0.00172711571675302
"356"	"plasma.cell"	"intermediate.monocyte"	0.00168067226890756
"416"	"plasma.cell"	"macrophage"	0.0016750418760469
"379"	"smooth.muscle.cell"	"lung.ciliated.cell"	0.00163867267513314
"609"	"endothelial.cell"	"respiratory.goblet.cell"	0.0016273393002441
"255"	"neutrophil"	"club.cell"	0.00158227848101266
"480"	"t.cell"	"neutrophil"	0.00157604412923562
"394"	"mucus.secreting.cell"	"lung.microvascular.endothelial.cell"	0.00155038759689922
"115"	"neutrophil"	"basal.cell"	0.00152905198776758
"543"	"basal.cell"	"plasma.cell"	0.00149700598802395
"224"	"cd4.positive..alpha.beta.t.cell"	"classical.monocyte"	0.00149253731343284
"553"	"mast.cell"	"plasma.cell"	0.00147275405007364
"605"	"cd8.positive..alpha.beta.t.cell"	"respiratory.goblet.cell"	0.00147058823529412
"364"	"cd4.positive..alpha.beta.t.cell"	"lung.ciliated.cell"	0.00143747005270724
"77"	"secretory.cell"	"alveolar.fibroblast"	0.00143472022955524
"385"	"cd8.positive..alpha.beta.t.cell"	"lung.microvascular.endothelial.cell"	0.00142045454545455
"704"	"cd4.positive..alpha.beta.t.cell"	"type.ii.pneumocyte"	0.00141043723554302
"296"	"plasma.cell"	"endothelial.cell.of.artery"	0.00136986301369863
"514"	"mucus.secreting.cell"	"non.classical.monocyte"	0.00134408602150538
"160"	"t.cell"	"bronchial.smooth.muscle.cell"	0.00132978723404255
"365"	"cd8.positive..alpha.beta.t.cell"	"lung.ciliated.cell"	0.00132978723404255
"177"	"secretory.cell"	"bronchial.vessel.endothelial.cell"	0.00119904076738609
"612"	"macrophage"	"respiratory.goblet.cell"	0.00118764845605701
"619"	"smooth.muscle.cell"	"respiratory.goblet.cell"	0.00115473441108545
"1"	"goblet.cell"	"cd8.positive..alpha.beta.t.cell"	0.00114810562571757
"14"	"mucus.secreting.cell"	"cd8.positive..alpha.beta.t.cell"	0.00112485939257593
"625"	"cd8.positive..alpha.beta.t.cell"	"respiratory.mucous.cell"	0.00111482720178372
"62"	"b.cell"	"alveolar.fibroblast"	0.00109409190371991
"380"	"t.cell"	"lung.ciliated.cell"	0.00103145951521403
"39"	"smooth.muscle.cell"	"cd4.positive..alpha.beta.t.cell"	0.00102669404517454
"119"	"smooth.muscle.cell"	"basal.cell"	0.00102354145342886
"10"	"fibroblast"	"cd8.positive..alpha.beta.t.cell"	0.00100502512562814
"99"	"smooth.muscle.cell"	"b.cell"	0.000987166831194472
"537"	"secretory.cell"	"pericyte.cell"	0.000955109837631328
"615"	"neutrophil"	"respiratory.goblet.cell"	0.000834724540901503
"551"	"ionocyte"	"plasma.cell"	0.000484966052376334
"372"	"macrophage"	"lung.ciliated.cell"	0.000413223140495868
"17"	"secretory.cell"	"cd8.positive..alpha.beta.t.cell"	0
"19"	"smooth.muscle.cell"	"cd8.positive..alpha.beta.t.cell"	0
"21"	"goblet.cell"	"cd4.positive..alpha.beta.t.cell"	0
"30"	"fibroblast"	"cd4.positive..alpha.beta.t.cell"	0
"44"	"cd4.positive..alpha.beta.t.cell"	"adventitial.cell"	0
"60"	"t.cell"	"adventitial.cell"	0
"80"	"t.cell"	"alveolar.fibroblast"	0
"90"	"fibroblast"	"b.cell"	0
"112"	"macrophage"	"basal.cell"	0
"216"	"plasma.cell"	"capillary.endothelial.cell"	0
"244"	"cd4.positive..alpha.beta.t.cell"	"club.cell"	0
"245"	"cd8.positive..alpha.beta.t.cell"	"club.cell"	0
"277"	"secretory.cell"	"dendritic.cell"	0
"396"	"plasma.cell"	"lung.microvascular.endothelial.cell"	0
"397"	"secretory.cell"	"lung.microvascular.endothelial.cell"	0
"501"	"goblet.cell"	"non.classical.monocyte"	0
"517"	"secretory.cell"	"non.classical.monocyte"	0
"546"	"ciliated.cell"	"plasma.cell"	0
"547"	"connective.tissue.cell"	"plasma.cell"	0
"549"	"endothelial.cell"	"plasma.cell"	0
"550"	"fibroblast"	"plasma.cell"	0
"552"	"macrophage"	"plasma.cell"	0
"558"	"serous.cell.of.epithelium.of.trachea"	"plasma.cell"	0
"559"	"smooth.muscle.cell"	"plasma.cell"	0
"560"	"t.cell"	"plasma.cell"	0
"604"	"cd4.positive..alpha.beta.t.cell"	"respiratory.goblet.cell"	0
"608"	"double.positive..alpha.beta.thymocyte"	"respiratory.goblet.cell"	0
"613"	"mast.cell"	"respiratory.goblet.cell"	0
"620"	"t.cell"	"respiratory.goblet.cell"	0
"622"	"b.cell"	"respiratory.mucous.cell"	0
"660"	"t.cell"	"serous.cell.of.epithelium.of.bronchus"	0
"760"	"t.cell"	"vein.endothelial.cell"	0
